Executable      : siesta
Version         : #SIESTA_VERSION#
Architecture    : #CMAKE_SYSTEM_PROCESSOR#
Compiler version: #CMAKE_Fortran_COMPILER_ID#-#CMAKE_Fortran_COMPILER_VERSION#
Compiler flags  : #Fortran_FLAGS_CURRENT_multiline#
Parallelisations: none
NetCDF support
NetCDF-4 support
Lua support
DFT-D3 support

Runtime information:
* Directory : /Users/riccardo/Documenti/TuDelft/phd/Analysis_Code/DFT/Short-2OS/fast_relaxation/runs/run003
* Running in serial mode.
>> Start of run:  10-APR-2025  12:14:17

                           *********************** 
                           *  WELCOME TO SIESTA  * 
                           *********************** 

 NOTE: Siesta V5 introduces some new defaults for basis-set generation
 NOTE: which might lead to slightly different numerical results.
 NOTE: Please see the manual for full details and compatibility measures.


reinit: Reading from standard input
reinit: Dumping input in INPUT_TMP.35041
************************** Dump of input data file ****************************
#DON'T FORGET TO PUT THE .PSF FILE TO THE SAME DIRECTORY
SystemName          Short 2OS                     # Name of the system we want to investigate
SystemLabel         short-2OS                       # name of output files
NumberOfAtoms       85                                # how many number in the unit cell? Dimer -> 2 atoms
NumberOfSpecies     2                                # how many different type of atoms? Dimer -> 1
%block ChemicalSpeciesLabel
 1  6  C        # Species index, atomic number, species label
 2  1  H        # Species index, atomic number, species label
%endblock ChemicalSpeciesLabel
# ----------------
# BASIS DEFINITION
# ----------------
#PAO.EnergyShift   20 meV
#PAO.Splitnorm     0.15
#PAO.SplitnormH    0.5
#PAO.BasisSize    SZ
# ----------------------
# STRUCTURAL INFORMATION
# ----------------------
LatticeConstant     1.0 Ang
%block LatticeVectors
   30.000000    0.000000    0.000000
    0.000000   20.000000    0.000000
    0.000000    0.000000   20.000000
%endblock LatticeVectors
AtomicCoordinatesFormat Ang
%block AtomicCoordinatesAndAtomicSpecies
     -2.72805       -1.54854        0.61725    1
     -2.67352       -2.84852        0.06387    1
     -1.56978       -3.28137       -0.65449    1
     -0.50590       -2.42514       -0.87569    1
     -0.49565       -1.10607       -0.39456    1
     -1.61531       -0.68811        0.38983    1
      0.75532       -2.87709       -1.29872    1
      1.67741       -2.28864       -1.66746    1
      1.68519       -0.88496       -1.52760    1
      0.62279       -0.27257       -0.78345    1
      2.69081       -2.96683       -2.34048    1
      3.74021       -2.25089       -2.91102    1
      3.76239       -0.85747       -2.81894    1
      2.74288       -0.17494       -2.14176    1
     -1.57651        4.20125       -0.87046    1
     -2.67016        3.66773       -1.69872    1
     -2.63184        2.39052       -2.07680    1
      0.62695        1.21801       -0.46136    1
     -0.49368        2.03153       -0.86519    1
     -0.54492        3.40834       -0.49922    1
     -1.50452        1.53978       -1.64095    1
      2.97295        1.22450        0.51611    1
      0.49374        3.97785        0.22444    1
      4.07895        1.94590        1.02709    1
      1.63111        3.24636        0.53811    1
      1.73761        1.86976        0.20333    1
      2.68290        3.91698        1.16756    1
      3.88907        3.28110        1.39111    1
      5.46039        1.36106        1.08529    1
      5.88691       -0.05915        1.15465    1
      7.26199       -0.12502        0.96661    1
      7.77994        1.21229        0.75276    1
      6.72575        2.11365        0.80337    1
      5.15642       -1.23420        1.37845    1
      5.83876       -2.46389        1.38274    1
      7.22957       -2.51403        1.17402    1
      7.95450       -1.33466        0.96639    1
      6.97285        3.47328        0.52847    1
      8.28632        3.89351        0.25854    1
      9.34104        2.96864        0.24374    1
      9.09114        1.61237        0.48391    1
     -3.95180       -1.08332        1.44232    1
     -4.72883        0.05512        0.79581    1
     -5.06846       -2.12012        1.54443    1
     -6.23685       -1.67252        0.95525    1
     -6.03120       -0.32256        0.50040    1
     -5.02951       -3.39154        2.13421    1
     -6.17863       -4.20119        2.08460    1
     -7.35255       -3.73721        1.46325    1
     -7.39128       -2.45558        0.89735    1
     -6.94614        0.54837       -0.09352    1
     -4.31618        1.36643        0.53012    1
     -6.53182        1.85494       -0.37473    1
     -5.22779        2.26439       -0.05266    1
     -8.23298       -4.36598        1.42880    2
     -8.29665       -2.08771        0.43255    2
     -4.12641       -3.75220        2.60776    2
     -6.16134       -5.18938        2.52434    2
     -7.95845        0.23616       -0.31461    2
     -7.22344        2.55631       -0.82363    2
     -4.93130        3.28367       -0.25192    2
     -3.32390        1.70666        0.78059    2
      4.09321       -1.22460        1.55405    2
      5.29194       -3.38227        1.54838    2
      7.74460       -3.46577        1.17482    2
      9.02459       -1.36805        0.80350    2
      6.20242        4.22081        0.49280    2
      8.48272        4.93678        0.04971    2
     10.34645        3.30438        0.02539    2
      9.90122        0.89498        0.44274    2
     -3.47169       -3.56218        0.17289    2
     -1.63346        0.30362        0.80771    2
     -1.54276       -4.28416       -1.05981    2
      0.87456       -4.61280       -0.43252    2
      2.79616        0.90309       -2.10270    2
      4.57378       -0.30410       -3.27225    2
      2.65905       -4.04629       -2.41083    2
      4.53130       -2.77661       -3.42947    2
      3.12147        0.19795        0.26849    2
      2.59523        4.96301        1.43982    2
      4.67538        3.85672        1.84736    2
      0.44917        5.03081        0.48995    2
     -1.52717        0.52409       -2.00713    2
     -1.61022        5.25259       -0.59427    2
     -3.48832        4.30782       -2.00948    2
%endblock AtomicCoordinatesAndAtomicSpecies
# --
# XC
# --
xc.functional	        GGA	
xc.authors		PBE	
# ----
# GRID
# ----
MeshCutoff 		100. Ry
# ---------------
# Solution Method
# ---------------
SolutionMethod		diagon
ElectronicTemperature	300 K	
# ---
# SCF
# ---
SCF.DM.Tolerance         5.E-6
SCF.H.Tolerance          5.E-5 eV
SCF.Mix                  Hamiltonian
# SCF.Mix.Spin             all
SCF.Mixer.Method         Pulay
SCF.Mixer.Weight         0.15
SCF.Mixer.Kick           10
SCF.Mixer.History        20
MaxSCFIterations	     200
DM.UseSaveDM	     	 T
SaveHS                   T
# --
# MD
# --
MD.TypeOfRun   	        CG
MD.Steps                100
MD.MaxCGDispl           0.02 Ang #0.02 Ang
MD.UseSaveXV            T
MD.MaxForceTol          0.0001 eV/Ang
MD.MaxStressTol         0.0001 GPa
MD.TargetPressure       0.0001 GPa
# --------------
# OUTPUT OPTIONS
# --------------
WriteEigenvalues       F
WriteForces            T
WriteCoorStep          T
WriteCoorXmol          T     # generate the .xyz file 
WriteMDXmol            T     # generate the .ani file 
WriteMullikenPop       1
Write.HirshfeldPop     T
Write.VoronoiPop       T
Write.DM.NetCDF        T
Write.DMHS.NetCDF      T
************************** End of input data file *****************************

reinit: -----------------------------------------------------------------------
reinit: System Name: Short 2OS
reinit: -----------------------------------------------------------------------
reinit: System Label: short-2OS
reinit: -----------------------------------------------------------------------

initatom: Reading input for the pseudopotentials and atomic orbitals ----------
Species number:   1 Atomic number:    6 Label: C
Species number:   2 Atomic number:    1 Label: H

Ground state valence configuration (from tables):   2s02  2p02  3d00  4f00
Ground state valence configuration (from tables):   1s01  2p00  3d00  4f00

---- Processing specs for species: C
Reading pseudopotential information in formatted form from:
  C.psf

---- Processing specs for species: H
Reading pseudopotential information in formatted form from:
  H.psf

---- Pseudopotential check for  C

Pseudized shells:
2s( 2.00) rc: 1.56
2p( 2.00) rc: 1.56
3d( 0.00) rc: 1.56
4f( 0.00) rc: 1.56
Valence configuration for ps generation: (assumed as above)

---- Pseudopotential check for  H

Pseudized shells:
1s( 1.00) rc: 1.33
2p( 0.00) rc: 1.33
3d( 0.00) rc: 0.37
4f( 0.00) rc: 1.33
Valence configuration for ps generation: (assumed as above)
For C, standard SIESTA heuristics set lmxkb to 3
 (one more than the basis l, including polarization orbitals).
Use PS.lmax or PS.KBprojectors blocks to override.
For H, standard SIESTA heuristics set lmxkb to 2
 (one more than the basis l, including polarization orbitals).
Use PS.lmax or PS.KBprojectors blocks to override.

<basis_specs>
===============================================================================
C                    Z=   6    Mass=  12.011        Charge= 0.17977+309
Lmxo=2 Lmxkb= 3    BasisType=split      Semic=F
L=0  Nsemic=0  Cnfigmx=2
          i=1  nzeta=2  polorb=0  (2s)
            splnorm:   0.15000    
               vcte:    40.000    
               rinn:  -0.90000    
               qcoe:    0.0000    
               qyuk:    0.0000    
               qwid:   0.10000E-01
                rcs:    0.0000      0.0000    
            lambdas:    1.0000      1.0000    
L=1  Nsemic=0  Cnfigmx=2
          i=1  nzeta=2  polorb=1  (2p)  (to be polarized perturbatively)
            splnorm:   0.15000    
               vcte:    40.000    
               rinn:  -0.90000    
               qcoe:    0.0000    
               qyuk:    0.0000    
               qwid:   0.10000E-01
                rcs:    0.0000      0.0000    
            lambdas:    1.0000      1.0000    
L=2  Nsemic=0  Cnfigmx=3
          i=1  nzeta=0  polorb=0  (3d)  (perturbative polarization orbital) (from 2p)
-------------------------------------------------------------------------------
L=0  Nkbl=1  erefs: 0.17977+309
L=1  Nkbl=1  erefs: 0.17977+309
L=2  Nkbl=1  erefs: 0.17977+309
L=3  Nkbl=1  erefs: 0.17977+309
===============================================================================
</basis_specs>

Using PAO.SplitTailNorm
atom: Called for C                     (Z =   6)
Maximum radius (at nrval) set to   50.00000 8518

read_vps: Pseudopotential generation method:
read_vps: ATM 3.2.2 Troullier-Martins                       
Valence charge in pseudo generation:    4.00000

xc_check: Exchange-correlation functional:
xc_check: GGA Perdew, Burke & Ernzerhof 1996
V l=0 = -2*Zval/r beyond r=  1.5347
V l=1 = -2*Zval/r beyond r=  1.5332
V l=2 = -2*Zval/r beyond r=  1.5347
V l=3 = -2*Zval/r beyond r=  1.5347
All V_l potentials equal beyond r=  1.4890
This should be close to max(r_c) in ps generation
All pots = -2*Zval/r beyond r=  1.5347
Using small-core scheme (local charge) for Vlocal

VLOCAL_FROM_CHLOCAL: 99.0% of the norm of Vloc inside     19.577 Ry
VLOCAL_FROM_CHLOCAL: 99.9% of the norm of Vloc inside     44.617 Ry
atom: Maximum radius for chlocal:    1.77931
atom: Maximum radius for r*vlocal+2*Zval:    1.63022

KBgen: Kleinman-Bylander projectors: 
GHOST: No ghost state for L =  0
   l= 0   rc=  1.646704   el= -1.010689   Ekb=  5.277734   kbcos=  0.315993
GHOST: No ghost state for L =  1
   l= 1   rc=  1.648361   el= -0.388490   Ekb= -4.115733   kbcos= -0.351483
GHOST: No ghost state for L =  2
   l= 2   rc=  1.735131   el=  0.012917   Ekb= -1.012311   kbcos= -0.009283
GHOST: No ghost state for L =  3
   l= 3   rc=  1.777521   el=  0.019225   Ekb= -0.424772   kbcos= -0.001204

KBgen: Total number of Kleinman-Bylander projectors:  16
atom: -------------------------------------------------------------------------

atom: SANKEY-TYPE ORBITALS:
atom: Selected multiple-zeta basis: split     

SPLIT: Orbitals with angular momentum L= 0

SPLIT: Basis orbitals for state 2s

SPLIT: PAO cut-off radius determined from an
SPLIT: energy shift=  0.010000 Ry
Split based on tail norm

   izeta = 1
                 lambda =    1.000000
                     rc =    4.484389
                 energy =   -0.999400
                kinetic =    0.879719
    potential(screened) =   -1.879119
       potential(ionic) =   -5.474723

   izeta = 2
                 rmatch =    3.048210
              splitnorm =    0.150000
                 energy =   -0.737057
                kinetic =    1.553917
    potential(screened) =   -2.290974
       potential(ionic) =   -6.191799

SPLIT: Orbitals with angular momentum L= 1

SPLIT: Basis orbitals for state 2p

SPLIT: PAO cut-off radius determined from an
SPLIT: energy shift=  0.010000 Ry
Split based on tail norm

   izeta = 1
                 lambda =    1.000000
                     rc =    5.435719
                 energy =   -0.377283
                kinetic =    2.459011
    potential(screened) =   -2.836294
       potential(ionic) =   -6.303833

   izeta = 2
                 rmatch =    3.691839
              splitnorm =    0.150000
                 energy =   -0.247686
                kinetic =    3.567780
    potential(screened) =   -3.815466
       potential(ionic) =   -7.634895

POLgen: Perturbative polarization orbital with L=  2

POLgen: Polarization orbital for state 2p
Split based on tail norm

   izeta = 1
                     rc =    5.435719
                 energy =    1.173953
                kinetic =    2.358612
    potential(screened) =   -1.184659
       potential(ionic) =   -4.054396
atom: Total number of Sankey-type orbitals: 13

atm_pop: Valence configuration (for local Pseudopot. screening):
 2s( 2.00)                                                            
 2p( 2.00)                                                            
 3d( 0.00)                                                            
Vna: chval, zval:    4.00000   4.00000

Vna:  Cut-off radius for the neutral-atom potential:   5.435719

atom: _________________________________________________________________________

<basis_specs>
===============================================================================
H                    Z=   1    Mass=  1.0080        Charge= 0.17977+309
Lmxo=1 Lmxkb= 2    BasisType=split      Semic=F
L=0  Nsemic=0  Cnfigmx=1
          i=1  nzeta=2  polorb=1  (1s)  (to be polarized perturbatively)
            splnorm:   0.15000    
               vcte:    40.000    
               rinn:  -0.90000    
               qcoe:    0.0000    
               qyuk:    0.0000    
               qwid:   0.10000E-01
                rcs:    0.0000      0.0000    
            lambdas:    1.0000      1.0000    
L=1  Nsemic=0  Cnfigmx=2
          i=1  nzeta=0  polorb=0  (2p)  (perturbative polarization orbital) (from 1s)
-------------------------------------------------------------------------------
L=0  Nkbl=1  erefs: 0.17977+309
L=1  Nkbl=1  erefs: 0.17977+309
L=2  Nkbl=1  erefs: 0.17977+309
===============================================================================
</basis_specs>

Using PAO.SplitTailNorm
atom: Called for H                     (Z =   1)
Maximum radius (at nrval) set to   50.00000 8518

read_vps: Pseudopotential generation method:
read_vps: ATM 3.2.2 Troullier-Martins                       
Valence charge in pseudo generation:    1.00000

xc_check: Exchange-correlation functional:
xc_check: GGA Perdew, Burke & Ernzerhof 1996
V l=0 = -2*Zval/r beyond r=  1.2674
V l=1 = -2*Zval/r beyond r=  1.2598
V l=2 = -2*Zval/r beyond r=  0.3683
All V_l potentials equal beyond r=  1.2661
This should be close to max(r_c) in ps generation
All pots = -2*Zval/r beyond r=  1.2674
Using small-core scheme (local charge) for Vlocal

VLOCAL_FROM_CHLOCAL: 99.0% of the norm of Vloc inside     27.078 Ry
VLOCAL_FROM_CHLOCAL: 99.9% of the norm of Vloc inside     61.711 Ry
atom: Maximum radius for chlocal:    1.47859
atom: Maximum radius for r*vlocal+2*Zval:    1.34098

KBgen: Kleinman-Bylander projectors: 
GHOST: No ghost state for L =  0
   l= 0   rc=  1.391902   el= -0.477209   Ekb= -2.002600   kbcos= -0.352265
GHOST: No ghost state for L =  1
   l= 1   rc=  1.463779   el=  0.007219   Ekb= -0.423828   kbcos= -0.025315
GHOST: No ghost state for L =  2
   l= 2   rc=  1.487549   el=  0.012943   Ekb= -0.481990   kbcos= -0.001673

KBgen: Total number of Kleinman-Bylander projectors:   9
atom: -------------------------------------------------------------------------

atom: SANKEY-TYPE ORBITALS:
atom: Selected multiple-zeta basis: split     

SPLIT: Orbitals with angular momentum L= 0

SPLIT: Basis orbitals for state 1s

SPLIT: PAO cut-off radius determined from an
SPLIT: energy shift=  0.010000 Ry
Split based on tail norm

   izeta = 1
                 lambda =    1.000000
                     rc =    5.232664
                 energy =   -0.466083
                kinetic =    0.942498
    potential(screened) =   -1.408580
       potential(ionic) =   -1.934001

   izeta = 2
                 rmatch =    3.528949
              splitnorm =    0.150000
                 energy =   -0.298223
                kinetic =    1.709258
    potential(screened) =   -2.007481
       potential(ionic) =   -2.559898

POLgen: Perturbative polarization orbital with L=  1

POLgen: Polarization orbital for state 1s
Split based on tail norm

   izeta = 1
                     rc =    5.232664
                 energy =    0.680988
                kinetic =    1.331141
    potential(screened) =   -0.650153
       potential(ionic) =   -1.138087
atom: Total number of Sankey-type orbitals:  5

atm_pop: Valence configuration (for local Pseudopot. screening):
 1s( 1.00)                                                            
 2p( 0.00)                                                            
Vna: chval, zval:    1.00000   1.00000

Vna:  Cut-off radius for the neutral-atom potential:   5.232664

atom: _________________________________________________________________________

prinput: Basis input 

PAO.BasisType split     

%block ChemicalSpeciesLabel
    1    6 C                       # Species index, atomic number, species label
    2    1 H                       # Species index, atomic number, species label
%endblock ChemicalSpeciesLabel

%block PAO.Basis                 # Define Basis set
# WARNING: This information might be incomplete!
C                     2                    # Species label, number of l-shells
 n=2   0   2                         # n, l, Nzeta 
   4.484      3.048   
   1.000      1.000   
 n=2   1   2 P   1                   # n, l, Nzeta, Polarization, NzetaPol
   5.436      3.692   
   1.000      1.000   
H                     1                    # Species label, number of l-shells
 n=1   0   2 P   1                   # n, l, Nzeta, Polarization, NzetaPol
   5.233      3.529   
   1.000      1.000   
%endblock PAO.Basis

prinput: ----------------------------------------------------------------------

Dumping basis to NetCDF file C.ion.nc
Dumping basis to NetCDF file H.ion.nc
coor:   Atomic-coordinates input format  =     Cartesian coordinates
coor:                                          (in Angstroms)

siesta: WARNING: XV file not found

siesta: Atomic coordinates (Bohr) and species
siesta:     -5.15527  -2.92632   1.16643  1        1
siesta:     -5.05222  -5.38292   0.12070  1        2
siesta:     -2.96645  -6.20089  -1.23681  1        3
siesta:     -0.95601  -4.58285  -1.65481  1        4
siesta:     -0.93664  -2.09017  -0.74561  1        5
siesta:     -3.05249  -1.30034   0.73667  1        6
siesta:      1.42735  -5.43691  -2.45423  1        7
siesta:      3.16985  -4.32490  -3.15104  1        8
siesta:      3.18455  -1.67233  -2.88675  1        9
siesta:      1.17690  -0.51508  -1.48051  1       10
siesta:      5.08489  -5.60650  -4.42287  1       11
siesta:      7.06797  -4.25357  -5.50103  1       12
siesta:      7.10989  -1.62038  -5.32702  1       13
siesta:      5.18329  -0.33059  -4.04734  1       14
siesta:     -2.97917   7.93921  -1.64493  1       15
siesta:     -5.04587   6.93101  -3.21012  1       16
siesta:     -4.97346   4.51743  -3.92458  1       17
siesta:      1.18476   2.30171  -0.87184  1       18
siesta:     -0.93292   3.83904  -1.63497  1       19
siesta:     -1.02975   6.44083  -0.94339  1       20
siesta:     -2.84313   2.90976  -3.10095  1       21
siesta:      5.61806   2.31397   0.97531  1       22
siesta:      0.93303   7.51705   0.42413  1       23
siesta:      7.70810   3.67722   1.94092  1       24
siesta:      3.08235   6.13473   1.01688  1       25
siesta:      3.28361   3.53333   0.38424  1       26
siesta:      5.06995   7.40202   2.20637  1       27
siesta:      7.34928   6.20038   2.62882  1       28
siesta:     10.31864   2.57203   2.05090  1       29
siesta:     11.12465  -0.11178   2.18197  1       30
siesta:     13.72317  -0.23625   1.82663  1       31
siesta:     14.70196   2.29090   1.42251  1       32
siesta:     12.70983   3.99422   1.51815  1       33
siesta:      9.74422  -2.33230   2.60489  1       34
siesta:     11.03366  -4.65608   2.61300  1       35
siesta:     13.66191  -4.75083   2.21858  1       36
siesta:     15.03183  -2.52214   1.82621  1       37
siesta:     13.17678   6.56355   0.99866  1       38
siesta:     15.65888   7.35767   0.48857  1       39
siesta:     17.65201   5.60992   0.46060  1       40
siesta:     17.17976   3.04694   0.91446  1       41
siesta:     -7.46782  -2.04718   2.72559  1       42
siesta:     -8.93619   0.10416   1.50386  1       43
siesta:     -9.57800  -4.00645   2.91855  1       44
siesta:    -11.78594  -3.16060   1.80516  1       45
siesta:    -11.39732  -0.60955   0.94562  1       46
siesta:     -9.50440  -6.40908   4.03307  1       47
siesta:    -11.67592  -7.93910   3.93932  1       48
siesta:    -13.89431  -7.06230   2.76514  1       49
siesta:    -13.96749  -4.64037   1.69575  1       50
siesta:    -13.12630   1.03627  -0.17673  1       51
siesta:     -8.15640   2.58218   1.00178  1       52
siesta:    -12.34335   3.50533  -0.70814  1       53
siesta:     -9.87909   4.27908  -0.09951  1       54
siesta:    -15.55808  -8.25051   2.70004  2       55
siesta:    -15.67840  -3.94520   0.81740  2       56
siesta:     -7.79778  -7.09063   4.92795  2       57
siesta:    -11.64325  -9.80651   4.77031  2       58
siesta:    -15.03929   0.44628  -0.59453  2       59
siesta:    -13.65032   4.83073  -1.55644  2       60
siesta:     -9.31881   6.20524  -0.47606  2       61
siesta:     -6.28126   3.22512   1.47510  2       62
siesta:      7.73505  -2.31416   2.93673  2       63
siesta:     10.00032  -6.39156   2.92601  2       64
siesta:     14.63517  -6.54936   2.22009  2       65
siesta:     17.05400  -2.58524   1.51839  2       66
siesta:     11.72088   7.97617   0.93126  2       67
siesta:     16.03002   9.32916   0.09394  2       68
siesta:     19.55196   6.24437   0.04798  2       69
siesta:     18.71059   1.69127   0.83666  2       70
siesta:     -6.56054  -6.73154   0.32671  2       71
siesta:     -3.08679   0.57376   1.52635  2       72
siesta:     -2.91539  -8.09589  -2.00275  2       73
siesta:      1.65268  -8.71693  -0.81734  2       74
siesta:      5.28398   1.70659  -3.97353  2       75
siesta:      8.64319  -0.57467  -6.18366  2       76
siesta:      5.02488  -7.64638  -4.55581  2       77
siesta:      8.56292  -5.24703  -6.48076  2       78
siesta:      5.89872   0.37407   0.50737  2       79
siesta:      4.90427   9.37873   2.72087  2       80
siesta:      8.83519   7.28814   3.49100  2       81
siesta:      0.84881   9.50685   0.92587  2       82
siesta:     -2.88593   0.99039  -3.79293  2       83
siesta:     -3.04287   9.92596  -1.12301  2       84
siesta:     -6.59197   8.14060  -3.79737  2       85

siesta: System type = molecule  

initatomlists: Number of atoms, orbitals, and projectors:     85   857  1143

coxmol: Writing XMOL coordinates into file short-2OS.xyz                                                                                                                                                                                                                       

siesta: ******************** Simulation parameters ****************************
siesta:
siesta: The following are some of the parameters of the simulation.
siesta: A complete list of the parameters used, including default values,
siesta: can be found in file out.fdf
siesta:
redata: Spin configuration                          = none
redata: Number of spin components                   = 1
redata: Time-Reversal Symmetry                      = T
redata: Spin spiral                                 = F
redata: Long output                                 =   F
redata: Number of Atomic Species                    =        2
redata: Charge density info will appear in .RHO file
redata: Write Mulliken charges (when)               = geometry+end
redata: Write Mulliken Pop.                         = Atomic and Orbital charges
redata: Write Hirshfeld charges (when)              = end
redata: Write Voronoi charges (when)                = end
redata: Write spin charge (when)                    = none
redata: Matel table size (NRTAB)                    =     1024
redata: Mesh Cutoff                                 =   100.0000 Ry
redata: Net charge of the system                    =     0.0000 |e|
redata: Min. number of SCF Iter                     =        0
redata: Max. number of SCF Iter                     =      200
redata: SCF convergence failure will abort job
redata: SCF mix quantity                            = Hamiltonian
redata: Mix DM or H after convergence               =   F
redata: Recompute H after scf cycle                 =   F
redata: Mix DM in first SCF step                    =   T
redata: Write Pulay info on disk                    =   F
redata: New DM Occupancy tolerance                  = 0.000000000001
redata: No kicks to SCF
redata: DM Mixing Weight for Kicks                  =     0.5000
redata: Require Harris convergence for SCF          =   F
redata: Harris energy tolerance for SCF             =     0.000100 eV
redata: Require DM convergence for SCF              =   T
redata: DM tolerance for SCF                        =     0.000005
redata: Require EDM convergence for SCF             =   F
redata: EDM tolerance for SCF                       =     0.001000 eV
redata: Require H convergence for SCF               =   T
redata: Hamiltonian tolerance for SCF               =     0.000050 eV
redata: Require (free) Energy convergence for SCF   =   F
redata: (free) Energy tolerance for SCF             =     0.000100 eV
redata: Using DFT-D3 dispersion                     =   F
redata: Using Saved Data (generic)                  =   F
redata: Use continuation files for DM               =   T
redata: Neglect nonoverlap interactions             =   F
redata: Method of Calculation                       = Diagonalization
redata: Electronic Temperature                      =   300.0000 K
redata: Fix the spin of the system                  =   F
redata: Max. number of TDED Iter                    =        1
redata: Number of TDED substeps                     =        3
redata: Dynamics option                             = CG coord. optimization
redata: Variable cell                               =   F
redata: Use continuation files for CG               =   F
redata: Max atomic displ per move                   =     0.0200 Ang
redata: Maximum number of optimization moves        =      100
redata: Force tolerance                             =     0.0001 eV/Ang
mix.SCF: Pulay mixing                            = Pulay
mix.SCF:    Variant                              = stable
mix.SCF:    History steps                        = 9
mix.SCF:    Linear mixing weight                 =     0.150000
mix.SCF:    Mixing weight                        =     0.150000
mix.SCF:    SVD condition                        = 0.1000E-07
mix.SCF:    Restart steps                        = 9
mix.SCF:    Restart save steps                   = 1
mix.SCF:    Number of mixing iterations          = 9
mix.SCF:    Following mixer                      = Linear-Kick
mix.SCF: Linear mixing                           = Linear-Kick
mix.SCF:    Mixing weight                        =     0.500000
mix.SCF:    Number of mixing iterations          = 1
mix.SCF:    Following mixer                      = Pulay
redata: Save all siesta data in one NC              =   F
redata: ***********************************************************************

%block SCF.Mixers
  Pulay
  Linear-Kick
%endblock SCF.Mixers

%block SCF.Mixer.Pulay
  # Mixing method
  method pulay
  variant stable

  # Mixing options
  weight 0.1500
  weight.linear 0.1500
  history 9
  restart 9
  restart.save 1

  # Continuation options
  iterations 9
  next Linear-Kick
%endblock SCF.Mixer.Pulay

%block SCF.Mixer.Linear-Kick
  # Mixing method
  method linear

  # Mixing options
  weight 0.5000

  # Continuation options
  iterations 1
  next Pulay
%endblock SCF.Mixer.Linear-Kick

DM_history_depth set to one: no extrapolation allowed by default for geometry relaxation
Size of DM history Fstack: 1
Total number of electrons:   247.000000
Total ionic charge:   247.000000

siesta: k-grid: Number of k-points = 1
siesta: k-point is Gamma-only

diag: Algorithm                                     = D&C
diag: Used triangular part                          = Lower
diag: Absolute tolerance                            =  0.100E-15
diag: Orthogonalization factor                      =  0.100E-05
diag: Memory factor                                 =  1.0000


ts: **************************************************************
ts: Save H and S matrices                           =    F
ts: Save DM and EDM matrices                        =    F
ts: Only save the overlap matrix S                  =    F
ts: **************************************************************

************************ Begin: TS CHECKS AND WARNINGS ************************
************************ End: TS CHECKS AND WARNINGS **************************


                     ====================================
                        Begin CG opt. move =      0
                     ====================================

outcoor: Atomic coordinates (Ang):                          
   -2.72805000   -1.54854000    0.61725000   1       1  C
   -2.67352000   -2.84852000    0.06387000   1       2  C
   -1.56978000   -3.28137000   -0.65449000   1       3  C
   -0.50590000   -2.42514000   -0.87569000   1       4  C
   -0.49565000   -1.10607000   -0.39456000   1       5  C
   -1.61531000   -0.68811000    0.38983000   1       6  C
    0.75532000   -2.87709000   -1.29872000   1       7  C
    1.67741000   -2.28864000   -1.66746000   1       8  C
    1.68519000   -0.88496000   -1.52760000   1       9  C
    0.62279000   -0.27257000   -0.78345000   1      10  C
    2.69081000   -2.96683000   -2.34048000   1      11  C
    3.74021000   -2.25089000   -2.91102000   1      12  C
    3.76239000   -0.85747000   -2.81894000   1      13  C
    2.74288000   -0.17494000   -2.14176000   1      14  C
   -1.57651000    4.20125000   -0.87046000   1      15  C
   -2.67016000    3.66773000   -1.69872000   1      16  C
   -2.63184000    2.39052000   -2.07680000   1      17  C
    0.62695000    1.21801000   -0.46136000   1      18  C
   -0.49368000    2.03153000   -0.86519000   1      19  C
   -0.54492000    3.40834000   -0.49922000   1      20  C
   -1.50452000    1.53978000   -1.64095000   1      21  C
    2.97295000    1.22450000    0.51611000   1      22  C
    0.49374000    3.97785000    0.22444000   1      23  C
    4.07895000    1.94590000    1.02709000   1      24  C
    1.63111000    3.24636000    0.53811000   1      25  C
    1.73761000    1.86976000    0.20333000   1      26  C
    2.68290000    3.91698000    1.16756000   1      27  C
    3.88907000    3.28110000    1.39111000   1      28  C
    5.46039000    1.36106000    1.08529000   1      29  C
    5.88691000   -0.05915000    1.15465000   1      30  C
    7.26199000   -0.12502000    0.96661000   1      31  C
    7.77994000    1.21229000    0.75276000   1      32  C
    6.72575000    2.11365000    0.80337000   1      33  C
    5.15642000   -1.23420000    1.37845000   1      34  C
    5.83876000   -2.46389000    1.38274000   1      35  C
    7.22957000   -2.51403000    1.17402000   1      36  C
    7.95450000   -1.33466000    0.96639000   1      37  C
    6.97285000    3.47328000    0.52847000   1      38  C
    8.28632000    3.89351000    0.25854000   1      39  C
    9.34104000    2.96864000    0.24374000   1      40  C
    9.09114000    1.61237000    0.48391000   1      41  C
   -3.95180000   -1.08332000    1.44232000   1      42  C
   -4.72883000    0.05512000    0.79581000   1      43  C
   -5.06846000   -2.12012000    1.54443000   1      44  C
   -6.23685000   -1.67252000    0.95525000   1      45  C
   -6.03120000   -0.32256000    0.50040000   1      46  C
   -5.02951000   -3.39154000    2.13421000   1      47  C
   -6.17863000   -4.20119000    2.08460000   1      48  C
   -7.35255000   -3.73721000    1.46325000   1      49  C
   -7.39128000   -2.45558000    0.89735000   1      50  C
   -6.94614000    0.54837000   -0.09352000   1      51  C
   -4.31618000    1.36643000    0.53012000   1      52  C
   -6.53182000    1.85494000   -0.37473000   1      53  C
   -5.22779000    2.26439000   -0.05266000   1      54  C
   -8.23298000   -4.36598000    1.42880000   2      55  H
   -8.29665000   -2.08771000    0.43255000   2      56  H
   -4.12641000   -3.75220000    2.60776000   2      57  H
   -6.16134000   -5.18938000    2.52434000   2      58  H
   -7.95845000    0.23616000   -0.31461000   2      59  H
   -7.22344000    2.55631000   -0.82363000   2      60  H
   -4.93130000    3.28367000   -0.25192000   2      61  H
   -3.32390000    1.70666000    0.78059000   2      62  H
    4.09321000   -1.22460000    1.55405000   2      63  H
    5.29194000   -3.38227000    1.54838000   2      64  H
    7.74460000   -3.46577000    1.17482000   2      65  H
    9.02459000   -1.36805000    0.80350000   2      66  H
    6.20242000    4.22081000    0.49280000   2      67  H
    8.48272000    4.93678000    0.04971000   2      68  H
   10.34645000    3.30438000    0.02539000   2      69  H
    9.90122000    0.89498000    0.44274000   2      70  H
   -3.47169000   -3.56218000    0.17289000   2      71  H
   -1.63346000    0.30362000    0.80771000   2      72  H
   -1.54276000   -4.28416000   -1.05981000   2      73  H
    0.87456000   -4.61280000   -0.43252000   2      74  H
    2.79616000    0.90309000   -2.10270000   2      75  H
    4.57378000   -0.30410000   -3.27225000   2      76  H
    2.65905000   -4.04629000   -2.41083000   2      77  H
    4.53130000   -2.77661000   -3.42947000   2      78  H
    3.12147000    0.19795000    0.26849000   2      79  H
    2.59523000    4.96301000    1.43982000   2      80  H
    4.67538000    3.85672000    1.84736000   2      81  H
    0.44917000    5.03081000    0.48995000   2      82  H
   -1.52717000    0.52409000   -2.00713000   2      83  H
   -1.61022000    5.25259000   -0.59427000   2      84  H
   -3.48832000    4.30782000   -2.00948000   2      85  H

outcell: Unit cell vectors (Ang):
       30.000000    0.000000    0.000000
        0.000000   20.000000    0.000000
        0.000000    0.000000   20.000000

outcell: Cell vector modules (Ang)   :   30.000000   20.000000   20.000000
outcell: Cell angles (23,13,12) (deg):     90.0000     90.0000     90.0000
outcell: Cell volume (Ang**3)        :  12000.0000
<dSpData1D:S at geom step 0
  <sparsity:sparsity for geom step 0
    nrows_g=857 nrows=857 sparsity=.3948 nnzs=289987, refcount: 7>
  <dData1D:(new from dSpData1D) n=289987, refcount: 1>
refcount: 1>
new_DM -- step:     1
Initializing Density Matrix...

Attempting to read DM from file... Failed...
DM filled with atomic data:
<dSpData2D:DM initialized from atoms
  <sparsity:sparsity for geom step 0
    nrows_g=857 nrows=857 sparsity=.3948 nnzs=289987, refcount: 8>
  <dData2D:DM n=289987 m=1, refcount: 1>
refcount: 1>
No. of atoms with KB's overlaping orbs in proc 0. Max # of overlaps:      85     200

InitMesh: MESH = 192 x 128 x 128 = 3145728
InitMesh: Mesh cutoff (required, used) =   100.000   113.204 Ry
New grid distribution [1]: sub = 2

stepf: Fermi-Dirac step function

siesta: Program's energy decomposition (eV):
siesta: Ebs     =     -2596.486198
siesta: Eions   =     14709.415815
siesta: Ena     =      3348.891367
siesta: Ekin    =      6575.726789
siesta: Enl     =      -783.346405
siesta: Eso     =         0.000000
siesta: Edftu   =         0.000000
siesta: DEna    =      -401.340765
siesta: DUscf   =        54.171001
siesta: DUext   =         0.000000
siesta: Ex      =     -2643.001656
siesta: Ec      =      -264.193732
siesta: Exc     =     -2907.195388
siesta: EbV     =         0.000000
siesta: eta*DQ  =         0.000000
siesta: Emadel  =         0.000000
siesta: Emeta   =         0.000000
siesta: Emolmec =         0.000000
siesta: Ekinion =         0.000000
siesta: Eharris =     -8815.447870
siesta: Etot    =     -8822.509214
siesta: FreeEng =     -8822.545202

        iscf     Eharris(eV)        E_KS(eV)     FreeEng(eV)     dDmax    Ef(eV) dHmax(eV)
   scf:    1    -8815.447870    -8822.509214    -8822.545202  1.939970 -6.244650 15.038399
timer: Routine,Calls,Time,% = IterSCF        1      14.863  64.21
   scf:    2    -8780.942678    -8819.783218    -8819.821307  0.596518 -5.730357 15.526363
   scf:    3    -8831.400928    -8832.612749    -8832.660771  0.301214 -5.555646  9.044714
   scf:    4    -8806.498732    -8829.077150    -8829.112988  0.517536 -5.289867 13.753258
   scf:    5    -8833.987300    -8832.040720    -8832.076559  0.118592 -4.450658 11.525298
   scf:    6    -8837.262775    -8838.772529    -8838.844156  0.333318 -4.230394  2.123200
   scf:    7    -8829.002647    -8836.229589    -8836.284028  0.310149 -4.192888  8.682450
   scf:    8    -8802.828252    -8830.042984    -8830.083906  0.682691 -4.121399 14.753714
   scf:    9    -8831.952841    -8831.031781    -8831.080803  0.038928 -4.121673 14.065458
mix: Pulay -- resetting history
mix: switching mixer --> Linear-Kick
   scf:   10    -8838.090978    -8838.966009    -8839.031319  0.458865 -4.131980  1.436699
mix: switching mixer --> Pulay
   scf:   11    -8813.014909    -8831.170947    -8831.212179  0.322331 -3.796718  9.844820
   scf:   12    -8810.819538    -8831.646092    -8831.702388  0.409616 -3.984966 14.841944
   scf:   13    -8836.756040    -8834.436015    -8834.491389  0.056869 -4.098756 11.055589
   scf:   14    -8837.929896    -8836.454886    -8836.508521  0.114582 -4.135672  8.430871
   scf:   15    -8832.062723    -8837.912702    -8837.983380  0.401632 -4.123146  5.183042
   scf:   16    -8838.330432    -8838.186573    -8838.256887  0.051697 -4.124863  4.851523
   scf:   17    -8830.679852    -8837.215440    -8837.273151  0.358129 -4.138794  6.924993
   scf:   18    -8837.268789    -8838.947510    -8839.018049  0.275500 -4.129300  2.164009
   scf:   19    -8838.938419    -8838.980573    -8839.049027  0.026599 -4.126943  1.637714
mix: Pulay -- resetting history
mix: switching mixer --> Linear-Kick
   scf:   20    -8838.476817    -8839.004493    -8839.071974  0.103705 -4.131079  2.010707
mix: switching mixer --> Pulay
   scf:   21    -8803.517056    -8827.908440    -8827.965572  0.525143 -4.175006 17.395254
   scf:   22    -8814.590052    -8834.425187    -8834.464125  0.703894 -4.157411  7.950674
   scf:   23    -8839.474601    -8839.118447    -8839.189359  0.290117 -4.126416  0.760619
   scf:   24    -8838.093093    -8838.820834    -8838.886862  0.096366 -4.131812  2.941705
   scf:   25    -8839.111895    -8839.158534    -8839.228508  0.093845 -4.128075  0.222098
   scf:   26    -8839.154038    -8839.157804    -8839.228181  0.005765 -4.127803  0.283113
   scf:   27    -8839.089575    -8839.142923    -8839.212369  0.029922 -4.129278  0.697160
   scf:   28    -8839.145654    -8839.159781    -8839.230160  0.027097 -4.127980  0.193338
   scf:   29    -8839.159435    -8839.161251    -8839.231291  0.008585 -4.128281  0.091922
mix: Pulay -- resetting history
mix: switching mixer --> Linear-Kick
   scf:   30    -8839.161221    -8839.161255    -8839.231321  0.000984 -4.128213  0.092294
mix: switching mixer --> Pulay
   scf:   31    -8836.624865    -8838.322467    -8838.393303  0.143229 -4.122666  4.568230
   scf:   32    -8839.104948    -8839.157580    -8839.227850  0.144826 -4.128033  0.257873
   scf:   33    -8839.161323    -8839.161463    -8839.231642  0.010344 -4.128072  0.021612
   scf:   34    -8839.161522    -8839.161504    -8839.231661  0.000727 -4.128090  0.002717
   scf:   35    -8839.161500    -8839.161502    -8839.231661  0.000119 -4.128076  0.000975
   scf:   36    -8839.161508    -8839.161505    -8839.231661  0.000054 -4.128080  0.001279
   scf:   37    -8839.161504    -8839.161504    -8839.231661  0.000055 -4.128087  0.000219
   scf:   38    -8839.161505    -8839.161504    -8839.231661  0.000010 -4.128100  0.000235
   scf:   39    -8839.161504    -8839.161504    -8839.231661  0.000001 -4.128104  0.000257
mix: Pulay -- resetting history
mix: switching mixer --> Linear-Kick
   scf:   40    -8839.161504    -8839.161504    -8839.231661  0.000006 -4.128105  0.000088
mix: switching mixer --> Pulay
   scf:   41    -8839.161495    -8839.161500    -8839.231661  0.000111 -4.128102  0.003575
   scf:   42    -8839.161508    -8839.161504    -8839.231661  0.000115 -4.128105  0.000192
   scf:   43    -8839.161504    -8839.161504    -8839.231661  0.000002 -4.128105  0.000124
   scf:   44    -8839.161504    -8839.161504    -8839.231661  0.000002 -4.128106  0.000048

SCF Convergence by DM+H criterion
max |DM_out - DM_in|         :     0.0000024957
max |H_out - H_in|      (eV) :     0.0000484053
SCF cycle converged after 44 iterations

Using DM_out to compute the final energy and forces
No. of atoms with KB's overlaping orbs in proc 0. Max # of overlaps:      85     200

siesta: E_KS(eV) =            -8839.1615

siesta: E_KS - E_eggbox =     -8839.1615

siesta: Atomic forces (eV/Ang):
     1   -0.368865    1.716909    1.916159
     2    0.713544   -0.679550   -0.521347
     3   -1.515376    0.042656    0.695218
     4    1.619360   -1.020866    0.304751
     5   -0.539401    1.835119    0.092877
     6   -0.422535   -0.997690   -0.242148
     7  -16.872444  -12.881264    8.046799
     8   14.276591    7.682415   -5.784092
     9   -0.668772    2.878071    0.522887
    10    0.303424    1.240424    0.244426
    11    3.290266    0.202820   -1.268645
    12   -0.796884   -1.333995    0.442838
    13   -0.895136    1.153954    0.672787
    14    1.103164   -0.559046   -0.808267
    15   -3.894766    0.550939   -2.437437
    16    1.512721    2.962481    1.784142
    17    2.647146   -4.124867    0.439152
    18    0.503383   -1.058833   -0.002600
    19    1.483709   -0.558177    1.060487
    20    0.984246   -0.398605    0.638534
    21   -4.185341    0.870534   -2.622564
    22   -0.011736    0.905545    0.414412
    23    0.768517   -0.114605    0.390306
    24    1.876726   -2.192284   -0.159375
    25   -1.059422    1.008287   -0.132513
    26    0.051043   -1.601477   -0.461793
    27    1.859322   -0.279642    0.551842
    28   -0.981880    1.642369    0.031186
    29   -0.481781    0.222395   -0.657883
    30   -2.001844    1.218679    0.109782
    31    1.644815   -0.264206   -0.175294
    32    1.354379   -0.921596   -0.075926
    33   -2.313693    0.728660    0.454389
    34    0.508121   -0.605753   -0.036979
    35    0.147263    0.585279   -0.090504
    36   -0.267762    0.256952    0.019882
    37   -0.481558   -0.092894    0.111416
    38    0.773046   -0.077954   -0.050062
    39   -0.349834   -0.554544    0.110022
    40   -0.267229   -0.079341    0.053038
    41   -0.313798    0.371178   -0.009589
    42   -1.189122   -1.293437   -3.419956
    43    2.311438    0.288629    1.233865
    44    2.602023    0.035682    1.182428
    45   -1.418184    0.404326   -0.352249
    46   -1.402364   -0.051543   -0.233552
    47   -0.593945   -0.240142   -0.236102
    48    0.220750    0.497380   -0.160628
    49    0.323522    0.301933    0.029361
    50    0.322648   -0.462329    0.306569
    51    0.477319    0.297348    0.069417
    52   -0.503410    0.141355   -0.363509
    53    0.320042   -0.145891    0.190816
    54   -0.192257   -0.514716    0.029176
    55   -0.585466   -0.461132    0.001227
    56   -0.618349    0.258487   -0.353682
    57    0.635186   -0.248451    0.420738
    58    0.022867   -0.692397    0.331677
    59   -0.688213   -0.271314   -0.192263
    60   -0.454567    0.491830   -0.306642
    61    0.268959    0.742723   -0.088084
    62    0.770889    0.307262    0.233333
    63   -0.893251    0.068587    0.181552
    64   -0.419744   -0.622090    0.112479
    65    0.316302   -0.687433    0.013756
    66    0.718815   -0.011497   -0.093216
    67   -0.869898    0.559143   -0.002940
    68    0.114983    0.720441   -0.140447
    69    0.708053    0.225295   -0.132732
    70    0.519304   -0.510072   -0.012790
    71   -0.890516   -0.365632    0.239092
    72    0.110534    0.776389    0.419903
    73    0.118760   -0.711338   -0.225851
    74   -0.047341    2.454217   -1.994814
    75   -0.153072    0.786147    0.059943
    76    0.518574    0.467315   -0.318815
    77   -0.169002   -0.677898    0.007121
    78    0.528963   -0.369099   -0.402329
    79    0.053489   -1.192446   -0.310913
    80   -0.251616    0.624860    0.179753
    81    0.756731    0.299896    0.480063
    82   -0.047429    0.563980    0.190673
    83    0.315034   -0.747114   -0.248797
    84    0.032031    0.571247    0.195894
    85   -0.556621    0.703958   -0.021277
----------------------------------------
   Tot   -0.126422   -0.009063    0.067561
----------------------------------------
   Max   16.872444
   Res    2.041742    sqrt( Sum f_i^2 / 3N )
----------------------------------------
   Max   16.872444    constrained

Stress tensor Voigt[x,y,z,yz,xz,xy] (kbar):       -5.19       -6.24       -0.77       -0.13        0.74       -1.34
(Free)E + p*V (eV/cell)    -8808.7747
Target enthalpy (eV/cell)    -8839.2242

mulliken: Atomic and Orbital Populations:

Species: C                   
Atom  Qatom  Qorb
               2s      2s      2py     2pz     2px     2py     2pz     2px     
               3Pdxy   3Pdyz   3Pdz2   3Pdxz   3Pdx2-y2
   1  3.922   0.484   0.433   0.526   0.592   0.505   0.443   0.300   0.447
              0.050   0.034   0.030   0.029   0.049
   2  3.762   0.304   0.501   0.381   0.661   0.360   0.558   0.283   0.582
              0.044   0.024   0.023   0.015   0.027
   3  3.767   0.317   0.497   0.193   0.617   0.629   0.701   0.313   0.373
              0.030   0.017   0.016   0.027   0.038
   4  3.936   0.351   0.488   0.509   0.646   0.551   0.482   0.282   0.438
              0.058   0.032   0.018   0.030   0.052
   5  3.954   0.431   0.455   0.530   0.595   0.563   0.452   0.333   0.403
              0.048   0.038   0.031   0.031   0.044
   6  3.796   0.356   0.483   0.213   0.591   0.631   0.687   0.334   0.371
              0.028   0.019   0.017   0.025   0.041
   7  3.939   0.489   0.430   0.552   0.654   0.831   0.286   0.279   0.273
              0.031   0.018   0.016   0.033   0.047
   8  4.010   0.197   0.540   0.565   0.533   0.779   0.464   0.412   0.306
              0.058   0.044   0.027   0.030   0.054
   9  3.931   0.417   0.463   0.491   0.608   0.546   0.474   0.333   0.411
              0.045   0.036   0.034   0.025   0.047
  10  4.024   0.512   0.423   0.530   0.695   0.583   0.434   0.276   0.394
              0.043   0.036   0.026   0.024   0.048
  11  3.733   0.324   0.498   0.103   0.677   0.597   0.786   0.261   0.362
              0.027   0.016   0.023   0.021   0.037
  12  3.753   0.318   0.493   0.440   0.578   0.363   0.534   0.343   0.553
              0.043   0.033   0.012   0.011   0.032
  13  3.757   0.322   0.491   0.437   0.607   0.356   0.533   0.315   0.560
              0.043   0.035   0.015   0.011   0.032
  14  3.771   0.340   0.489   0.119   0.635   0.616   0.771   0.295   0.369
              0.026   0.017   0.026   0.025   0.043
  15  3.772   0.345   0.486   0.151   0.666   0.632   0.736   0.274   0.351
              0.025   0.017   0.022   0.025   0.042
  16  3.756   0.319   0.501   0.427   0.570   0.282   0.577   0.334   0.601
              0.054   0.033   0.019   0.014   0.024
  17  4.112   0.773   0.325   0.740   0.839   0.836   0.274   0.082   0.119
              0.036   0.029   0.014   0.013   0.031
  18  4.001   0.514   0.426   0.535   0.665   0.578   0.434   0.267   0.403
              0.046   0.036   0.025   0.025   0.047
  19  3.965   0.398   0.468   0.525   0.613   0.578   0.465   0.333   0.393
              0.048   0.038   0.032   0.028   0.047
  20  3.945   0.348   0.485   0.532   0.617   0.594   0.462   0.323   0.392
              0.048   0.039   0.028   0.027   0.050
  21  3.758   0.336   0.493   0.148   0.579   0.587   0.751   0.342   0.384
              0.027   0.019   0.021   0.023   0.048
  22  3.790   0.339   0.493   0.182   0.644   0.599   0.726   0.263   0.410
              0.031   0.013   0.015   0.030   0.044
  23  3.778   0.312   0.504   0.141   0.677   0.658   0.743   0.259   0.352
              0.029   0.014   0.020   0.025   0.041
  24  3.972   0.430   0.453   0.572   0.652   0.545   0.421   0.269   0.438
              0.052   0.035   0.018   0.035   0.052
  25  3.948   0.370   0.476   0.528   0.626   0.589   0.461   0.307   0.402
              0.052   0.036   0.023   0.028   0.049
  26  3.980   0.430   0.453   0.556   0.645   0.577   0.441   0.294   0.399
              0.051   0.032   0.025   0.029   0.048
  27  3.773   0.315   0.497   0.158   0.672   0.629   0.729   0.255   0.383
              0.030   0.011   0.016   0.031   0.045
  28  3.780   0.313   0.494   0.461   0.594   0.355   0.514   0.325   0.592
              0.044   0.025   0.009   0.019   0.034
  29  3.999   0.562   0.411   0.575   0.740   0.546   0.409   0.171   0.419
              0.048   0.030   0.008   0.033   0.047
  30  3.963   0.421   0.454   0.522   0.677   0.563   0.441   0.258   0.444
              0.051   0.036   0.010   0.031   0.054
  31  3.953   0.403   0.464   0.548   0.657   0.566   0.434   0.261   0.438
              0.052   0.037   0.009   0.032   0.051
  32  3.955   0.402   0.464   0.565   0.656   0.558   0.435   0.262   0.430
              0.050   0.034   0.010   0.035   0.053
  33  3.960   0.431   0.450   0.543   0.681   0.534   0.439   0.254   0.447
              0.054   0.036   0.011   0.030   0.050
  34  3.782   0.331   0.489   0.584   0.700   0.138   0.436   0.216   0.756
              0.032   0.035   0.006   0.009   0.051
  35  3.756   0.327   0.488   0.245   0.720   0.436   0.672   0.210   0.526
              0.049   0.016   0.007   0.025   0.035
  36  3.753   0.327   0.489   0.226   0.713   0.453   0.689   0.204   0.518
              0.047   0.014   0.008   0.027   0.037
  37  3.790   0.322   0.492   0.589   0.723   0.128   0.436   0.208   0.761
              0.032   0.034   0.005   0.009   0.051
  38  3.780   0.327   0.490   0.370   0.713   0.347   0.590   0.209   0.602
              0.050   0.023   0.009   0.019   0.031
  39  3.758   0.327   0.488   0.152   0.710   0.540   0.740   0.221   0.450
              0.034   0.010   0.007   0.031   0.050
  40  3.754   0.325   0.490   0.522   0.691   0.179   0.467   0.223   0.722
              0.038   0.031   0.007   0.012   0.045
  41  3.790   0.323   0.491   0.378   0.732   0.331   0.579   0.204   0.622
              0.050   0.022   0.008   0.019   0.031
  42  4.159   0.704   0.357   0.708   0.837   0.687   0.284   0.123   0.296
              0.048   0.027   0.022   0.031   0.034
  43  3.920   0.444   0.449   0.473   0.628   0.532   0.475   0.280   0.452
              0.051   0.033   0.020   0.032   0.051
  44  3.914   0.458   0.444   0.497   0.594   0.509   0.439   0.324   0.462
              0.050   0.033   0.025   0.033   0.047
  45  3.955   0.392   0.468   0.580   0.640   0.563   0.410   0.294   0.421
              0.044   0.031   0.023   0.033   0.055
  46  3.959   0.394   0.466   0.576   0.643   0.570   0.409   0.296   0.421
              0.045   0.031   0.023   0.031   0.053
  47  3.778   0.352   0.482   0.561   0.556   0.256   0.432   0.350   0.655
              0.037   0.025   0.013   0.023   0.038
  48  3.765   0.326   0.486   0.220   0.634   0.567   0.674   0.302   0.421
              0.029   0.015   0.013   0.030   0.046
  49  3.755   0.328   0.488   0.439   0.682   0.275   0.514   0.255   0.640
              0.044   0.023   0.022   0.017   0.028
  50  3.790   0.322   0.491   0.551   0.620   0.271   0.441   0.311   0.652
              0.037   0.024   0.011   0.021   0.038
  51  3.792   0.323   0.491   0.561   0.697   0.186   0.442   0.251   0.709
              0.035   0.029   0.016   0.011   0.041
  52  3.775   0.333   0.490   0.554   0.648   0.204   0.449   0.266   0.697
              0.034   0.031   0.015   0.014   0.042
  53  3.762   0.323   0.489   0.395   0.629   0.390   0.552   0.293   0.557
              0.048   0.023   0.009   0.022   0.032
  54  3.753   0.329   0.489   0.180   0.671   0.513   0.714   0.258   0.463
              0.034   0.011   0.015   0.032   0.043

Species: H                   
Atom  Qatom  Qorb
               1s      1s      2Ppy    2Ppz    2Ppx    
  55  1.247   0.909   0.230   0.033   0.033   0.043
  56  1.252   0.910   0.235   0.024   0.039   0.045
  57  1.239   0.886   0.246   0.027   0.036   0.045
  58  1.249   0.911   0.229   0.049   0.039   0.021
  59  1.253   0.911   0.234   0.022   0.035   0.051
  60  1.250   0.913   0.229   0.034   0.040   0.034
  61  1.253   0.897   0.243   0.049   0.035   0.028
  62  1.249   0.880   0.255   0.025   0.035   0.053
  63  1.244   0.884   0.250   0.021   0.034   0.055
  64  1.243   0.903   0.233   0.043   0.037   0.028
  65  1.245   0.906   0.232   0.044   0.036   0.027
  66  1.250   0.906   0.236   0.018   0.036   0.053
  67  1.253   0.890   0.248   0.037   0.034   0.043
  68  1.246   0.907   0.231   0.050   0.038   0.020
  69  1.245   0.906   0.232   0.022   0.037   0.048
  70  1.250   0.906   0.236   0.033   0.035   0.039
  71  1.255   0.890   0.247   0.037   0.033   0.048
  72  1.251   0.868   0.265   0.057   0.036   0.025
  73  1.243   0.892   0.243   0.051   0.034   0.023
  74  1.153   1.120  -0.002   0.022   0.007   0.006
  75  1.245   0.877   0.253   0.053   0.035   0.026
  76  1.240   0.898   0.236   0.027   0.037   0.042
  77  1.246   0.893   0.242   0.054   0.031   0.026
  78  1.241   0.902   0.233   0.027   0.039   0.040
  79  1.255   0.837   0.293   0.058   0.041   0.026
  80  1.242   0.897   0.240   0.052   0.034   0.019
  81  1.236   0.867   0.260   0.031   0.034   0.044
  82  1.244   0.896   0.243   0.053   0.032   0.020
  83  1.257   0.882   0.254   0.058   0.036   0.028
  84  1.246   0.901   0.236   0.053   0.034   0.023
  85  1.229   0.876   0.248   0.029   0.032   0.044

mulliken: Qtot =      247.000

Mulliken Atomic Populations:
Atom #   charge [q] valence [e]  Species
     1     0.078413    3.921587  C
     2     0.238299    3.761701  C
     3     0.232659    3.767341  C
     4     0.063530    3.936470  C
     5     0.046420    3.953580  C
     6     0.204327    3.795673  C
     7     0.061074    3.938926  C
     8    -0.009884    4.009884  C
     9     0.068537    3.931463  C
    10    -0.023714    4.023714  C
    11     0.267413    3.732587  C
    12     0.246561    3.753439  C
    13     0.242570    3.757430  C
    14     0.229277    3.770723  C
    15     0.228433    3.771567  C
    16     0.243553    3.756447  C
    17    -0.112049    4.112049  C
    18    -0.001369    4.001369  C
    19     0.034629    3.965371  C
    20     0.054779    3.945221  C
    21     0.242210    3.757790  C
    22     0.210487    3.789513  C
    23     0.222293    3.777707  C
    24     0.027775    3.972225  C
    25     0.052437    3.947563  C
    26     0.020203    3.979797  C
    27     0.227332    3.772668  C
    28     0.220481    3.779519  C
    29     0.001057    3.998943  C
    30     0.037104    3.962896  C
    31     0.047385    3.952615  C
    32     0.045348    3.954652  C
    33     0.040291    3.959709  C
    34     0.217968    3.782032  C
    35     0.243553    3.756447  C
    36     0.247005    3.752995  C
    37     0.210401    3.789599  C
    38     0.219987    3.780013  C
    39     0.242103    3.757897  C
    40     0.246425    3.753575  C
    41     0.209528    3.790472  C
    42    -0.158676    4.158676  C
    43     0.079759    3.920241  C
    44     0.085767    3.914233  C
    45     0.045364    3.954636  C
    46     0.041315    3.958685  C
    47     0.221964    3.778036  C
    48     0.235290    3.764710  C
    49     0.245174    3.754826  C
    50     0.209935    3.790065  C
    51     0.207867    3.792133  C
    52     0.224657    3.775343  C
    53     0.238082    3.761918  C
    54     0.247339    3.752661  C
    55    -0.247003    1.247003  H
    56    -0.252196    1.252196  H
    57    -0.239198    1.239198  H
    58    -0.248828    1.248828  H
    59    -0.252999    1.252999  H
    60    -0.249700    1.249700  H
    61    -0.252641    1.252641  H
    62    -0.249415    1.249415  H
    63    -0.243623    1.243623  H
    64    -0.243342    1.243342  H
    65    -0.244986    1.244986  H
    66    -0.249618    1.249618  H
    67    -0.252765    1.252765  H
    68    -0.245795    1.245795  H
    69    -0.244887    1.244887  H
    70    -0.249525    1.249525  H
    71    -0.254574    1.254574  H
    72    -0.251147    1.251147  H
    73    -0.242762    1.242762  H
    74    -0.152771    1.152771  H
    75    -0.245276    1.245276  H
    76    -0.239533    1.239533  H
    77    -0.245685    1.245685  H
    78    -0.241129    1.241129  H
    79    -0.255104    1.255104  H
    80    -0.241770    1.241770  H
    81    -0.235950    1.235950  H
    82    -0.243530    1.243530  H
    83    -0.257445    1.257445  H
    84    -0.246236    1.246236  H
    85    -0.229239    1.229239  H
--------------------
 Total    -0.000000

                     ====================================
                        Begin CG opt. move =      1
                     ====================================

outcoor: Atomic coordinates (Ang):                          
   -2.72827627   -1.54748681    0.61842541   1       1  C
   -2.67308230   -2.84893685    0.06355019   1       2  C
   -1.57070956   -3.28134383   -0.65406354   1       3  C
   -0.50490665   -2.42576622   -0.87550306   1       4  C
   -0.49598088   -1.10494430   -0.39450303   1       5  C
   -1.61556919   -0.68872200    0.38968146   1       6  C
    0.74497008   -2.88499164   -1.29378392   1       7  C
    1.68616757   -2.28392744   -1.67100809   1       8  C
    1.68477976   -0.88319453   -1.52727925   1       9  C
    0.62297613   -0.27180910   -0.78330006   1      10  C
    2.69282832   -2.96670559   -2.34125821   1      11  C
    3.73972117   -2.25170830   -2.91074835   1      12  C
    3.76184090   -0.85676214   -2.81852730   1      13  C
    2.74355670   -0.17528293   -2.14225581   1      14  C
   -1.57889913    4.20158796   -0.87195518   1      15  C
   -2.66923206    3.66954725   -1.69762557   1      16  C
   -2.63021618    2.38798972   -2.07653062   1      17  C
    0.62725879    1.21736049   -0.46136159   1      18  C
   -0.49276986    2.03118760   -0.86453947   1      19  C
   -0.54431624    3.40809549   -0.49882831   1      20  C
   -1.50708738    1.54031400   -1.64255874   1      21  C
    2.97294280    1.22505548    0.51636421   1      22  C
    0.49421142    3.97777970    0.22467942   1      23  C
    4.08010122    1.94455521    1.02699224   1      24  C
    1.63046013    3.24697850    0.53802871   1      25  C
    1.73764131    1.86877762    0.20304673   1      26  C
    2.68404055    3.91680846    1.16789851   1      27  C
    3.88846769    3.28210746    1.39112913   1      28  C
    5.46009447    1.36119642    1.08488644   1      29  C
    5.88568203   -0.05840244    1.15471734   1      30  C
    7.26299896   -0.12518207    0.96650247   1      31  C
    7.78077081    1.21172467    0.75271343   1      32  C
    6.72433073    2.11409698    0.80364873   1      33  C
    5.15673169   -1.23457158    1.37842732   1      34  C
    5.83885033   -2.46353098    1.38268448   1      35  C
    7.22940575   -2.51387238    1.17403220   1      36  C
    7.95420460   -1.33471698    0.96645835   1      37  C
    6.97332420    3.47323218    0.52843929   1      38  C
    8.28610540    3.89316983    0.25860749   1      39  C
    9.34087608    2.96859133    0.24377253   1      40  C
    9.09094751    1.61259769    0.48390412   1      41  C
   -3.95252943   -1.08411342    1.44022213   1      42  C
   -4.72741211    0.05529705    0.79656688   1      43  C
   -5.06686386   -2.12009811    1.54515533   1      44  C
   -6.23771994   -1.67227198    0.95503392   1      45  C
   -6.03206024   -0.32259162    0.50025673   1      46  C
   -5.02987434   -3.39168731    2.13406517   1      47  C
   -6.17849459   -4.20088490    2.08450147   1      48  C
   -7.35235154   -3.73702479    1.46326801   1      49  C
   -7.39108208   -2.45586360    0.89753806   1      50  C
   -6.94584720    0.54855240   -0.09347742   1      51  C
   -4.31648880    1.36651671    0.52989702   1      52  C
   -6.53162368    1.85485051   -0.37461295   1      53  C
   -5.22790793    2.26407426   -0.05264210   1      54  C
   -8.23333914   -4.36626287    1.42880075   2      55  H
   -8.29702931   -2.08755144    0.43233304   2      56  H
   -4.12602036   -3.75235240    2.60801809   2      57  H
   -6.16132597   -5.18980473    2.52454346   2      58  H
   -7.95887216    0.23599357   -0.31472794   2      59  H
   -7.22371884    2.55661170   -0.82381810   2      60  H
   -4.93113501    3.28412560   -0.25197403   2      61  H
   -3.32342712    1.70684848    0.78073313   2      62  H
    4.09266206   -1.22455793    1.55416137   2      63  H
    5.29168252   -3.38265160    1.54844900   2      64  H
    7.74479403   -3.46619169    1.17482844   2      65  H
    9.02503094   -1.36805705    0.80344282   2      66  H
    6.20188639    4.22115299    0.49279820   2      67  H
    8.48279053    4.93722193    0.04962385   2      68  H
   10.34688433    3.30451820    0.02530858   2      69  H
    9.90153855    0.89466711    0.44273215   2      70  H
   -3.47223626   -3.56240429    0.17303666   2      71  H
   -1.63339220    0.30409625    0.80796758   2      72  H
   -1.54268715   -4.28459635   -1.05994854   2      73  H
    0.87453096   -4.61129453   -0.43374366   2      74  H
    2.79606610    0.90357224   -2.10266323   2      75  H
    4.57409810   -0.30381334   -3.27244557   2      76  H
    2.65894633   -4.04670584   -2.41082563   2      77  H
    4.53162448   -2.77683641   -3.42971680   2      78  H
    3.12150281    0.19721853    0.26829928   2      79  H
    2.59507565    4.96339330    1.43993026   2      80  H
    4.67584420    3.85690396    1.84765448   2      81  H
    0.44914091    5.03115596    0.49006696   2      82  H
   -1.52697675    0.52363170   -2.00728262   2      83  H
   -1.61020035    5.25294042   -0.59414983   2      84  H
   -3.48866144    4.30825182   -2.00949305   2      85  H

outcell: Unit cell vectors (Ang):
       30.000000    0.000000    0.000000
        0.000000   20.000000    0.000000
        0.000000    0.000000   20.000000

outcell: Cell vector modules (Ang)   :   30.000000   20.000000   20.000000
outcell: Cell angles (23,13,12) (deg):     90.0000     90.0000     90.0000
outcell: Cell volume (Ang**3)        :  12000.0000
<dSpData1D:S at geom step 1
  <sparsity:sparsity for geom step 1
    nrows_g=857 nrows=857 sparsity=.3961 nnzs=290879, refcount: 7>
  <dData1D:(new from dSpData1D) n=290879, refcount: 1>
refcount: 1>
new_DM -- step:     2
Re-using DM from previous geometries...
Number of DMs in history: 1
 DM extrapolation coefficients: 
1   1.00000
New DM after history re-use:
<dSpData2D:SpM extrapolated using coords
  <sparsity:sparsity for geom step 1
    nrows_g=857 nrows=857 sparsity=.3961 nnzs=290879, refcount: 9>
  <dData2D:(temp array for extrapolation) n=290879 m=1, refcount: 1>
refcount: 1>
No. of atoms with KB's overlaping orbs in proc 0. Max # of overlaps:      85     200

InitMesh: MESH = 192 x 128 x 128 = 3145728
InitMesh: Mesh cutoff (required, used) =   100.000   113.204 Ry
New grid distribution [1]: sub = 2

        iscf     Eharris(eV)        E_KS(eV)     FreeEng(eV)     dDmax    Ef(eV) dHmax(eV)
   scf:    1    -8839.515521    -8839.638843    -8839.708478  0.066268 -4.120039  1.577070
   scf:    2    -8816.705498    -8832.574675    -8832.610514  0.339920 -3.975321 13.052373
   scf:    3    -8840.988568    -8837.731635    -8837.781963  0.133096 -4.119395  5.978549
   scf:    4    -8839.442485    -8838.736958    -8838.793052  0.073919 -4.129401  4.310236
   scf:    5    -8840.108734    -8839.679645    -8839.746718  0.113918 -4.125830  1.228425
   scf:    6    -8839.626665    -8839.664724    -8839.732782  0.023254 -4.126466  1.282027
   scf:    7    -8839.494018    -8839.721025    -8839.790390  0.085523 -4.128818  0.868234
   scf:    8    -8839.780497    -8839.759305    -8839.828831  0.020227 -4.128170  0.370622
   scf:    9    -8839.761622    -8839.766393    -8839.835442  0.017062 -4.128666  0.103955
mix: Pulay -- resetting history
mix: switching mixer --> Linear-Kick
   scf:   10    -8839.762471    -8839.765985    -8839.835432  0.007805 -4.128550  0.161884
mix: switching mixer --> Pulay
   scf:   11    -8835.488089    -8838.366361    -8838.425196  0.181314 -4.132900  5.902755
   scf:   12    -8839.710844    -8839.719036    -8839.789001  0.174229 -4.127854  0.904957
   scf:   13    -8839.767010    -8839.766990    -8839.836334  0.034412 -4.128491  0.061262
   scf:   14    -8839.767088    -8839.767194    -8839.836462  0.002690 -4.128656  0.026578
   scf:   15    -8839.766991    -8839.767143    -8839.836470  0.001556 -4.128729  0.023968
   scf:   16    -8839.767194    -8839.767197    -8839.836485  0.001172 -4.128767  0.014222
   scf:   17    -8839.767170    -8839.767190    -8839.836493  0.000531 -4.128740  0.003104
   scf:   18    -8839.767199    -8839.767195    -8839.836493  0.000138 -4.128723  0.001277
   scf:   19    -8839.767193    -8839.767194    -8839.836493  0.000025 -4.128716  0.000421
mix: Pulay -- resetting history
mix: switching mixer --> Linear-Kick
   scf:   20    -8839.767192    -8839.767193    -8839.836493  0.000021 -4.128715  0.000275
mix: switching mixer --> Pulay
   scf:   21    -8839.767197    -8839.767198    -8839.836486  0.000409 -4.128730  0.013067
   scf:   22    -8839.767181    -8839.767193    -8839.836493  0.000400 -4.128715  0.000038
   scf:   23    -8839.767193    -8839.767193    -8839.836493  0.000004 -4.128715  0.000056
   scf:   24    -8839.767193    -8839.767193    -8839.836493  0.000003 -4.128716  0.000010

SCF Convergence by DM+H criterion
max |DM_out - DM_in|         :     0.0000028503
max |H_out - H_in|      (eV) :     0.0000101012
SCF cycle converged after 24 iterations

Using DM_out to compute the final energy and forces
No. of atoms with KB's overlaping orbs in proc 0. Max # of overlaps:      85     200

siesta: E_KS(eV) =            -8839.7672

siesta: Atomic forces (eV/Ang):
     1   -0.373080    1.639371    1.873342
     2    0.664019   -0.658484   -0.478214
     3   -1.526654    0.015759    0.698512
     4    1.360192   -0.950258    0.394904
     5   -0.492458    1.822383    0.041542
     6   -0.418842   -0.916059   -0.208869
     7  -13.863097  -11.322732    6.917388
     8   11.480008    6.000972   -4.622509
     9   -0.557444    2.767960    0.456324
    10    0.211026    1.234969    0.285215
    11    3.184236    0.135485   -1.231341
    12   -0.621470   -1.205234    0.348226
    13   -0.825785    1.036420    0.620267
    14    1.039161   -0.431921   -0.760416
    15   -3.720682    0.513238   -2.342880
    16    1.448960    2.755239    1.682758
    17    2.577983   -3.882060    0.473584
    18    0.484567   -1.051255   -0.008612
    19    1.366650   -0.561993    0.987560
    20    0.885366   -0.360694    0.592101
    21   -4.002182    0.853801   -2.518590
    22    0.012187    0.818870    0.400633
    23    0.710494   -0.070001    0.375837
    24    1.803529   -2.058070   -0.138337
    25   -0.963375    0.923938   -0.115407
    26    0.053531   -1.500884   -0.434311
    27    1.741832   -0.233926    0.521813
    28   -0.868787    1.516784    0.028938
    29   -0.472450    0.212453   -0.649818
    30   -1.885637    1.177602    0.095417
    31    1.527607   -0.238766   -0.161155
    32    1.251551   -0.856521   -0.066524
    33   -2.200996    0.666376    0.443090
    34    0.450792   -0.558463   -0.031962
    35    0.139723    0.531020   -0.084211
    36   -0.254618    0.223593    0.020618
    37   -0.429016   -0.101322    0.104283
    38    0.695636   -0.059099   -0.042696
    39   -0.315132   -0.512101    0.098259
    40   -0.240909   -0.061395    0.046113
    41   -0.270121    0.340206   -0.012155
    42   -1.133912   -1.280928   -3.381114
    43    2.175814    0.267242    1.191346
    44    2.462688    0.060999    1.111391
    45   -1.309999    0.381132   -0.303257
    46   -1.294049   -0.038376   -0.201601
    47   -0.524286   -0.236575   -0.212386
    48    0.200346    0.454593   -0.147745
    49    0.298635    0.266606    0.035180
    50    0.278570   -0.435249    0.281608
    51    0.425992    0.284187    0.057202
    52   -0.439824    0.140476   -0.337482
    53    0.296388   -0.118255    0.173198
    54   -0.187748   -0.468225    0.017691
    55   -0.563032   -0.445576    0.002145
    56   -0.595332    0.246325   -0.340499
    57    0.609372   -0.244294    0.408943
    58    0.023375   -0.664672    0.319774
    59   -0.661737   -0.260757   -0.187098
    60   -0.437831    0.475318   -0.295956
    61    0.260998    0.713460   -0.082151
    62    0.742127    0.302855    0.223282
    63   -0.862040    0.063005    0.176549
    64   -0.404478   -0.595657    0.107948
    65    0.303595   -0.664914    0.013743
    66    0.692629   -0.013269   -0.088934
    67   -0.839445    0.537111   -0.003174
    68    0.108338    0.690401   -0.134370
    69    0.685135    0.218166   -0.127994
    70    0.501013   -0.490955   -0.012470
    71   -0.871655   -0.350151    0.234480
    72    0.112851    0.738278    0.402051
    73    0.110481   -0.685404   -0.217231
    74   -0.072588    2.518222   -2.029630
    75   -0.144090    0.760514    0.052394
    76    0.497969    0.453821   -0.307115
    77   -0.166819   -0.654868    0.007288
    78    0.520419   -0.351244   -0.395091
    79    0.046330   -1.142211   -0.299441
    80   -0.244889    0.605573    0.177182
    81    0.741592    0.295229    0.473580
    82   -0.045812    0.551866    0.187807
    83    0.309791   -0.737599   -0.250612
    84    0.024909    0.562424    0.189616
    85   -0.541609    0.690015   -0.018355
----------------------------------------
   Tot   -0.125506   -0.006161    0.069409
----------------------------------------
   Max   13.863097
   Res    1.755736    sqrt( Sum f_i^2 / 3N )
----------------------------------------
   Max   13.863097    constrained

Stress tensor Voigt[x,y,z,yz,xz,xy] (kbar):       -4.96       -6.02       -0.72       -0.18        0.67       -1.15
(Free)E + p*V (eV/cell)    -8810.6186
Target enthalpy (eV/cell)    -8839.8290

mulliken: Atomic and Orbital Populations:

Species: C                   
Atom  Qatom  Qorb
               2s      2s      2py     2pz     2px     2py     2pz     2px     
               3Pdxy   3Pdyz   3Pdz2   3Pdxz   3Pdx2-y2
   1  3.922   0.483   0.434   0.525   0.592   0.506   0.444   0.299   0.447
              0.050   0.034   0.030   0.029   0.049
   2  3.762   0.305   0.500   0.381   0.661   0.360   0.558   0.283   0.582
              0.044   0.024   0.023   0.015   0.027
   3  3.767   0.317   0.497   0.193   0.617   0.629   0.700   0.313   0.372
              0.030   0.017   0.016   0.027   0.038
   4  3.940   0.347   0.490   0.509   0.644   0.556   0.482   0.283   0.438
              0.059   0.032   0.019   0.030   0.052
   5  3.953   0.432   0.455   0.529   0.595   0.563   0.451   0.332   0.403
              0.048   0.038   0.031   0.031   0.044
   6  3.796   0.356   0.483   0.213   0.590   0.631   0.687   0.334   0.371
              0.028   0.019   0.017   0.025   0.041
   7  3.939   0.500   0.428   0.548   0.661   0.825   0.287   0.272   0.275
              0.032   0.018   0.015   0.033   0.046
   8  4.000   0.206   0.539   0.560   0.540   0.757   0.466   0.404   0.318
              0.058   0.044   0.027   0.030   0.053
   9  3.936   0.415   0.463   0.497   0.608   0.548   0.472   0.333   0.411
              0.046   0.037   0.034   0.025   0.046
  10  4.024   0.511   0.424   0.531   0.695   0.583   0.433   0.276   0.394
              0.043   0.036   0.026   0.024   0.047
  11  3.737   0.321   0.499   0.103   0.678   0.603   0.786   0.262   0.360
              0.027   0.016   0.024   0.021   0.037
  12  3.753   0.317   0.493   0.440   0.578   0.363   0.533   0.343   0.554
              0.043   0.033   0.012   0.011   0.032
  13  3.758   0.322   0.490   0.438   0.608   0.356   0.533   0.315   0.560
              0.042   0.035   0.015   0.011   0.032
  14  3.771   0.340   0.489   0.119   0.635   0.616   0.771   0.295   0.370
              0.026   0.017   0.026   0.025   0.043
  15  3.772   0.344   0.486   0.152   0.666   0.632   0.735   0.274   0.351
              0.026   0.017   0.022   0.025   0.042
  16  3.756   0.320   0.501   0.426   0.570   0.283   0.577   0.334   0.601
              0.054   0.033   0.019   0.013   0.025
  17  4.112   0.773   0.325   0.738   0.840   0.838   0.274   0.082   0.119
              0.036   0.029   0.014   0.013   0.031
  18  4.002   0.513   0.427   0.536   0.665   0.578   0.433   0.268   0.403
              0.046   0.036   0.025   0.025   0.047
  19  3.965   0.400   0.467   0.525   0.613   0.576   0.465   0.332   0.393
              0.048   0.038   0.032   0.028   0.047
  20  3.945   0.350   0.484   0.531   0.618   0.593   0.462   0.322   0.393
              0.048   0.039   0.028   0.027   0.050
  21  3.759   0.336   0.493   0.148   0.579   0.587   0.752   0.342   0.384
              0.027   0.019   0.021   0.023   0.048
  22  3.790   0.340   0.493   0.183   0.644   0.600   0.725   0.263   0.410
              0.031   0.013   0.015   0.030   0.044
  23  3.779   0.312   0.504   0.141   0.677   0.659   0.743   0.260   0.352
              0.029   0.014   0.020   0.025   0.042
  24  3.972   0.430   0.453   0.570   0.653   0.546   0.421   0.269   0.438
              0.052   0.035   0.018   0.035   0.052
  25  3.947   0.370   0.476   0.527   0.626   0.589   0.462   0.307   0.402
              0.052   0.036   0.023   0.028   0.049
  26  3.980   0.431   0.453   0.555   0.646   0.577   0.441   0.294   0.399
              0.051   0.032   0.025   0.029   0.048
  27  3.773   0.315   0.497   0.159   0.672   0.629   0.728   0.256   0.383
              0.030   0.011   0.016   0.031   0.045
  28  3.779   0.314   0.494   0.461   0.594   0.356   0.513   0.324   0.592
              0.044   0.025   0.009   0.020   0.034
  29  4.000   0.559   0.412   0.576   0.739   0.547   0.409   0.172   0.419
              0.048   0.030   0.008   0.033   0.047
  30  3.963   0.422   0.454   0.523   0.678   0.561   0.441   0.257   0.444
              0.051   0.036   0.010   0.031   0.054
  31  3.952   0.404   0.464   0.549   0.657   0.564   0.434   0.261   0.439
              0.052   0.037   0.009   0.032   0.051
  32  3.954   0.403   0.464   0.565   0.656   0.557   0.435   0.262   0.430
              0.050   0.034   0.010   0.035   0.053
  33  3.960   0.432   0.450   0.543   0.682   0.533   0.439   0.253   0.447
              0.054   0.035   0.011   0.030   0.050
  34  3.782   0.331   0.489   0.584   0.700   0.138   0.436   0.216   0.756
              0.032   0.035   0.006   0.009   0.051
  35  3.757   0.327   0.488   0.246   0.720   0.437   0.672   0.210   0.526
              0.049   0.016   0.007   0.025   0.035
  36  3.753   0.327   0.489   0.227   0.713   0.453   0.689   0.204   0.518
              0.047   0.014   0.008   0.027   0.037
  37  3.790   0.322   0.492   0.590   0.722   0.129   0.436   0.208   0.760
              0.032   0.034   0.005   0.009   0.051
  38  3.780   0.327   0.490   0.371   0.713   0.348   0.589   0.209   0.602
              0.051   0.023   0.009   0.019   0.031
  39  3.758   0.327   0.488   0.152   0.709   0.540   0.739   0.221   0.450
              0.034   0.010   0.007   0.031   0.050
  40  3.754   0.326   0.490   0.523   0.691   0.180   0.467   0.223   0.722
              0.038   0.031   0.007   0.012   0.045
  41  3.791   0.323   0.491   0.378   0.731   0.331   0.578   0.205   0.621
              0.050   0.022   0.008   0.019   0.031
  42  4.158   0.700   0.359   0.707   0.836   0.686   0.286   0.125   0.298
              0.048   0.027   0.022   0.031   0.034
  43  3.920   0.444   0.448   0.474   0.629   0.531   0.475   0.280   0.453
              0.051   0.033   0.020   0.032   0.051
  44  3.915   0.458   0.444   0.498   0.594   0.509   0.439   0.324   0.462
              0.050   0.032   0.025   0.033   0.047
  45  3.954   0.393   0.468   0.581   0.640   0.562   0.409   0.294   0.422
              0.044   0.031   0.023   0.033   0.055
  46  3.958   0.395   0.465   0.576   0.644   0.568   0.409   0.296   0.422
              0.045   0.031   0.023   0.031   0.053
  47  3.778   0.353   0.481   0.562   0.555   0.256   0.431   0.350   0.655
              0.037   0.025   0.013   0.023   0.038
  48  3.765   0.326   0.486   0.220   0.634   0.568   0.674   0.302   0.421
              0.029   0.015   0.013   0.030   0.046
  49  3.755   0.328   0.488   0.439   0.682   0.275   0.514   0.256   0.640
              0.044   0.023   0.022   0.017   0.028
  50  3.790   0.322   0.491   0.551   0.620   0.272   0.441   0.311   0.651
              0.037   0.024   0.011   0.021   0.038
  51  3.792   0.323   0.491   0.561   0.696   0.186   0.441   0.252   0.709
              0.035   0.030   0.016   0.011   0.041
  52  3.776   0.333   0.490   0.554   0.648   0.204   0.449   0.267   0.697
              0.034   0.031   0.015   0.014   0.042
  53  3.762   0.323   0.489   0.395   0.629   0.390   0.552   0.294   0.557
              0.048   0.023   0.009   0.022   0.032
  54  3.753   0.329   0.489   0.181   0.671   0.514   0.713   0.258   0.463
              0.034   0.011   0.015   0.032   0.043

Species: H                   
Atom  Qatom  Qorb
               1s      1s      2Ppy    2Ppz    2Ppx    
  55  1.247   0.909   0.230   0.033   0.033   0.043
  56  1.252   0.910   0.235   0.024   0.038   0.045
  57  1.239   0.886   0.246   0.027   0.036   0.045
  58  1.249   0.911   0.229   0.049   0.039   0.021
  59  1.253   0.911   0.234   0.022   0.035   0.051
  60  1.250   0.913   0.229   0.034   0.040   0.034
  61  1.252   0.897   0.243   0.049   0.035   0.028
  62  1.249   0.880   0.255   0.025   0.035   0.053
  63  1.243   0.884   0.250   0.021   0.034   0.055
  64  1.243   0.903   0.233   0.042   0.037   0.028
  65  1.245   0.906   0.232   0.044   0.036   0.027
  66  1.249   0.906   0.236   0.018   0.036   0.053
  67  1.252   0.890   0.248   0.037   0.034   0.043
  68  1.246   0.907   0.231   0.050   0.038   0.020
  69  1.245   0.906   0.232   0.022   0.037   0.048
  70  1.249   0.906   0.236   0.033   0.035   0.039
  71  1.254   0.890   0.246   0.037   0.033   0.048
  72  1.251   0.868   0.265   0.057   0.036   0.025
  73  1.243   0.892   0.243   0.051   0.034   0.023
  74  1.148   1.111   0.002   0.022   0.007   0.006
  75  1.245   0.878   0.252   0.053   0.035   0.026
  76  1.239   0.898   0.235   0.027   0.037   0.042
  77  1.246   0.894   0.242   0.054   0.031   0.025
  78  1.241   0.902   0.233   0.027   0.039   0.040
  79  1.255   0.836   0.293   0.058   0.041   0.026
  80  1.242   0.898   0.239   0.052   0.034   0.019
  81  1.236   0.867   0.259   0.031   0.034   0.044
  82  1.243   0.896   0.242   0.053   0.032   0.020
  83  1.257   0.882   0.253   0.058   0.036   0.028
  84  1.246   0.901   0.236   0.053   0.034   0.023
  85  1.229   0.876   0.248   0.029   0.032   0.044

mulliken: Qtot =      247.000

Mulliken Atomic Populations:
Atom #   charge [q] valence [e]  Species
     1     0.078308    3.921692  C
     2     0.237887    3.762113  C
     3     0.233294    3.766706  C
     4     0.060252    3.939748  C
     5     0.047131    3.952869  C
     6     0.204056    3.795944  C
     7     0.060804    3.939196  C
     8    -0.000495    4.000495  C
     9     0.064060    3.935940  C
    10    -0.023710    4.023710  C
    11     0.262865    3.737135  C
    12     0.246605    3.753395  C
    13     0.241904    3.758096  C
    14     0.229401    3.770599  C
    15     0.227850    3.772150  C
    16     0.244069    3.755931  C
    17    -0.112236    4.112236  C
    18    -0.002089    4.002089  C
    19     0.035334    3.964666  C
    20     0.055282    3.944718  C
    21     0.240933    3.759067  C
    22     0.209844    3.790156  C
    23     0.221349    3.778651  C
    24     0.027645    3.972355  C
    25     0.052867    3.947133  C
    26     0.020285    3.979715  C
    27     0.226906    3.773094  C
    28     0.220519    3.779481  C
    29     0.000454    3.999546  C
    30     0.037265    3.962735  C
    31     0.047545    3.952455  C
    32     0.045568    3.954432  C
    33     0.040402    3.959598  C
    34     0.217680    3.782320  C
    35     0.243100    3.756900  C
    36     0.246724    3.753276  C
    37     0.210073    3.789927  C
    38     0.219622    3.780378  C
    39     0.241675    3.758325  C
    40     0.246175    3.753825  C
    41     0.209204    3.790796  C
    42    -0.157792    4.157792  C
    43     0.079566    3.920434  C
    44     0.085441    3.914559  C
    45     0.045780    3.954220  C
    46     0.041555    3.958445  C
    47     0.221582    3.778418  C
    48     0.234911    3.765089  C
    49     0.244945    3.755055  C
    50     0.209567    3.790433  C
    51     0.207507    3.792493  C
    52     0.224229    3.775771  C
    53     0.237743    3.762257  C
    54     0.246919    3.753081  C
    55    -0.246728    1.246728  H
    56    -0.251911    1.251911  H
    57    -0.238980    1.238980  H
    58    -0.248547    1.248547  H
    59    -0.252760    1.252760  H
    60    -0.249500    1.249500  H
    61    -0.252359    1.252359  H
    62    -0.249075    1.249075  H
    63    -0.243378    1.243378  H
    64    -0.243177    1.243177  H
    65    -0.244799    1.244799  H
    66    -0.249391    1.249391  H
    67    -0.252428    1.252428  H
    68    -0.245528    1.245528  H
    69    -0.244700    1.244700  H
    70    -0.249298    1.249298  H
    71    -0.254388    1.254388  H
    72    -0.250532    1.250532  H
    73    -0.242631    1.242631  H
    74    -0.148315    1.148315  H
    75    -0.245225    1.245225  H
    76    -0.239335    1.239335  H
    77    -0.245883    1.245883  H
    78    -0.241278    1.241278  H
    79    -0.254511    1.254511  H
    80    -0.241639    1.241639  H
    81    -0.235812    1.235812  H
    82    -0.243481    1.243481  H
    83    -0.257434    1.257434  H
    84    -0.246221    1.246221  H
    85    -0.229115    1.229115  H
--------------------
 Total     0.000000

                     ====================================
                        Begin CG opt. move =      2
                     ====================================

outcoor: Atomic coordinates (Ang):                          
   -2.72863830   -1.54580171    0.62030607   1       1  C
   -2.67238197   -2.84960381    0.06303851   1       2  C
   -1.57219687   -3.28130197   -0.65338120   1       3  C
   -0.50331729   -2.42676818   -0.87520395   1       4  C
   -0.49651029   -1.10314318   -0.39441187   1       5  C
   -1.61598390   -0.68970121    0.38944380   1       6  C
    0.72841021   -2.89763427   -1.28588619   1       7  C
    1.70017967   -2.27638735   -1.67668502   1       8  C
    1.68412338   -0.88036978   -1.52676605   1       9  C
    0.62327393   -0.27059165   -0.78306017   1      10  C
    2.69605763   -2.96650652   -2.34250336   1      11  C
    3.73893905   -2.25301758   -2.91031372   1      12  C
    3.76096235   -0.85562956   -2.81786698   1      13  C
    2.74463943   -0.17583162   -2.14304910   1      14  C
   -1.58272174    4.20212869   -0.87434746   1      15  C
   -2.66774737    3.67245485   -1.69587448   1      16  C
   -2.62761808    2.38394127   -2.07609960   1      17  C
    0.62775284    1.21632127   -0.46136415   1      18  C
   -0.49131364    2.03063977   -0.86349863   1      19  C
   -0.54335023    3.40770427   -0.49820160   1      20  C
   -1.51119518    1.54116841   -1.64513272   1      21  C
    2.97293128    1.22594425    0.51677094   1      22  C
    0.49496570    3.97766722    0.22506250   1      23  C
    4.08194318    1.94240354    1.02683581   1      24  C
    1.62942033    3.24796811    0.53789866   1      25  C
    1.73769141    1.86720581    0.20259349   1      26  C
    2.68586542    3.91653400    1.16844013   1      27  C
    3.88750400    3.28371941    1.39115974   1      28  C
    5.45962161    1.36141470    1.08424074   1      29  C
    5.88371727   -0.05720633    1.15482509   1      30  C
    7.26461331   -0.12544138    0.96633042   1      31  C
    7.78210009    1.21082015    0.75263891   1      32  C
    6.72205990    2.11481214    0.80409470   1      33  C
    5.15723040   -1.23516611    1.37839102   1      34  C
    5.83899487   -2.46295654    1.38259566   1      35  C
    7.22914295   -2.51362019    1.17405171   1      36  C
    7.95373196   -1.33480816    0.96656770   1      37  C
    6.97408293    3.47315567    0.52839016   1      38  C
    8.28576205    3.89262556    0.25871547   1      39  C
    9.34061380    2.96851346    0.24382459   1      40  C
    9.09063953    1.61296199    0.48389471   1      41  C
   -3.95369653   -1.08538290    1.43686553   1      42  C
   -4.72514350    0.05558033    0.79777789   1      43  C
   -5.06431005   -2.12006309    1.54631585   1      44  C
   -6.23911186   -1.67187514    0.95468820   1      45  C
   -6.03343662   -0.32264221    0.50002751   1      46  C
   -5.03045728   -3.39192300    2.13383344   1      47  C
   -6.17827793   -4.20039673    2.08434381   1      48  C
   -7.35203402   -3.73672845    1.46329683   1      49  C
   -7.39076541   -2.45631737    0.89783895   1      50  C
   -6.94537873    0.54884424   -0.09340929   1      51  C
   -4.31698289    1.36665545    0.52954024   1      52  C
   -6.53130957    1.85470732   -0.37442567   1      53  C
   -5.22809663    2.26356908   -0.05261347   1      54  C
   -8.23391376   -4.36671546    1.42880196   2      55  H
   -8.29763620   -2.08729774    0.43198591   2      56  H
   -4.12539694   -3.75259625    2.60843103   2      57  H
   -6.16130353   -5.19048430    2.52486899   2      58  H
   -7.95954763    0.23572728   -0.31491664   2      59  H
   -7.22416499    2.55709442   -0.82411906   2      60  H
   -4.93087104    3.28485457   -0.25206048   2      61  H
   -3.32267051    1.70715005    0.78096214   2      62  H
    4.09178536   -1.22449061    1.55433956   2      63  H
    5.29127055   -3.38326217    1.54855939   2      64  H
    7.74510447   -3.46686638    1.17484194   2      65  H
    9.02573643   -1.36806834    0.80335133   2      66  H
    6.20103260    4.22170178    0.49279531   2      67  H
    8.48290339    4.93792903    0.04948600   2      68  H
   10.34757927    3.30473932    0.02517831   2      69  H
    9.90204824    0.89416649    0.44271960   2      70  H
   -3.47311028   -3.56276314    0.17327133   2      71  H
   -1.63328371    0.30485826    0.80837970   2      72  H
   -1.54257059   -4.28529451   -1.06017021   2      73  H
    0.87448450   -4.60888578   -0.43570152   2      74  H
    2.79591587    0.90434382   -2.10260440   2      75  H
    4.57460707   -0.30335468   -3.27275848   2      76  H
    2.65878046   -4.04737118   -2.41081864   2      77  H
    4.53214364   -2.77719867   -3.43011167   2      78  H
    3.12155531    0.19604817    0.26799413   2      79  H
    2.59482870    4.96400659    1.44010669   2      80  H
    4.67658691    3.85719830    1.84812565   2      81  H
    0.44909436    5.03170949    0.49025410   2      82  H
   -1.52666755    0.52289843   -2.00752681   2      83  H
   -1.61016891    5.25350108   -0.59395757   2      84  H
   -3.48920775    4.30894274   -2.00951393   2      85  H

outcell: Unit cell vectors (Ang):
       30.000000    0.000000    0.000000
        0.000000   20.000000    0.000000
        0.000000    0.000000   20.000000

outcell: Cell vector modules (Ang)   :   30.000000   20.000000   20.000000
outcell: Cell angles (23,13,12) (deg):     90.0000     90.0000     90.0000
outcell: Cell volume (Ang**3)        :  12000.0000
<dSpData1D:S at geom step 2
  <sparsity:sparsity for geom step 2
    nrows_g=857 nrows=857 sparsity=.3968 nnzs=291413, refcount: 7>
  <dData1D:(new from dSpData1D) n=291413, refcount: 1>
refcount: 1>
new_DM -- step:     3
Re-using DM from previous geometries...
Number of DMs in history: 1
 DM extrapolation coefficients: 
1   1.00000
New DM after history re-use:
<dSpData2D:SpM extrapolated using coords
  <sparsity:sparsity for geom step 2
    nrows_g=857 nrows=857 sparsity=.3968 nnzs=291413, refcount: 9>
  <dData2D:(temp array for extrapolation) n=291413 m=1, refcount: 1>
refcount: 1>
No. of atoms with KB's overlaping orbs in proc 0. Max # of overlaps:      85     202

InitMesh: MESH = 192 x 128 x 128 = 3145728
InitMesh: Mesh cutoff (required, used) =   100.000   113.204 Ry
New grid distribution [1]: sub = 2

        iscf     Eharris(eV)        E_KS(eV)     FreeEng(eV)     dDmax    Ef(eV) dHmax(eV)
   scf:    1    -8839.901158    -8840.266785    -8840.334865  0.089393 -4.115788  2.369879
   scf:    2    -8808.380727    -8830.652493    -8830.688331  0.346866 -4.023959 15.709892
   scf:    3    -8842.301316    -8837.568455    -8837.608332  0.084829 -4.114440  7.447262
   scf:    4    -8840.368627    -8839.222418    -8839.272867  0.094981 -4.134665  4.716472
   scf:    5    -8840.769173    -8840.126802    -8840.188032  0.067152 -4.126148  2.735371
   scf:    6    -8840.571756    -8840.378766    -8840.443630  0.034934 -4.126242  1.770113
   scf:    7    -8839.183659    -8840.249864    -8840.316923  0.156842 -4.129802  2.310479
   scf:    8    -8840.608603    -8840.547895    -8840.616308  0.077939 -4.127981  0.332261
   scf:    9    -8840.504394    -8840.546082    -8840.613059  0.021470 -4.129906  0.354965
mix: Pulay -- resetting history
mix: switching mixer --> Linear-Kick
   scf:   10    -8840.480255    -8840.534391    -8840.602708  0.031268 -4.128858  0.702681
mix: switching mixer --> Pulay
   scf:   11    -8825.467138    -8835.723821    -8835.767814  0.288080 -4.118498  9.687811
   scf:   12    -8832.192522    -8838.905952    -8838.975487  0.444003 -4.120712  6.083207
   scf:   13    -8840.232456    -8840.541449    -8840.608594  0.203345 -4.130157  0.643027
   scf:   14    -8840.544965    -8840.556041    -8840.624042  0.024712 -4.129227  0.157713
   scf:   15    -8840.554357    -8840.556793    -8840.624570  0.008584 -4.129808  0.120067
   scf:   16    -8840.556857    -8840.557209    -8840.625133  0.004262 -4.129800  0.018385
   scf:   17    -8840.556791    -8840.557132    -8840.624998  0.002443 -4.130073  0.060640
   scf:   18    -8840.557101    -8840.557219    -8840.625147  0.002179 -4.129981  0.010043
   scf:   19    -8840.557249    -8840.557240    -8840.625150  0.000514 -4.129990  0.006446
mix: Pulay -- resetting history
mix: switching mixer --> Linear-Kick
   scf:   20    -8840.557239    -8840.557239    -8840.625150  0.000014 -4.129984  0.006543
mix: switching mixer --> Pulay
   scf:   21    -8840.544629    -8840.552981    -8840.621182  0.009853 -4.129604  0.312873
   scf:   22    -8840.557541    -8840.557232    -8840.625151  0.009662 -4.129979  0.001987
   scf:   23    -8840.557236    -8840.557234    -8840.625151  0.000084 -4.129980  0.000317
   scf:   24    -8840.557235    -8840.557235    -8840.625151  0.000021 -4.129977  0.000350
   scf:   25    -8840.557234    -8840.557234    -8840.625151  0.000008 -4.129974  0.000066
   scf:   26    -8840.557235    -8840.557235    -8840.625151  0.000003 -4.129974  0.000084
   scf:   27    -8840.557234    -8840.557235    -8840.625151  0.000002 -4.129975  0.000016

SCF Convergence by DM+H criterion
max |DM_out - DM_in|         :     0.0000021091
max |H_out - H_in|      (eV) :     0.0000157786
SCF cycle converged after 27 iterations

Using DM_out to compute the final energy and forces
No. of atoms with KB's overlaping orbs in proc 0. Max # of overlaps:      85     202

siesta: E_KS(eV) =            -8840.5572

siesta: Atomic forces (eV/Ang):
     1   -0.382544    1.515410    1.805976
     2    0.584013   -0.625712   -0.408236
     3   -1.545742   -0.028179    0.703334
     4    0.913898   -0.822552    0.546673
     5   -0.418632    1.800713   -0.039378
     6   -0.409855   -0.784938   -0.157680
     7   -9.664602   -9.253932    5.353379
     8    7.651363    3.724262   -3.010465
     9   -0.372834    2.596915    0.348558
    10    0.063215    1.224540    0.349888
    11    3.021196    0.019007   -1.179058
    12   -0.337717   -0.996111    0.194618
    13   -0.711957    0.849811    0.534482
    14    0.935253   -0.227911   -0.682991
    15   -3.441870    0.459033   -2.188277
    16    1.340908    2.432519    1.520305
    17    2.460960   -3.499711    0.522134
    18    0.454948   -1.038886   -0.018417
    19    1.184544   -0.564886    0.873877
    20    0.731122   -0.303998    0.518696
    21   -3.707127    0.817482   -2.352517
    22    0.050015    0.681364    0.378669
    23    0.617067    0.001778    0.352266
    24    1.686079   -1.845892   -0.105672
    25   -0.809224    0.789327   -0.087444
    26    0.058401   -1.341472   -0.390218
    27    1.551645   -0.159346    0.473571
    28   -0.685495    1.317328    0.026504
    29   -0.456960    0.196342   -0.636740
    30   -1.702285    1.111498    0.072785
    31    1.342485   -0.197846   -0.138874
    32    1.088904   -0.754516   -0.051477
    33   -2.022411    0.569035    0.425101
    34    0.359376   -0.482407   -0.024039
    35    0.127924    0.444292   -0.074196
    36   -0.233602    0.170443    0.021770
    37   -0.345126   -0.115117    0.092919
    38    0.572012   -0.029604   -0.030830
    39   -0.259486   -0.444442    0.079462
    40   -0.198915   -0.032812    0.035078
    41   -0.200106    0.290894   -0.016311
    42   -1.043305   -1.261117   -3.319844
    43    1.961578    0.235100    1.124016
    44    2.241431    0.099007    0.999282
    45   -1.139247    0.344960   -0.226095
    46   -1.123007   -0.018402   -0.150763
    47   -0.412728   -0.230234   -0.174713
    48    0.167304    0.386167   -0.127302
    49    0.259114    0.210101    0.044575
    50    0.208139   -0.392130    0.241760
    51    0.343817    0.263399    0.037448
    52   -0.338658    0.138618   -0.295348
    53    0.258396   -0.074273    0.144986
    54   -0.180362   -0.394140   -0.000636
    55   -0.527381   -0.420700    0.003566
    56   -0.558654    0.226904   -0.319493
    57    0.568294   -0.237885    0.390226
    58    0.024256   -0.620522    0.300842
    59   -0.619480   -0.243999   -0.178851
    60   -0.411172    0.449061   -0.278913
    61    0.248254    0.666931   -0.072730
    62    0.696534    0.295912    0.207265
    63   -0.812440    0.054017    0.168608
    64   -0.380268   -0.553682    0.100735
    65    0.283433   -0.628961    0.013707
    66    0.651040   -0.016147   -0.082127
    67   -0.791006    0.502228   -0.003577
    68    0.097702    0.642539   -0.124678
    69    0.648598    0.206824   -0.120440
    70    0.471941   -0.460520   -0.011970
    71   -0.841554   -0.325514    0.226985
    72    0.116523    0.677908    0.373851
    73    0.096980   -0.643736   -0.203461
    74   -0.116742    2.616544   -2.081473
    75   -0.129487    0.720014    0.040344
    76    0.465028    0.432285   -0.288353
    77   -0.164628   -0.617908    0.009041
    78    0.506963   -0.323254   -0.383294
    79    0.034962   -1.062769   -0.281353
    80   -0.234088    0.574790    0.173106
    81    0.717373    0.287801    0.463205
    82   -0.043143    0.532557    0.183161
    83    0.301082   -0.722098   -0.252981
    84    0.013427    0.547884    0.179217
    85   -0.517034    0.667928   -0.014002
----------------------------------------
   Tot   -0.113376   -0.006797    0.070758
----------------------------------------
   Max    9.664602
   Res    1.379125    sqrt( Sum f_i^2 / 3N )
----------------------------------------
   Max    9.664602    constrained

Stress tensor Voigt[x,y,z,yz,xz,xy] (kbar):       -4.64       -5.71       -0.67       -0.25        0.60       -0.89
(Free)E + p*V (eV/cell)    -8813.1207
Target enthalpy (eV/cell)    -8840.6177

mulliken: Atomic and Orbital Populations:

Species: C                   
Atom  Qatom  Qorb
               2s      2s      2py     2pz     2px     2py     2pz     2px     
               3Pdxy   3Pdyz   3Pdz2   3Pdxz   3Pdx2-y2
   1  3.922   0.483   0.434   0.524   0.593   0.507   0.444   0.299   0.447
              0.050   0.034   0.030   0.029   0.049
   2  3.763   0.306   0.500   0.382   0.662   0.361   0.556   0.283   0.582
              0.043   0.024   0.023   0.015   0.027
   3  3.766   0.318   0.497   0.194   0.618   0.628   0.700   0.313   0.371
              0.030   0.017   0.016   0.027   0.038
   4  3.945   0.341   0.492   0.509   0.641   0.564   0.482   0.286   0.437
              0.059   0.032   0.019   0.031   0.052
   5  3.952   0.433   0.455   0.529   0.596   0.563   0.451   0.332   0.402
              0.047   0.038   0.031   0.030   0.044
   6  3.796   0.355   0.483   0.214   0.590   0.631   0.686   0.335   0.372
              0.028   0.019   0.018   0.025   0.041
   7  3.940   0.520   0.424   0.541   0.670   0.814   0.289   0.260   0.278
              0.033   0.018   0.015   0.033   0.045
   8  3.986   0.223   0.535   0.551   0.550   0.722   0.470   0.392   0.337
              0.058   0.043   0.027   0.029   0.051
   9  3.943   0.412   0.464   0.507   0.607   0.552   0.469   0.334   0.409
              0.046   0.037   0.034   0.025   0.046
  10  4.024   0.508   0.425   0.532   0.694   0.583   0.433   0.276   0.395
              0.043   0.037   0.026   0.024   0.047
  11  3.744   0.316   0.500   0.104   0.680   0.612   0.786   0.263   0.358
              0.027   0.016   0.024   0.021   0.038
  12  3.753   0.317   0.493   0.440   0.577   0.364   0.533   0.344   0.554
              0.043   0.033   0.012   0.011   0.032
  13  3.759   0.323   0.490   0.438   0.608   0.357   0.532   0.316   0.560
              0.042   0.035   0.015   0.011   0.032
  14  3.770   0.340   0.489   0.119   0.634   0.616   0.770   0.296   0.370
              0.026   0.017   0.026   0.025   0.043
  15  3.773   0.344   0.486   0.152   0.667   0.632   0.734   0.275   0.351
              0.026   0.017   0.022   0.025   0.042
  16  3.755   0.321   0.500   0.424   0.570   0.284   0.576   0.333   0.601
              0.054   0.033   0.019   0.013   0.025
  17  4.112   0.772   0.326   0.735   0.840   0.842   0.275   0.081   0.119
              0.036   0.029   0.014   0.013   0.031
  18  4.003   0.510   0.428   0.537   0.665   0.579   0.433   0.269   0.404
              0.046   0.036   0.025   0.025   0.047
  19  3.964   0.404   0.466   0.524   0.613   0.574   0.465   0.332   0.394
              0.048   0.038   0.032   0.028   0.047
  20  3.944   0.354   0.483   0.530   0.619   0.590   0.463   0.320   0.394
              0.048   0.039   0.028   0.027   0.050
  21  3.761   0.335   0.493   0.147   0.580   0.589   0.752   0.341   0.385
              0.027   0.019   0.021   0.023   0.048
  22  3.791   0.340   0.492   0.184   0.645   0.600   0.724   0.263   0.410
              0.031   0.013   0.015   0.030   0.044
  23  3.780   0.310   0.505   0.142   0.677   0.661   0.742   0.260   0.352
              0.029   0.014   0.020   0.026   0.042
  24  3.973   0.431   0.453   0.568   0.653   0.548   0.422   0.269   0.437
              0.052   0.035   0.018   0.035   0.052
  25  3.946   0.372   0.476   0.526   0.626   0.589   0.462   0.307   0.402
              0.052   0.036   0.023   0.028   0.049
  26  3.980   0.431   0.453   0.553   0.646   0.578   0.442   0.294   0.399
              0.050   0.032   0.025   0.029   0.048
  27  3.774   0.315   0.497   0.160   0.672   0.630   0.728   0.256   0.383
              0.030   0.011   0.016   0.031   0.045
  28  3.779   0.315   0.493   0.461   0.594   0.356   0.512   0.324   0.592
              0.044   0.025   0.009   0.020   0.034
  29  4.001   0.555   0.413   0.576   0.738   0.549   0.410   0.174   0.419
              0.049   0.030   0.008   0.033   0.047
  30  3.962   0.424   0.453   0.524   0.679   0.559   0.440   0.256   0.445
              0.051   0.036   0.010   0.031   0.054
  31  3.952   0.405   0.464   0.550   0.657   0.561   0.433   0.260   0.440
              0.052   0.038   0.009   0.032   0.051
  32  3.954   0.404   0.464   0.564   0.657   0.556   0.435   0.261   0.431
              0.051   0.034   0.010   0.035   0.052
  33  3.959   0.433   0.449   0.542   0.683   0.533   0.440   0.252   0.446
              0.054   0.035   0.011   0.030   0.050
  34  3.783   0.331   0.489   0.584   0.700   0.139   0.435   0.217   0.755
              0.032   0.035   0.006   0.009   0.051
  35  3.758   0.327   0.487   0.246   0.720   0.437   0.672   0.211   0.526
              0.049   0.016   0.007   0.025   0.035
  36  3.754   0.328   0.489   0.227   0.713   0.453   0.688   0.204   0.518
              0.047   0.014   0.008   0.027   0.037
  37  3.790   0.322   0.492   0.590   0.722   0.129   0.435   0.209   0.760
              0.032   0.034   0.005   0.009   0.051
  38  3.781   0.327   0.490   0.371   0.713   0.348   0.588   0.209   0.601
              0.051   0.023   0.009   0.019   0.031
  39  3.759   0.327   0.487   0.153   0.709   0.541   0.739   0.222   0.449
              0.034   0.010   0.007   0.031   0.050
  40  3.754   0.326   0.489   0.523   0.691   0.180   0.467   0.223   0.722
              0.038   0.031   0.007   0.012   0.045
  41  3.791   0.323   0.491   0.379   0.731   0.332   0.578   0.205   0.621
              0.050   0.022   0.008   0.019   0.031
  42  4.156   0.694   0.361   0.706   0.833   0.684   0.289   0.127   0.300
              0.048   0.027   0.022   0.031   0.034
  43  3.921   0.445   0.448   0.475   0.631   0.529   0.474   0.279   0.453
              0.051   0.033   0.020   0.032   0.051
  44  3.915   0.459   0.443   0.499   0.595   0.509   0.438   0.323   0.461
              0.050   0.032   0.025   0.033   0.047
  45  3.954   0.395   0.467   0.581   0.640   0.560   0.409   0.294   0.423
              0.044   0.031   0.023   0.033   0.055
  46  3.958   0.396   0.465   0.577   0.644   0.566   0.409   0.295   0.423
              0.045   0.031   0.023   0.031   0.053
  47  3.779   0.353   0.481   0.562   0.555   0.256   0.431   0.350   0.654
              0.037   0.025   0.013   0.023   0.039
  48  3.766   0.327   0.486   0.221   0.634   0.568   0.673   0.302   0.421
              0.029   0.015   0.013   0.030   0.046
  49  3.755   0.329   0.488   0.439   0.682   0.276   0.513   0.256   0.639
              0.043   0.023   0.022   0.017   0.028
  50  3.791   0.322   0.491   0.552   0.619   0.272   0.441   0.312   0.651
              0.037   0.024   0.011   0.021   0.038
  51  3.793   0.323   0.491   0.562   0.696   0.187   0.441   0.252   0.708
              0.035   0.030   0.016   0.011   0.041
  52  3.776   0.333   0.490   0.554   0.647   0.205   0.449   0.267   0.696
              0.034   0.031   0.015   0.014   0.042
  53  3.763   0.324   0.488   0.396   0.629   0.390   0.552   0.294   0.557
              0.048   0.023   0.009   0.022   0.032
  54  3.754   0.330   0.489   0.181   0.671   0.514   0.713   0.258   0.463
              0.034   0.011   0.015   0.032   0.043

Species: H                   
Atom  Qatom  Qorb
               1s      1s      2Ppy    2Ppz    2Ppx    
  55  1.246   0.909   0.230   0.032   0.032   0.043
  56  1.251   0.910   0.234   0.024   0.038   0.045
  57  1.239   0.886   0.245   0.027   0.036   0.045
  58  1.248   0.911   0.229   0.049   0.039   0.021
  59  1.252   0.911   0.234   0.022   0.034   0.051
  60  1.249   0.913   0.228   0.034   0.040   0.034
  61  1.252   0.897   0.243   0.049   0.035   0.028
  62  1.249   0.880   0.255   0.025   0.035   0.053
  63  1.243   0.884   0.249   0.021   0.034   0.055
  64  1.243   0.903   0.232   0.042   0.037   0.028
  65  1.245   0.906   0.232   0.044   0.036   0.027
  66  1.249   0.906   0.236   0.018   0.036   0.053
  67  1.252   0.890   0.248   0.037   0.034   0.043
  68  1.245   0.907   0.231   0.050   0.038   0.020
  69  1.244   0.906   0.232   0.022   0.037   0.048
  70  1.249   0.906   0.236   0.033   0.035   0.039
  71  1.254   0.890   0.246   0.037   0.033   0.048
  72  1.250   0.867   0.265   0.057   0.036   0.025
  73  1.242   0.892   0.243   0.051   0.034   0.023
  74  1.142   1.097   0.009   0.023   0.007   0.006
  75  1.245   0.879   0.252   0.053   0.035   0.026
  76  1.239   0.898   0.235   0.027   0.037   0.041
  77  1.246   0.895   0.241   0.054   0.031   0.025
  78  1.241   0.903   0.233   0.027   0.039   0.040
  79  1.254   0.836   0.293   0.058   0.041   0.026
  80  1.241   0.898   0.239   0.052   0.033   0.019
  81  1.236   0.867   0.259   0.031   0.034   0.044
  82  1.243   0.896   0.242   0.053   0.032   0.020
  83  1.257   0.883   0.253   0.058   0.036   0.028
  84  1.246   0.902   0.235   0.053   0.034   0.023
  85  1.229   0.876   0.248   0.029   0.032   0.044

mulliken: Qtot =      247.000

Mulliken Atomic Populations:
Atom #   charge [q] valence [e]  Species
     1     0.078166    3.921834  C
     2     0.237279    3.762721  C
     3     0.234429    3.765571  C
     4     0.055131    3.944869  C
     5     0.048188    3.951812  C
     6     0.203618    3.796382  C
     7     0.059989    3.940011  C
     8     0.014100    3.985900  C
     9     0.057373    3.942627  C
    10    -0.023601    4.023601  C
    11     0.255967    3.744033  C
    12     0.246788    3.753212  C
    13     0.240793    3.759207  C
    14     0.229680    3.770320  C
    15     0.226946    3.773054  C
    16     0.244859    3.755141  C
    17    -0.112478    4.112478  C
    18    -0.003258    4.003258  C
    19     0.036462    3.963538  C
    20     0.056076    3.943924  C
    21     0.238892    3.761108  C
    22     0.208802    3.791198  C
    23     0.219867    3.780133  C
    24     0.027450    3.972550  C
    25     0.053569    3.946431  C
    26     0.020421    3.979579  C
    27     0.226233    3.773767  C
    28     0.220595    3.779405  C
    29    -0.000530    4.000530  C
    30     0.037523    3.962477  C
    31     0.047794    3.952206  C
    32     0.045908    3.954092  C
    33     0.040579    3.959421  C
    34     0.217215    3.782785  C
    35     0.242375    3.757625  C
    36     0.246270    3.753730  C
    37     0.209550    3.790450  C
    38     0.219029    3.780971  C
    39     0.240989    3.759011  C
    40     0.245773    3.754227  C
    41     0.208687    3.791313  C
    42    -0.156388    4.156388  C
    43     0.079258    3.920742  C
    44     0.084913    3.915087  C
    45     0.046443    3.953557  C
    46     0.041942    3.958058  C
    47     0.220975    3.779025  C
    48     0.234307    3.765693  C
    49     0.244578    3.755422  C
    50     0.208980    3.791020  C
    51     0.206935    3.793065  C
    52     0.223527    3.776473  C
    53     0.237204    3.762796  C
    54     0.246246    3.753754  C
    55    -0.246288    1.246288  H
    56    -0.251454    1.251454  H
    57    -0.238628    1.238628  H
    58    -0.248094    1.248094  H
    59    -0.252377    1.252377  H
    60    -0.249179    1.249179  H
    61    -0.251910    1.251910  H
    62    -0.248543    1.248543  H
    63    -0.242991    1.242991  H
    64    -0.242907    1.242907  H
    65    -0.244501    1.244501  H
    66    -0.249029    1.249029  H
    67    -0.251896    1.251896  H
    68    -0.245103    1.245103  H
    69    -0.244400    1.244400  H
    70    -0.248939    1.248939  H
    71    -0.254083    1.254083  H
    72    -0.249550    1.249550  H
    73    -0.242394    1.242394  H
    74    -0.141915    1.141915  H
    75    -0.245128    1.245128  H
    76    -0.239026    1.239026  H
    77    -0.246146    1.246146  H
    78    -0.241466    1.241466  H
    79    -0.253570    1.253570  H
    80    -0.241423    1.241423  H
    81    -0.235584    1.235584  H
    82    -0.243385    1.243385  H
    83    -0.257410    1.257410  H
    84    -0.246182    1.246182  H
    85    -0.228914    1.228914  H
--------------------
 Total     0.000000

                     ====================================
                        Begin CG opt. move =      3
                     ====================================

outcoor: Atomic coordinates (Ang):                          
   -2.72907554   -1.54376655    0.62257742   1       1  C
   -2.67153616   -2.85040933    0.06242052   1       2  C
   -1.57399314   -3.28125140   -0.65255711   1       3  C
   -0.50139776   -2.42797827   -0.87484271   1       4  C
   -0.49714968   -1.10096789   -0.39430178   1       5  C
   -1.61648476   -0.69088384    0.38915677   1       6  C
    0.70841021   -2.91290327   -1.27634780   1       7  C
    1.71710264   -2.26728089   -1.68354128   1       8  C
    1.68333064   -0.87695821   -1.52614624   1       9  C
    0.62363360   -0.26912130   -0.78277043   1      10  C
    2.69995780   -2.96626611   -2.34400716   1      11  C
    3.73799445   -2.25459885   -2.90978880   1      12  C
    3.75990129   -0.85426171   -2.81706948   1      13  C
    2.74594708   -0.17649429   -2.14400719   1      14  C
   -1.58733846    4.20278176   -0.87723671   1      15  C
   -2.66595424    3.67596647   -1.69375962   1      16  C
   -2.62448024    2.37905179   -2.07557904   1      17  C
    0.62834953    1.21506617   -0.46136723   1      18  C
   -0.48955490    2.02997812   -0.86224157   1      19  C
   -0.54218354    3.40723177   -0.49744471   1      20  C
   -1.51615634    1.54220031   -1.64824141   1      21  C
    2.97291737    1.22701765    0.51726217   1      22  C
    0.49587668    3.97753137    0.22552515   1      23  C
    4.08416779    1.93980488    1.02664690   1      24  C
    1.62816453    3.24916330    0.53774158   1      25  C
    1.73775191    1.86530748    0.20204609   1      26  C
    2.68806940    3.91620252    1.16909427   1      27  C
    3.88634012    3.28566621    1.39119671   1      28  C
    5.45905052    1.36167832    1.08346091   1      29  C
    5.88134435   -0.05576175    1.15495522   1      30  C
    7.26656302   -0.12575456    0.96612264   1      31  C
    7.78370553    1.20972772    0.75254891   1      32  C
    6.71931733    2.11567586    0.80463332   1      33  C
    5.15783271   -1.23588415    1.37834719   1      34  C
    5.83916943   -2.46226277    1.38248837   1      35  C
    7.22882555   -2.51331561    1.17407528   1      36  C
    7.95316114   -1.33491827    0.96669977   1      37  C
    6.97499927    3.47306327    0.52833081   1      38  C
    8.28534737    3.89196822    0.25884589   1      39  C
    9.34029703    2.96841941    0.24388746   1      40  C
    9.09026756    1.61340197    0.48388334   1      41  C
   -3.95510607   -1.08691609    1.43281163   1      42  C
   -4.72240360    0.05592246    0.79924047   1      43  C
   -5.06122570   -2.12002080    1.54771746   1      44  C
   -6.24079292   -1.67139587    0.95427066   1      45  C
   -6.03509894   -0.32270330    0.49975066   1      46  C
   -5.03116132   -3.39220766    2.13355358   1      47  C
   -6.17801626   -4.19980715    2.08415341   1      48  C
   -7.35165052   -3.73637055    1.46333163   1      49  C
   -7.39038296   -2.45686540    0.89820234   1      50  C
   -6.94481293    0.54919671   -0.09332700   1      51  C
   -4.31757961    1.36682300    0.52910935   1      52  C
   -6.53093020    1.85453439   -0.37419948   1      53  C
   -5.22832452    2.26295895   -0.05257888   1      54  C
   -8.23460775   -4.36726207    1.42880341   2      55  H
   -8.29836917   -2.08699134    0.43156667   2      56  H
   -4.12464402   -3.75289076    2.60892976   2      57  H
   -6.16127642   -5.19130504    2.52526215   2      58  H
   -7.96036341    0.23540568   -0.31514454   2      59  H
   -7.22470382    2.55767742   -0.82448254   2      60  H
   -4.93055222    3.28573496   -0.25216490   2      61  H
   -3.32175673    1.70751427    0.78123873   2      62  H
    4.09072653   -1.22440931    1.55455476   2      63  H
    5.29077300   -3.38399957    1.54869272   2      64  H
    7.74547940   -3.46768124    1.17485825   2      65  H
    9.02658849   -1.36808197    0.80324083   2      66  H
    6.20000146    4.22236456    0.49279183   2      67  H
    8.48303968    4.93878301    0.04931952   2      68  H
   10.34841857    3.30500638    0.02502097   2      69  H
    9.90266380    0.89356187    0.44270444   2      70  H
   -3.47416587   -3.56319655    0.17355474   2      71  H
   -1.63315269    0.30577857    0.80887744   2      72  H
   -1.54242982   -4.28613771   -1.06043792   2      73  H
    0.87442838   -4.60597664   -0.43806610   2      74  H
    2.79573442    0.90527569   -2.10253334   2      75  H
    4.57522177   -0.30280074   -3.27313639   2      76  H
    2.65858013   -4.04817473   -2.41081020   2      77  H
    4.53277066   -2.77763619   -3.43058858   2      78  H
    3.12161871    0.19463469    0.26762558   2      79  H
    2.59453044    4.96474727    1.44031976   2      80  H
    4.67748391    3.85755379    1.84869470   2      81  H
    0.44903813    5.03237801    0.49048012   2      82  H
   -1.52629412    0.52201283   -2.00782172   2      83  H
   -1.61013095    5.25417822   -0.59372536   2      84  H
   -3.48986755    4.30977719   -2.00953916   2      85  H

outcell: Unit cell vectors (Ang):
       30.000000    0.000000    0.000000
        0.000000   20.000000    0.000000
        0.000000    0.000000   20.000000

outcell: Cell vector modules (Ang)   :   30.000000   20.000000   20.000000
outcell: Cell angles (23,13,12) (deg):     90.0000     90.0000     90.0000
outcell: Cell volume (Ang**3)        :  12000.0000
<dSpData1D:S at geom step 3
  <sparsity:sparsity for geom step 3
    nrows_g=857 nrows=857 sparsity=.3971 nnzs=291645, refcount: 7>
  <dData1D:(new from dSpData1D) n=291645, refcount: 1>
refcount: 1>
new_DM -- step:     4
Re-using DM from previous geometries...
Number of DMs in history: 1
 DM extrapolation coefficients: 
1   1.00000
New DM after history re-use:
<dSpData2D:SpM extrapolated using coords
  <sparsity:sparsity for geom step 3
    nrows_g=857 nrows=857 sparsity=.3971 nnzs=291645, refcount: 9>
  <dData2D:(temp array for extrapolation) n=291645 m=1, refcount: 1>
refcount: 1>
No. of atoms with KB's overlaping orbs in proc 0. Max # of overlaps:      85     202

InitMesh: MESH = 192 x 128 x 128 = 3145728
InitMesh: Mesh cutoff (required, used) =   100.000   113.204 Ry
New grid distribution [1]: sub = 2

        iscf     Eharris(eV)        E_KS(eV)     FreeEng(eV)     dDmax    Ef(eV) dHmax(eV)
   scf:    1    -8840.394732    -8840.887611    -8840.954547  0.097003 -4.114029  2.640189
   scf:    2    -8804.563986    -8829.980881    -8830.017280  0.344142 -4.250363 16.605405
   scf:    3    -8843.705050    -8838.188482    -8838.225818  0.083452 -4.140861  7.483779
   scf:    4    -8840.531488    -8839.510882    -8839.555988  0.070979 -4.143896  5.295165
   scf:    5    -8840.182088    -8839.870472    -8839.919696  0.023871 -4.132846  4.874662
   scf:    6    -8841.653174    -8841.026635    -8841.089695  0.098923 -4.126776  1.996426
   scf:    7    -8839.419851    -8840.847648    -8840.913266  0.177163 -4.130886  2.706054
   scf:    8    -8841.349168    -8841.222334    -8841.289677  0.078958 -4.128922  0.662961
   scf:    9    -8840.724735    -8841.128591    -8841.191137  0.064218 -4.132595  1.228696
mix: Pulay -- resetting history
mix: switching mixer --> Linear-Kick
   scf:   10    -8841.213463    -8841.216844    -8841.282429  0.039718 -4.130493  0.841540
mix: switching mixer --> Pulay
   scf:   11    -8823.831553    -8835.732865    -8835.769620  0.350408 -4.212077  8.839288
   scf:   12    -8812.270100    -8833.608287    -8833.659113  0.663325 -4.108903 13.401504
   scf:   13    -8841.369261    -8841.172331    -8841.239154  0.416418 -4.129852  1.235443
   scf:   14    -8841.270324    -8841.249228    -8841.316153  0.037220 -4.129647  0.349871
   scf:   15    -8841.019331    -8841.188053    -8841.252881  0.050624 -4.132874  1.303031
   scf:   16    -8841.221873    -8841.257840    -8841.324334  0.049082 -4.130655  0.266220
   scf:   17    -8841.258602    -8841.260766    -8841.326999  0.010852 -4.131563  0.080442
   scf:   18    -8841.260873    -8841.260966    -8841.327298  0.002658 -4.131810  0.016883
   scf:   19    -8841.260800    -8841.260978    -8841.327227  0.002044 -4.131885  0.039478
mix: Pulay -- resetting history
mix: switching mixer --> Linear-Kick
   scf:   20    -8841.260997    -8841.261028    -8841.327316  0.001424 -4.131918  0.007032
mix: switching mixer --> Pulay
   scf:   21    -8841.248096    -8841.256622    -8841.323337  0.009601 -4.131474  0.310161
   scf:   22    -8841.209798    -8841.247664    -8841.313555  0.026044 -4.132442  0.524242
   scf:   23    -8841.260525    -8841.261016    -8841.327317  0.016793 -4.131885  0.004448
   scf:   24    -8841.261026    -8841.261022    -8841.327318  0.000220 -4.131906  0.002655
   scf:   25    -8841.261018    -8841.261020    -8841.327318  0.000028 -4.131915  0.001781
   scf:   26    -8841.261016    -8841.261018    -8841.327318  0.000053 -4.131928  0.000155
   scf:   27    -8841.261018    -8841.261018    -8841.327318  0.000005 -4.131934  0.000067
   scf:   28    -8841.261018    -8841.261018    -8841.327318  0.000003 -4.131935  0.000025

SCF Convergence by DM+H criterion
max |DM_out - DM_in|         :     0.0000030637
max |H_out - H_in|      (eV) :     0.0000254113
SCF cycle converged after 28 iterations

Using DM_out to compute the final energy and forces
No. of atoms with KB's overlaping orbs in proc 0. Max # of overlaps:      85     202

siesta: E_KS(eV) =            -8841.2610

siesta: Atomic forces (eV/Ang):
     1   -0.398028    1.365389    1.726253
     2    0.485432   -0.586687   -0.321800
     3   -1.569695   -0.082502    0.707860
     4    0.320953   -0.640124    0.743152
     5   -0.331657    1.772581   -0.134850
     6   -0.394387   -0.626126   -0.098944
     7   -5.428337   -7.339863    3.797580
     8    3.907811    1.541743   -1.401996
     9   -0.142597    2.399004    0.217464
    10   -0.114129    1.208922    0.426382
    11    2.835024   -0.137067   -1.127204
    12    0.009374   -0.739965    0.005819
    13   -0.569908    0.627668    0.428172
    14    0.807922    0.019227   -0.588638
    15   -3.103501    0.403510   -1.995748
    16    1.199703    2.056401    1.322712
    17    2.307708   -3.046030    0.569965
    18    0.419628   -1.023420   -0.030782
    19    0.973105   -0.563299    0.741658
    20    0.551055   -0.241904    0.431463
    21   -3.347146    0.757841   -2.152367
    22    0.095110    0.517099    0.352265
    23    0.503637    0.089423    0.323403
    24    1.543043   -1.593627   -0.068041
    25   -0.622161    0.627101   -0.052732
    26    0.065319   -1.151366   -0.336823
    27    1.318029   -0.066807    0.414872
    28   -0.460765    1.078623    0.025452
    29   -0.437268    0.176503   -0.620704
    30   -1.484508    1.030588    0.046097
    31    1.122855   -0.147972   -0.112544
    32    0.895570   -0.634517   -0.033324
    33   -1.809750    0.455352    0.403495
    34    0.249445   -0.389975   -0.014627
    35    0.113972    0.339541   -0.062137
    36   -0.208209    0.106585    0.023132
    37   -0.243891   -0.132207    0.079242
    38    0.422729    0.005105   -0.016340
    39   -0.192052   -0.363005    0.056780
    40   -0.148383    0.001526    0.021810
    41   -0.115349    0.232014   -0.021500
    42   -0.930961   -1.237183   -3.247016
    43    1.707348    0.199383    1.043855
    44    1.976986    0.141107    0.866752
    45   -0.937119    0.303032   -0.135050
    46   -0.920375    0.004054   -0.090000
    47   -0.278130   -0.221676   -0.129678
    48    0.126841    0.303699   -0.102895
    49    0.211729    0.141819    0.056055
    50    0.123167   -0.340227    0.193704
    51    0.245010    0.238988    0.013341
    52   -0.216984    0.135845   -0.244371
    53    0.212693   -0.021522    0.111034
    54   -0.171246   -0.305192   -0.022732
    55   -0.484629   -0.390958    0.005314
    56   -0.514815    0.203524   -0.294306
    57    0.519078   -0.230203    0.367779
    58    0.025275   -0.567706    0.278184
    59   -0.568998   -0.223777   -0.169052
    60   -0.379157    0.417560   -0.258430
    61    0.233015    0.611124   -0.061452
    62    0.641884    0.287790    0.188123
    63   -0.753140    0.043036    0.159149
    64   -0.351241   -0.503325    0.092095
    65    0.259197   -0.585919    0.013683
    66    0.601285   -0.019689   -0.073965
    67   -0.732889    0.460791   -0.004145
    68    0.084934    0.585250   -0.113066
    69    0.604867    0.193280   -0.111411
    70    0.437263   -0.424067   -0.011394
    71   -0.805485   -0.296059    0.217934
    72    0.120789    0.605873    0.340287
    73    0.080184   -0.593263   -0.186875
    74   -0.175866    2.726172   -2.136941
    75   -0.111435    0.672023    0.025805
    76    0.425164    0.406348   -0.265606
    77   -0.163801   -0.572963    0.013306
    78    0.490986   -0.290399   -0.368740
    79    0.021532   -0.968313   -0.259704
    80   -0.220980    0.537712    0.168249
    81    0.688244    0.278867    0.450630
    82   -0.039845    0.509393    0.177450
    83    0.290067   -0.703036   -0.255052
    84   -0.000506    0.529602    0.166161
    85   -0.486435    0.641564   -0.009109
----------------------------------------
   Tot   -0.090790   -0.012364    0.071821
----------------------------------------
   Max    7.339863
   Res    1.046666    sqrt( Sum f_i^2 / 3N )
----------------------------------------
   Max    7.339863    constrained

Stress tensor Voigt[x,y,z,yz,xz,xy] (kbar):       -4.36       -5.37       -0.62       -0.31        0.53       -0.62
(Free)E + p*V (eV/cell)    -8815.4849
Target enthalpy (eV/cell)    -8841.3198

mulliken: Atomic and Orbital Populations:

Species: C                   
Atom  Qatom  Qorb
               2s      2s      2py     2pz     2px     2py     2pz     2px     
               3Pdxy   3Pdyz   3Pdz2   3Pdxz   3Pdx2-y2
   1  3.922   0.482   0.434   0.523   0.593   0.508   0.445   0.299   0.447
              0.050   0.033   0.030   0.029   0.049
   2  3.763   0.307   0.499   0.382   0.662   0.362   0.555   0.283   0.581
              0.043   0.024   0.023   0.015   0.027
   3  3.764   0.319   0.496   0.194   0.618   0.627   0.699   0.313   0.369
              0.030   0.017   0.016   0.027   0.037
   4  3.951   0.333   0.494   0.511   0.637   0.574   0.481   0.290   0.435
              0.060   0.033   0.019   0.031   0.052
   5  3.951   0.434   0.454   0.527   0.597   0.563   0.451   0.331   0.402
              0.047   0.038   0.031   0.030   0.044
   6  3.797   0.355   0.483   0.214   0.590   0.631   0.685   0.336   0.372
              0.027   0.019   0.018   0.025   0.041
   7  3.941   0.547   0.416   0.534   0.679   0.798   0.292   0.249   0.284
              0.034   0.017   0.015   0.033   0.043
   8  3.969   0.246   0.527   0.541   0.560   0.680   0.474   0.378   0.359
              0.058   0.043   0.026   0.028   0.049
   9  3.950   0.409   0.465   0.517   0.606   0.556   0.466   0.335   0.407
              0.047   0.038   0.034   0.025   0.046
  10  4.023   0.505   0.426   0.534   0.693   0.583   0.433   0.276   0.396
              0.043   0.037   0.027   0.024   0.047
  11  3.752   0.309   0.501   0.105   0.680   0.621   0.786   0.265   0.357
              0.027   0.016   0.024   0.021   0.038
  12  3.753   0.317   0.493   0.441   0.575   0.364   0.532   0.344   0.555
              0.043   0.033   0.012   0.011   0.033
  13  3.761   0.325   0.489   0.438   0.609   0.357   0.531   0.316   0.560
              0.042   0.035   0.015   0.011   0.032
  14  3.770   0.340   0.489   0.119   0.632   0.616   0.770   0.297   0.371
              0.025   0.017   0.026   0.025   0.043
  15  3.774   0.343   0.486   0.153   0.667   0.632   0.732   0.276   0.352
              0.026   0.017   0.022   0.025   0.042
  16  3.754   0.323   0.500   0.422   0.570   0.285   0.575   0.333   0.602
              0.053   0.033   0.019   0.013   0.025
  17  4.113   0.770   0.326   0.731   0.840   0.846   0.276   0.081   0.118
              0.035   0.029   0.014   0.013   0.032
  18  4.005   0.507   0.429   0.539   0.665   0.579   0.432   0.270   0.404
              0.046   0.036   0.025   0.025   0.047
  19  3.962   0.408   0.465   0.524   0.613   0.571   0.465   0.331   0.395
              0.048   0.038   0.032   0.028   0.047
  20  3.943   0.358   0.481   0.528   0.620   0.587   0.464   0.318   0.395
              0.048   0.039   0.028   0.026   0.049
  21  3.764   0.333   0.494   0.147   0.581   0.590   0.753   0.341   0.385
              0.027   0.019   0.021   0.023   0.049
  22  3.792   0.341   0.492   0.186   0.645   0.601   0.721   0.263   0.410
              0.031   0.013   0.015   0.030   0.045
  23  3.782   0.309   0.505   0.142   0.677   0.663   0.742   0.261   0.351
              0.029   0.014   0.020   0.026   0.042
  24  3.973   0.431   0.452   0.565   0.654   0.550   0.424   0.268   0.437
              0.052   0.034   0.018   0.035   0.052
  25  3.946   0.373   0.475   0.524   0.626   0.589   0.463   0.306   0.401
              0.052   0.036   0.023   0.028   0.049
  26  3.979   0.432   0.453   0.552   0.646   0.579   0.442   0.293   0.398
              0.050   0.032   0.025   0.029   0.048
  27  3.775   0.314   0.497   0.161   0.672   0.630   0.727   0.257   0.383
              0.030   0.011   0.016   0.032   0.045
  28  3.779   0.316   0.493   0.461   0.594   0.356   0.511   0.324   0.592
              0.044   0.025   0.009   0.020   0.034
  29  4.002   0.549   0.415   0.577   0.736   0.552   0.410   0.176   0.418
              0.049   0.030   0.008   0.033   0.048
  30  3.962   0.426   0.452   0.525   0.680   0.556   0.440   0.255   0.446
              0.051   0.037   0.010   0.030   0.054
  31  3.952   0.406   0.463   0.552   0.658   0.559   0.432   0.260   0.441
              0.052   0.038   0.009   0.032   0.052
  32  3.954   0.405   0.463   0.563   0.658   0.555   0.435   0.261   0.431
              0.051   0.034   0.010   0.035   0.052
  33  3.959   0.435   0.449   0.540   0.684   0.533   0.441   0.251   0.446
              0.054   0.035   0.011   0.030   0.050
  34  3.783   0.332   0.489   0.585   0.699   0.139   0.435   0.217   0.754
              0.032   0.035   0.006   0.009   0.051
  35  3.758   0.328   0.487   0.247   0.719   0.438   0.671   0.211   0.526
              0.049   0.016   0.007   0.025   0.035
  36  3.754   0.328   0.488   0.227   0.713   0.453   0.688   0.205   0.518
              0.047   0.014   0.008   0.027   0.037
  37  3.791   0.322   0.492   0.591   0.721   0.130   0.435   0.209   0.759
              0.032   0.034   0.005   0.009   0.051
  38  3.782   0.328   0.490   0.372   0.712   0.349   0.588   0.210   0.601
              0.051   0.023   0.009   0.019   0.031
  39  3.760   0.327   0.487   0.153   0.709   0.542   0.738   0.222   0.449
              0.034   0.010   0.007   0.031   0.050
  40  3.755   0.327   0.489   0.524   0.691   0.180   0.467   0.223   0.721
              0.038   0.031   0.007   0.012   0.045
  41  3.792   0.323   0.491   0.379   0.731   0.332   0.577   0.206   0.621
              0.051   0.022   0.008   0.019   0.031
  42  4.155   0.686   0.364   0.703   0.830   0.683   0.292   0.131   0.302
              0.049   0.027   0.022   0.031   0.035
  43  3.921   0.445   0.448   0.477   0.633   0.528   0.473   0.278   0.453
              0.051   0.033   0.020   0.031   0.050
  44  3.916   0.459   0.443   0.501   0.595   0.509   0.437   0.323   0.461
              0.050   0.032   0.025   0.033   0.047
  45  3.953   0.397   0.466   0.581   0.639   0.557   0.409   0.293   0.424
              0.044   0.031   0.023   0.033   0.055
  46  3.958   0.398   0.464   0.578   0.645   0.563   0.408   0.295   0.424
              0.045   0.031   0.023   0.031   0.053
  47  3.780   0.353   0.481   0.562   0.555   0.257   0.431   0.351   0.654
              0.037   0.025   0.013   0.023   0.039
  48  3.766   0.327   0.486   0.221   0.634   0.568   0.673   0.302   0.421
              0.029   0.015   0.013   0.030   0.046
  49  3.756   0.329   0.488   0.440   0.682   0.276   0.513   0.256   0.639
              0.043   0.023   0.022   0.017   0.028
  50  3.792   0.322   0.491   0.552   0.619   0.273   0.441   0.312   0.650
              0.037   0.024   0.011   0.021   0.038
  51  3.794   0.323   0.491   0.562   0.696   0.188   0.441   0.252   0.708
              0.035   0.030   0.016   0.011   0.041
  52  3.777   0.334   0.489   0.555   0.647   0.205   0.448   0.268   0.696
              0.034   0.031   0.015   0.014   0.042
  53  3.763   0.324   0.488   0.396   0.629   0.390   0.551   0.294   0.557
              0.048   0.023   0.009   0.022   0.032
  54  3.755   0.330   0.489   0.182   0.671   0.514   0.712   0.258   0.463
              0.034   0.011   0.016   0.032   0.043

Species: H                   
Atom  Qatom  Qorb
               1s      1s      2Ppy    2Ppz    2Ppx    
  55  1.246   0.909   0.230   0.032   0.032   0.043
  56  1.251   0.910   0.234   0.024   0.038   0.045
  57  1.238   0.886   0.245   0.027   0.036   0.045
  58  1.248   0.911   0.228   0.049   0.038   0.021
  59  1.252   0.911   0.233   0.022   0.034   0.051
  60  1.249   0.913   0.228   0.034   0.040   0.034
  61  1.251   0.897   0.243   0.049   0.035   0.028
  62  1.248   0.880   0.255   0.025   0.035   0.053
  63  1.243   0.884   0.249   0.021   0.034   0.055
  64  1.243   0.903   0.232   0.042   0.037   0.028
  65  1.244   0.906   0.231   0.044   0.036   0.027
  66  1.249   0.906   0.236   0.017   0.036   0.053
  67  1.251   0.889   0.247   0.037   0.034   0.043
  68  1.245   0.907   0.230   0.050   0.038   0.020
  69  1.244   0.906   0.231   0.022   0.037   0.048
  70  1.249   0.906   0.236   0.033   0.035   0.039
  71  1.254   0.890   0.246   0.037   0.033   0.048
  72  1.248   0.866   0.265   0.057   0.035   0.025
  73  1.242   0.892   0.243   0.051   0.034   0.023
  74  1.135   1.083   0.016   0.023   0.008   0.006
  75  1.245   0.880   0.251   0.053   0.035   0.026
  76  1.239   0.899   0.235   0.027   0.037   0.041
  77  1.246   0.896   0.240   0.054   0.031   0.025
  78  1.242   0.904   0.232   0.027   0.039   0.040
  79  1.252   0.835   0.293   0.058   0.041   0.026
  80  1.241   0.898   0.239   0.052   0.033   0.019
  81  1.235   0.867   0.259   0.031   0.034   0.044
  82  1.243   0.897   0.242   0.053   0.032   0.020
  83  1.257   0.884   0.252   0.058   0.035   0.028
  84  1.246   0.902   0.235   0.053   0.034   0.023
  85  1.229   0.876   0.248   0.029   0.032   0.044

mulliken: Qtot =      247.000

Mulliken Atomic Populations:
Atom #   charge [q] valence [e]  Species
     1     0.078008    3.921992  C
     2     0.236589    3.763411  C
     3     0.235970    3.764030  C
     4     0.049194    3.950806  C
     5     0.049322    3.950678  C
     6     0.203066    3.796934  C
     7     0.058997    3.941003  C
     8     0.030766    3.969234  C
     9     0.049851    3.950149  C
    10    -0.023384    4.023384  C
    11     0.248154    3.751846  C
    12     0.247211    3.752789  C
    13     0.239367    3.760633  C
    14     0.230159    3.769841  C
    15     0.225912    3.774088  C
    16     0.245759    3.754241  C
    17    -0.112664    4.112664  C
    18    -0.004658    4.004658  C
    19     0.037816    3.962184  C
    20     0.057017    3.942983  C
    21     0.236439    3.763561  C
    22     0.207527    3.792473  C
    23     0.218121    3.781879  C
    24     0.027236    3.972764  C
    25     0.054438    3.945562  C
    26     0.020596    3.979404  C
    27     0.225436    3.774564  C
    28     0.220712    3.779288  C
    29    -0.001757    4.001757  C
    30     0.037835    3.962165  C
    31     0.048081    3.951919  C
    32     0.046308    3.953692  C
    33     0.040791    3.959209  C
    34     0.216643    3.783357  C
    35     0.241503    3.758497  C
    36     0.245719    3.754281  C
    37     0.208921    3.791079  C
    38     0.218303    3.781697  C
    39     0.240160    3.759840  C
    40     0.245282    3.754718  C
    41     0.208069    3.791931  C
    42    -0.154698    4.154698  C
    43     0.078888    3.921112  C
    44     0.084264    3.915736  C
    45     0.047237    3.952763  C
    46     0.042415    3.957585  C
    47     0.220250    3.779750  C
    48     0.233583    3.766417  C
    49     0.244134    3.755866  C
    50     0.208276    3.791724  C
    51     0.206250    3.793750  C
    52     0.222653    3.777347  C
    53     0.236558    3.763442  C
    54     0.245430    3.754570  C
    55    -0.245757    1.245757  H
    56    -0.250904    1.250904  H
    57    -0.238197    1.238197  H
    58    -0.247541    1.247541  H
    59    -0.251911    1.251911  H
    60    -0.248786    1.248786  H
    61    -0.251369    1.251369  H
    62    -0.247924    1.247924  H
    63    -0.242528    1.242528  H
    64    -0.242569    1.242569  H
    65    -0.244141    1.244141  H
    66    -0.248596    1.248596  H
    67    -0.251263    1.251263  H
    68    -0.244592    1.244592  H
    69    -0.244042    1.244042  H
    70    -0.248507    1.248507  H
    71    -0.253712    1.253712  H
    72    -0.248378    1.248378  H
    73    -0.242057    1.242057  H
    74    -0.135303    1.135303  H
    75    -0.245004    1.245004  H
    76    -0.238673    1.238673  H
    77    -0.246385    1.246385  H
    78    -0.241639    1.241639  H
    79    -0.252446    1.252446  H
    80    -0.241150    1.241150  H
    81    -0.235294    1.235294  H
    82    -0.243244    1.243244  H
    83    -0.257367    1.257367  H
    84    -0.246111    1.246111  H
    85    -0.228665    1.228665  H
--------------------
 Total     0.000000

                     ====================================
                        Begin CG opt. move =      4
                     ====================================

outcoor: Atomic coordinates (Ang):                          
   -2.72951278   -1.54173138    0.62484877   1       1  C
   -2.67069035   -2.85121484    0.06180253   1       2  C
   -1.57578941   -3.28120084   -0.65173303   1       3  C
   -0.49947822   -2.42918837   -0.87448147   1       4  C
   -0.49778906   -1.09879261   -0.39419168   1       5  C
   -1.61698561   -0.69206646    0.38886973   1       6  C
    0.68841021   -2.92817227   -1.26680941   1       7  C
    1.73402561   -2.25817442   -1.69039754   1       8  C
    1.68253790   -0.87354665   -1.52552643   1       9  C
    0.62399327   -0.26765094   -0.78248070   1      10  C
    2.70385796   -2.96602569   -2.34551097   1      11  C
    3.73704986   -2.25618012   -2.90926387   1      12  C
    3.75884022   -0.85289385   -2.81627198   1      13  C
    2.74725473   -0.17715697   -2.14496528   1      14  C
   -1.59195518    4.20343482   -0.88012596   1      15  C
   -2.66416111    3.67947809   -1.69164476   1      16  C
   -2.62134241    2.37416232   -2.07505849   1      17  C
    0.62894623    1.21381107   -0.46137031   1      18  C
   -0.48779617    2.02931648   -0.86098450   1      19  C
   -0.54101685    3.40675928   -0.49668781   1      20  C
   -1.52111749    1.54323221   -1.65135011   1      21  C
    2.97290346    1.22809105    0.51775340   1      22  C
    0.49678765    3.97739552    0.22598781   1      23  C
    4.08639239    1.93720622    1.02645798   1      24  C
    1.62690873    3.25035849    0.53758450   1      25  C
    1.73781242    1.86340914    0.20149870   1      26  C
    2.69027337    3.91587104    1.16974840   1      27  C
    3.88517623    3.28761302    1.39123367   1      28  C
    5.45847944    1.36194194    1.08268108   1      29  C
    5.87897144   -0.05431717    1.15508535   1      30  C
    7.26851272   -0.12606774    0.96591485   1      31  C
    7.78531096    1.20863530    0.75245891   1      32  C
    6.71657476    2.11653959    0.80517194   1      33  C
    5.15843502   -1.23660219    1.37830336   1      34  C
    5.83934399   -2.46156900    1.38238109   1      35  C
    7.22850816   -2.51301102    1.17409885   1      36  C
    7.95259032   -1.33502838    0.96683184   1      37  C
    6.97591561    3.47297086    0.52827147   1      38  C
    8.28493269    3.89131089    0.25897631   1      39  C
    9.33998027    2.96832536    0.24395033   1      40  C
    9.08989560    1.61384195    0.48387197   1      41  C
   -3.95651561   -1.08844929    1.42875774   1      42  C
   -4.71966370    0.05626459    0.80070305   1      43  C
   -5.05814135   -2.11997850    1.54911907   1      44  C
   -6.24247399   -1.67091660    0.95385311   1      45  C
   -6.03676125   -0.32276440    0.49947382   1      46  C
   -5.03186536   -3.39249231    2.13327371   1      47  C
   -6.17775459   -4.19921758    2.08396301   1      48  C
   -7.35126703   -3.73601265    1.46336644   1      49  C
   -7.39000050   -2.45741342    0.89856574   1      50  C
   -6.94424713    0.54954917   -0.09324472   1      51  C
   -4.31817634    1.36699056    0.52867846   1      52  C
   -6.53055083    1.85436145   -0.37397330   1      53  C
   -5.22855242    2.26234883   -0.05254430   1      54  C
   -8.23530174   -4.36780868    1.42880487   2      55  H
   -8.29910214   -2.08668494    0.43114743   2      56  H
   -4.12389109   -3.75318526    2.60942849   2      57  H
   -6.16124932   -5.19212579    2.52565530   2      58  H
   -7.96117919    0.23508407   -0.31537244   2      59  H
   -7.22524264    2.55826041   -0.82484603   2      60  H
   -4.93023341    3.28661536   -0.25226931   2      61  H
   -3.32084294    1.70787849    0.78151531   2      62  H
    4.08966770   -1.22432801    1.55476997   2      63  H
    5.29027545   -3.38473698    1.54882605   2      64  H
    7.74585433   -3.46849610    1.17487455   2      65  H
    9.02744055   -1.36809559    0.80313034   2      66  H
    6.19897031    4.22302735    0.49278834   2      67  H
    8.48317598    4.93963700    0.04915304   2      68  H
   10.34925787    3.30527344    0.02486364   2      69  H
    9.90327936    0.89295724    0.44268928   2      70  H
   -3.47522145   -3.56362996    0.17383815   2      71  H
   -1.63302166    0.30669887    0.80937518   2      72  H
   -1.54228904   -4.28698090   -1.06070564   2      73  H
    0.87437227   -4.60306750   -0.44043069   2      74  H
    2.79555298    0.90620756   -2.10246229   2      75  H
    4.57583647   -0.30224680   -3.27351430   2      76  H
    2.65837980   -4.04897829   -2.41080176   2      77  H
    4.53339767   -2.77807371   -3.43106549   2      78  H
    3.12168212    0.19322121    0.26725703   2      79  H
    2.59423218    4.96548796    1.44053283   2      80  H
    4.67838091    3.85790927    1.84926375   2      81  H
    0.44898191    5.03304653    0.49070614   2      82  H
   -1.52592069    0.52112722   -2.00811664   2      83  H
   -1.61009298    5.25485535   -0.59349316   2      84  H
   -3.49052735    4.31061163   -2.00956438   2      85  H

outcell: Unit cell vectors (Ang):
       30.000000    0.000000    0.000000
        0.000000   20.000000    0.000000
        0.000000    0.000000   20.000000

outcell: Cell vector modules (Ang)   :   30.000000   20.000000   20.000000
outcell: Cell angles (23,13,12) (deg):     90.0000     90.0000     90.0000
outcell: Cell volume (Ang**3)        :  12000.0000
<dSpData1D:S at geom step 4
  <sparsity:sparsity for geom step 4
    nrows_g=857 nrows=857 sparsity=.3974 nnzs=291903, refcount: 7>
  <dData1D:(new from dSpData1D) n=291903, refcount: 1>
refcount: 1>
new_DM -- step:     5
Re-using DM from previous geometries...
Number of DMs in history: 1
 DM extrapolation coefficients: 
1   1.00000
New DM after history re-use:
<dSpData2D:SpM extrapolated using coords
  <sparsity:sparsity for geom step 4
    nrows_g=857 nrows=857 sparsity=.3974 nnzs=291903, refcount: 9>
  <dData2D:(temp array for extrapolation) n=291903 m=1, refcount: 1>
refcount: 1>
No. of atoms with KB's overlaping orbs in proc 0. Max # of overlaps:      85     202

InitMesh: MESH = 192 x 128 x 128 = 3145728
InitMesh: Mesh cutoff (required, used) =   100.000   113.204 Ry
New grid distribution [1]: sub = 2

        iscf     Eharris(eV)        E_KS(eV)     FreeEng(eV)     dDmax    Ef(eV) dHmax(eV)
   scf:    1    -8840.951144    -8841.396397    -8841.462727  0.086696 -4.115503  2.429906
   scf:    2    -8795.623033    -8827.258247    -8827.300854  0.335315 -4.444674 16.156951
   scf:    3    -8842.878554    -8838.819045    -8838.859803  0.343939 -4.097000  7.140745
   scf:    4    -8840.664118    -8839.921713    -8839.966128  0.084356 -4.136031  5.468102
   scf:    5    -8839.878733    -8839.900255    -8839.944486  0.000965 -4.136325  5.499811
   scf:    6    -8842.231309    -8841.321593    -8841.380372  0.095440 -4.127916  2.633444
   scf:    7    -8840.542828    -8841.522273    -8841.586675  0.167801 -4.133825  1.883451
   scf:    8    -8841.270005    -8841.569568    -8841.636929  0.088704 -4.129680  1.742284
   scf:    9    -8840.346774    -8841.413927    -8841.473430  0.138870 -4.137437  2.864752
mix: Pulay -- resetting history
mix: switching mixer --> Linear-Kick
   scf:   10    -8841.710227    -8841.659650    -8841.721617  0.065700 -4.134758  0.937786
mix: switching mixer --> Pulay
   scf:   11    -8813.336486    -8832.667977    -8832.706509  0.404611 -3.919397 13.269065
   scf:   12    -8836.469355    -8836.474970    -8836.527995  0.254362 -4.115901 11.356137
   scf:   13    -8843.006431    -8841.397018    -8841.464736  0.280608 -4.128452  2.682863
   scf:   14    -8841.699130    -8841.561851    -8841.628971  0.021363 -4.129610  1.968637
   scf:   15    -8841.767710    -8841.725254    -8841.790774  0.053792 -4.133024  0.368855
   scf:   16    -8841.735321    -8841.734876    -8841.799987  0.014195 -4.133227  0.258147
   scf:   17    -8841.734520    -8841.737450    -8841.802132  0.011661 -4.134105  0.116476
   scf:   18    -8841.737360    -8841.737792    -8841.802646  0.004394 -4.134174  0.024327
   scf:   19    -8841.737723    -8841.737849    -8841.802607  0.002052 -4.134358  0.042418
mix: Pulay -- resetting history
mix: switching mixer --> Linear-Kick
   scf:   20    -8841.737857    -8841.737876    -8841.802674  0.001058 -4.134305  0.008160
mix: switching mixer --> Pulay
   scf:   21    -8841.721379    -8841.732281    -8841.797541  0.011271 -4.133759  0.359047
   scf:   22    -8841.738700    -8841.737846    -8841.802661  0.010544 -4.134274  0.014579
   scf:   23    -8841.737870    -8841.737866    -8841.802677  0.000520 -4.134292  0.000803
   scf:   24    -8841.737870    -8841.737868    -8841.802676  0.000072 -4.134294  0.003044
   scf:   25    -8841.737865    -8841.737867    -8841.802677  0.000045 -4.134294  0.001611
   scf:   26    -8841.737864    -8841.737865    -8841.802677  0.000043 -4.134297  0.000280
   scf:   27    -8841.737865    -8841.737865    -8841.802677  0.000007 -4.134301  0.000072
   scf:   28    -8841.737865    -8841.737865    -8841.802677  0.000002 -4.134303  0.000011

SCF Convergence by DM+H criterion
max |DM_out - DM_in|         :     0.0000024507
max |H_out - H_in|      (eV) :     0.0000106033
SCF cycle converged after 28 iterations

Using DM_out to compute the final energy and forces
No. of atoms with KB's overlaping orbs in proc 0. Max # of overlaps:      85     202

siesta: E_KS(eV) =            -8841.7379

siesta: Atomic forces (eV/Ang):
     1   -0.416861    1.214665    1.647714
     2    0.383823   -0.547598   -0.232831
     3   -1.593030   -0.137904    0.710064
     4   -0.333950   -0.421436    0.955077
     5   -0.246796    1.741049   -0.227589
     6   -0.374284   -0.466493   -0.043353
     7   -1.909201   -5.948105    2.530087
     8    0.931766   -0.139134   -0.092728
     9    0.092328    2.210678    0.086388
    10   -0.288696    1.189515    0.500412
    11    2.660253   -0.311533   -1.086415
    12    0.360845   -0.481623   -0.186274
    13   -0.423027    0.410063    0.319179
    14    0.678677    0.267413   -0.493331
    15   -2.762321    0.358391   -1.796820
    16    1.047110    1.693798    1.123219
    17    2.140423   -2.599511    0.605808
    18    0.384831   -1.006568   -0.043514
    19    0.770830   -0.556398    0.615076
    20    0.377654   -0.186079    0.345964
    21   -2.981867    0.679603   -1.952404
    22    0.139724    0.354620    0.325950
    23    0.389354    0.178075    0.294118
    24    1.399087   -1.345697   -0.032159
    25   -0.434228    0.465380   -0.017079
    26    0.073022   -0.963936   -0.283392
    27    1.080382    0.028409    0.355770
    28   -0.232241    0.843068    0.026732
    29   -0.416525    0.156275   -0.604469
    30   -1.270722    0.948876    0.020067
    31    0.907102   -0.097769   -0.086766
    32    0.705243   -0.517856   -0.015173
    33   -1.600057    0.345732    0.381995
    34    0.139804   -0.296741   -0.005399
    35    0.100442    0.234740   -0.050132
    36   -0.182871    0.043105    0.024462
    37   -0.143142   -0.149871    0.065697
    38    0.273633    0.038761   -0.001670
    39   -0.124466   -0.282030    0.034130
    40   -0.098043    0.035675    0.008596
    41   -0.030556    0.173732   -0.026797
    42   -0.815760   -1.212659   -3.174971
    43    1.457627    0.166586    0.964823
    44    1.715469    0.179293    0.737341
    45   -0.739364    0.262899   -0.046322
    46   -0.721738    0.024960   -0.029902
    47   -0.143404   -0.212159   -0.085059
    48    0.085836    0.221470   -0.078773
    49    0.164664    0.073433    0.067701
    50    0.038414   -0.288459    0.145747
    51    0.146495    0.215028   -0.010945
    52   -0.095776    0.132621   -0.193377
    53    0.167061    0.030997    0.077132
    54   -0.161950   -0.216745   -0.044780
    55   -0.442223   -0.361437    0.007053
    56   -0.471515    0.180255   -0.269381
    57    0.470392   -0.222802    0.345608
    58    0.026283   -0.515256    0.255672
    59   -0.519002   -0.203724   -0.159374
    60   -0.347492    0.386373   -0.238146
    61    0.217776    0.555856   -0.050361
    62    0.587713    0.279818    0.169293
    63   -0.694471    0.032019    0.149813
    64   -0.322523   -0.453490    0.083538
    65    0.235100   -0.543162    0.013669
    66    0.551884   -0.023219   -0.065870
    67   -0.675403    0.420039   -0.004709
    68    0.072293    0.528464   -0.101566
    69    0.561323    0.179756   -0.102405
    70    0.402737   -0.387931   -0.010836
    71   -0.769456   -0.266917    0.208875
    72    0.125149    0.534865    0.307295
    73    0.062685   -0.542763   -0.170257
    74   -0.240762    2.825650   -2.185329
    75   -0.093068    0.624941    0.011088
    76    0.385331    0.380599   -0.242826
    77   -0.164314   -0.527813    0.019419
    78    0.475244   -0.258633   -0.353953
    79    0.008615   -0.875626   -0.238144
    80   -0.207749    0.500962    0.163541
    81    0.658893    0.270115    0.438083
    82   -0.036415    0.486312    0.171672
    83    0.278539   -0.683601   -0.256367
    84   -0.014634    0.510733    0.152610
    85   -0.455046    0.615472   -0.004514
----------------------------------------
   Tot   -0.063087   -0.021543    0.070018
----------------------------------------
   Max    5.948105
   Res    0.842241    sqrt( Sum f_i^2 / 3N )
----------------------------------------
   Max    5.948105    constrained

Stress tensor Voigt[x,y,z,yz,xz,xy] (kbar):       -4.17       -5.08       -0.58       -0.36        0.50       -0.39
(Free)E + p*V (eV/cell)    -8817.2343
Target enthalpy (eV/cell)    -8841.7952

mulliken: Atomic and Orbital Populations:

Species: C                   
Atom  Qatom  Qorb
               2s      2s      2py     2pz     2px     2py     2pz     2px     
               3Pdxy   3Pdyz   3Pdz2   3Pdxz   3Pdx2-y2
   1  3.922   0.482   0.434   0.522   0.594   0.509   0.445   0.298   0.447
              0.049   0.033   0.030   0.029   0.050
   2  3.764   0.309   0.499   0.383   0.662   0.363   0.553   0.283   0.581
              0.043   0.024   0.023   0.015   0.027
   3  3.762   0.321   0.496   0.195   0.618   0.626   0.698   0.313   0.369
              0.030   0.017   0.016   0.027   0.037
   4  3.956   0.326   0.497   0.514   0.632   0.585   0.480   0.294   0.432
              0.060   0.033   0.020   0.032   0.052
   5  3.950   0.435   0.454   0.526   0.598   0.563   0.451   0.330   0.402
              0.047   0.038   0.031   0.030   0.045
   6  3.798   0.355   0.483   0.215   0.589   0.631   0.685   0.336   0.372
              0.027   0.019   0.018   0.025   0.042
   7  3.942   0.574   0.407   0.526   0.686   0.782   0.296   0.240   0.290
              0.035   0.017   0.015   0.032   0.042
   8  3.954   0.272   0.518   0.532   0.571   0.640   0.477   0.366   0.378
              0.059   0.043   0.026   0.027   0.047
   9  3.957   0.405   0.466   0.527   0.605   0.560   0.462   0.336   0.405
              0.047   0.038   0.034   0.025   0.046
  10  4.023   0.502   0.428   0.535   0.691   0.583   0.433   0.277   0.397
              0.044   0.037   0.027   0.024   0.047
  11  3.759   0.302   0.503   0.107   0.681   0.629   0.785   0.267   0.356
              0.027   0.016   0.025   0.022   0.039
  12  3.752   0.317   0.493   0.442   0.574   0.364   0.531   0.344   0.555
              0.043   0.033   0.013   0.011   0.033
  13  3.762   0.326   0.489   0.438   0.610   0.358   0.530   0.317   0.560
              0.042   0.034   0.015   0.011   0.032
  14  3.769   0.339   0.489   0.119   0.630   0.615   0.769   0.298   0.372
              0.025   0.017   0.026   0.025   0.043
  15  3.775   0.342   0.487   0.154   0.668   0.632   0.731   0.277   0.352
              0.026   0.017   0.023   0.025   0.042
  16  3.753   0.325   0.499   0.421   0.571   0.285   0.574   0.333   0.602
              0.053   0.033   0.020   0.013   0.026
  17  4.113   0.769   0.327   0.727   0.840   0.851   0.278   0.081   0.118
              0.035   0.029   0.014   0.013   0.032
  18  4.006   0.504   0.430   0.540   0.665   0.580   0.432   0.272   0.404
              0.046   0.036   0.025   0.025   0.047
  19  3.961   0.412   0.463   0.523   0.612   0.568   0.465   0.330   0.396
              0.048   0.038   0.032   0.028   0.046
  20  3.942   0.362   0.480   0.526   0.622   0.584   0.465   0.317   0.396
              0.048   0.039   0.028   0.026   0.049
  21  3.766   0.332   0.494   0.147   0.581   0.592   0.753   0.341   0.385
              0.027   0.019   0.021   0.024   0.049
  22  3.794   0.342   0.491   0.188   0.645   0.602   0.719   0.263   0.409
              0.031   0.013   0.015   0.030   0.045
  23  3.784   0.308   0.505   0.143   0.677   0.665   0.742   0.262   0.351
              0.029   0.014   0.020   0.026   0.042
  24  3.973   0.432   0.452   0.562   0.655   0.552   0.425   0.267   0.436
              0.051   0.034   0.018   0.036   0.052
  25  3.945   0.375   0.474   0.522   0.626   0.589   0.463   0.306   0.401
              0.052   0.036   0.023   0.028   0.049
  26  3.979   0.432   0.453   0.550   0.647   0.581   0.443   0.293   0.397
              0.050   0.032   0.026   0.029   0.048
  27  3.775   0.314   0.497   0.162   0.672   0.631   0.726   0.257   0.383
              0.030   0.011   0.016   0.032   0.045
  28  3.779   0.317   0.493   0.462   0.593   0.357   0.510   0.324   0.592
              0.043   0.025   0.009   0.020   0.034
  29  4.003   0.544   0.417   0.578   0.735   0.554   0.411   0.178   0.418
              0.049   0.030   0.008   0.033   0.048
  30  3.962   0.428   0.451   0.526   0.682   0.554   0.440   0.254   0.447
              0.051   0.037   0.010   0.030   0.054
  31  3.952   0.407   0.463   0.554   0.658   0.556   0.431   0.259   0.442
              0.051   0.038   0.009   0.031   0.052
  32  3.953   0.406   0.463   0.563   0.658   0.554   0.435   0.260   0.432
              0.051   0.034   0.010   0.035   0.052
  33  3.959   0.437   0.448   0.539   0.686   0.533   0.441   0.250   0.445
              0.054   0.035   0.011   0.030   0.050
  34  3.784   0.332   0.488   0.585   0.699   0.140   0.435   0.218   0.753
              0.032   0.035   0.006   0.009   0.051
  35  3.759   0.328   0.487   0.247   0.719   0.439   0.670   0.212   0.525
              0.049   0.016   0.007   0.025   0.035
  36  3.755   0.329   0.488   0.228   0.713   0.454   0.687   0.205   0.518
              0.047   0.015   0.008   0.027   0.037
  37  3.792   0.322   0.492   0.592   0.721   0.130   0.435   0.210   0.758
              0.032   0.034   0.005   0.009   0.051
  38  3.782   0.328   0.489   0.373   0.712   0.349   0.587   0.210   0.600
              0.051   0.023   0.009   0.019   0.031
  39  3.761   0.328   0.487   0.154   0.709   0.542   0.737   0.222   0.449
              0.034   0.010   0.007   0.031   0.050
  40  3.755   0.327   0.489   0.524   0.691   0.180   0.467   0.223   0.721
              0.038   0.031   0.007   0.012   0.045
  41  3.793   0.323   0.491   0.380   0.730   0.333   0.577   0.206   0.620
              0.051   0.022   0.008   0.019   0.031
  42  4.153   0.678   0.367   0.701   0.827   0.681   0.295   0.134   0.305
              0.049   0.027   0.022   0.032   0.035
  43  3.921   0.446   0.447   0.478   0.635   0.526   0.472   0.277   0.453
              0.051   0.034   0.020   0.031   0.050
  44  3.916   0.460   0.443   0.503   0.596   0.509   0.436   0.323   0.460
              0.050   0.032   0.025   0.033   0.047
  45  3.952   0.398   0.466   0.582   0.639   0.555   0.408   0.293   0.425
              0.044   0.031   0.023   0.033   0.055
  46  3.957   0.399   0.464   0.578   0.646   0.560   0.407   0.294   0.425
              0.044   0.031   0.023   0.031   0.053
  47  3.780   0.353   0.481   0.563   0.555   0.257   0.431   0.351   0.653
              0.037   0.025   0.013   0.023   0.039
  48  3.767   0.328   0.485   0.221   0.634   0.569   0.672   0.302   0.421
              0.029   0.015   0.013   0.030   0.046
  49  3.756   0.330   0.487   0.440   0.681   0.276   0.513   0.256   0.638
              0.043   0.023   0.022   0.017   0.028
  50  3.792   0.322   0.491   0.553   0.619   0.274   0.441   0.312   0.650
              0.037   0.024   0.011   0.021   0.038
  51  3.794   0.323   0.491   0.563   0.696   0.188   0.441   0.253   0.707
              0.035   0.030   0.016   0.011   0.041
  52  3.778   0.334   0.489   0.556   0.647   0.206   0.448   0.268   0.695
              0.034   0.031   0.015   0.014   0.042
  53  3.764   0.325   0.488   0.397   0.629   0.391   0.551   0.294   0.556
              0.048   0.023   0.009   0.022   0.032
  54  3.755   0.330   0.488   0.182   0.671   0.515   0.711   0.258   0.463
              0.034   0.011   0.016   0.032   0.043

Species: H                   
Atom  Qatom  Qorb
               1s      1s      2Ppy    2Ppz    2Ppx    
  55  1.245   0.908   0.230   0.032   0.032   0.043
  56  1.250   0.910   0.234   0.024   0.038   0.045
  57  1.238   0.886   0.244   0.027   0.036   0.045
  58  1.247   0.911   0.228   0.049   0.038   0.021
  59  1.251   0.911   0.233   0.022   0.034   0.051
  60  1.248   0.913   0.228   0.034   0.040   0.034
  61  1.251   0.896   0.242   0.049   0.035   0.028
  62  1.247   0.879   0.255   0.025   0.035   0.053
  63  1.242   0.884   0.249   0.021   0.033   0.055
  64  1.242   0.904   0.231   0.042   0.037   0.028
  65  1.244   0.906   0.231   0.044   0.036   0.027
  66  1.248   0.907   0.235   0.017   0.035   0.053
  67  1.251   0.889   0.247   0.037   0.034   0.043
  68  1.244   0.907   0.230   0.050   0.037   0.020
  69  1.244   0.906   0.231   0.022   0.037   0.048
  70  1.248   0.906   0.235   0.033   0.035   0.038
  71  1.253   0.890   0.245   0.037   0.033   0.048
  72  1.247   0.865   0.264   0.057   0.035   0.025
  73  1.242   0.891   0.243   0.051   0.034   0.023
  74  1.130   1.070   0.022   0.024   0.008   0.006
  75  1.245   0.880   0.250   0.053   0.035   0.026
  76  1.238   0.899   0.234   0.027   0.037   0.041
  77  1.247   0.898   0.239   0.054   0.030   0.025
  78  1.242   0.905   0.232   0.027   0.039   0.040
  79  1.251   0.834   0.293   0.058   0.040   0.026
  80  1.241   0.898   0.238   0.052   0.033   0.019
  81  1.235   0.867   0.259   0.031   0.034   0.044
  82  1.243   0.897   0.242   0.053   0.032   0.020
  83  1.257   0.884   0.251   0.058   0.035   0.028
  84  1.246   0.903   0.235   0.053   0.034   0.023
  85  1.228   0.876   0.248   0.029   0.032   0.044

mulliken: Qtot =      247.000

Mulliken Atomic Populations:
Atom #   charge [q] valence [e]  Species
     1     0.077868    3.922132  C
     2     0.235945    3.764055  C
     3     0.237749    3.762251  C
     4     0.043526    3.956474  C
     5     0.050372    3.949628  C
     6     0.202469    3.797531  C
     7     0.057927    3.942073  C
     8     0.046289    3.953711  C
     9     0.042938    3.957062  C
    10    -0.023121    4.023121  C
    11     0.240796    3.759204  C
    12     0.247857    3.752143  C
    13     0.237893    3.762107  C
    14     0.230774    3.769226  C
    15     0.224938    3.775062  C
    16     0.246606    3.753394  C
    17    -0.112741    4.112741  C
    18    -0.006034    4.006034  C
    19     0.039163    3.960837  C
    20     0.057941    3.942059  C
    21     0.234012    3.765988  C
    22     0.206242    3.793758  C
    23     0.216411    3.783589  C
    24     0.027047    3.972953  C
    25     0.055325    3.944675  C
    26     0.020787    3.979213  C
    27     0.224658    3.775342  C
    28     0.220849    3.779151  C
    29    -0.003012    4.003012  C
    30     0.038147    3.961853  C
    31     0.048355    3.951645  C
    32     0.046694    3.953306  C
    33     0.041000    3.959000  C
    34     0.216065    3.783935  C
    35     0.240632    3.759368  C
    36     0.245165    3.754835  C
    37     0.208296    3.791704  C
    38     0.217568    3.782432  C
    39     0.239331    3.760669  C
    40     0.244788    3.755212  C
    41     0.207453    3.792547  C
    42    -0.153008    4.153008  C
    43     0.078520    3.921480  C
    44     0.083610    3.916390  C
    45     0.048024    3.951976  C
    46     0.042891    3.957109  C
    47     0.219536    3.780464  C
    48     0.232866    3.767134  C
    49     0.243689    3.756311  C
    50     0.207576    3.792424  C
    51     0.205577    3.794423  C
    52     0.221756    3.778244  C
    53     0.235917    3.764083  C
    54     0.244612    3.755388  C
    55    -0.245227    1.245227  H
    56    -0.250356    1.250356  H
    57    -0.237760    1.237760  H
    58    -0.246983    1.246983  H
    59    -0.251443    1.251443  H
    60    -0.248390    1.248390  H
    61    -0.250830    1.250830  H
    62    -0.247325    1.247325  H
    63    -0.242070    1.242070  H
    64    -0.242216    1.242216  H
    65    -0.243780    1.243780  H
    66    -0.248164    1.248164  H
    67    -0.250638    1.250638  H
    68    -0.244082    1.244082  H
    69    -0.243684    1.243684  H
    70    -0.248077    1.248077  H
    71    -0.253342    1.253342  H
    72    -0.247227    1.247227  H
    73    -0.241674    1.241674  H
    74    -0.129782    1.129782  H
    75    -0.244868    1.244868  H
    76    -0.238328    1.238328  H
    77    -0.246523    1.246523  H
    78    -0.241765    1.241765  H
    79    -0.251334    1.251334  H
    80    -0.240864    1.240864  H
    81    -0.234992    1.234992  H
    82    -0.243082    1.243082  H
    83    -0.257305    1.257305  H
    84    -0.246013    1.246013  H
    85    -0.228407    1.228407  H
--------------------
 Total    -0.000000

                     ====================================
                        Begin CG opt. move =      5
                     ====================================

outcoor: Atomic coordinates (Ang):                          
   -2.72995002   -1.53969622    0.62712012   1       1  C
   -2.66984454   -2.85202036    0.06118455   1       2  C
   -1.57758569   -3.28115028   -0.65090894   1       3  C
   -0.49755869   -2.43039847   -0.87412023   1       4  C
   -0.49842845   -1.09661732   -0.39408159   1       5  C
   -1.61748647   -0.69324909    0.38858270   1       6  C
    0.66841021   -2.94344126   -1.25727102   1       7  C
    1.75094858   -2.24906796   -1.69725380   1       8  C
    1.68174516   -0.87013509   -1.52490661   1       9  C
    0.62435294   -0.26618059   -0.78219097   1      10  C
    2.70775813   -2.96578528   -2.34701478   1      11  C
    3.73610526   -2.25776140   -2.90873895   1      12  C
    3.75777916   -0.85152600   -2.81547448   1      13  C
    2.74856239   -0.17781964   -2.14592337   1      14  C
   -1.59657190    4.20408788   -0.88301521   1      15  C
   -2.66236799    3.68298971   -1.68952990   1      16  C
   -2.61820458    2.36927285   -2.07453793   1      17  C
    0.62954292    1.21255596   -0.46137339   1      18  C
   -0.48603743    2.02865484   -0.85972744   1      19  C
   -0.53985016    3.40628679   -0.49593092   1      20  C
   -1.52607865    1.54426411   -1.65445880   1      21  C
    2.97288955    1.22916445    0.51824463   1      22  C
    0.49769862    3.97725967    0.22645046   1      23  C
    4.08861700    1.93460757    1.02626906   1      24  C
    1.62565293    3.25155368    0.53742743   1      25  C
    1.73787292    1.86151081    0.20095131   1      26  C
    2.69247735    3.91553957    1.17040253   1      27  C
    3.88401235    3.28955983    1.39127064   1      28  C
    5.45790835    1.36220555    1.08190125   1      29  C
    5.87659852   -0.05287260    1.15521548   1      30  C
    7.27046243   -0.12638092    0.96570706   1      31  C
    7.78691639    1.20754287    0.75236891   1      32  C
    6.71383219    2.11740332    0.80571055   1      33  C
    5.15903732   -1.23732023    1.37825952   1      34  C
    5.83951855   -2.46087524    1.38227381   1      35  C
    7.22819076   -2.51270644    1.17412241   1      36  C
    7.95201950   -1.33513850    0.96696390   1      37  C
    6.97683195    3.47287846    0.52821213   1      38  C
    8.28451801    3.89065355    0.25910672   1      39  C
    9.33966351    2.96823131    0.24401320   1      40  C
    9.08952363    1.61428194    0.48386060   1      41  C
   -3.95792516   -1.08998248    1.42470384   1      42  C
   -4.71692381    0.05660672    0.80216563   1      43  C
   -5.05505701   -2.11993620    1.55052068   1      44  C
   -6.24415505   -1.67043732    0.95343557   1      45  C
   -6.03842356   -0.32282550    0.49919697   1      46  C
   -5.03256941   -3.39277697    2.13299384   1      47  C
   -6.17749292   -4.19862800    2.08377261   1      48  C
   -7.35088354   -3.73565475    1.46340124   1      49  C
   -7.38961805   -2.45796145    0.89892914   1      50  C
   -6.94368134    0.54990164   -0.09316243   1      51  C
   -4.31877306    1.36715812    0.52824757   1      52  C
   -6.53017147    1.85418852   -0.37374711   1      53  C
   -5.22878031    2.26173870   -0.05250972   1      54  C
   -8.23599573   -4.36835529    1.42880632   2      55  H
   -8.29983511   -2.08637854    0.43072819   2      56  H
   -4.12313816   -3.75347977    2.60992722   2      57  H
   -6.16122221   -5.19294653    2.52604846   2      58  H
   -7.96199498    0.23476247   -0.31560034   2      59  H
   -7.22578147    2.55884341   -0.82520951   2      60  H
   -4.92991460    3.28749576   -0.25237372   2      61  H
   -3.31992916    1.70824271    0.78179189   2      62  H
    4.08860887   -1.22424671    1.55498517   2      63  H
    5.28977790   -3.38547438    1.54895938   2      64  H
    7.74622927   -3.46931096    1.17489086   2      65  H
    9.02829261   -1.36810922    0.80301984   2      66  H
    6.19793916    4.22369014    0.49278486   2      67  H
    8.48331228    4.94049098    0.04898656   2      68  H
   10.35009717    3.30554049    0.02470630   2      69  H
    9.90389493    0.89235262    0.44267412   2      70  H
   -3.47627704   -3.56406336    0.17412156   2      71  H
   -1.63289064    0.30761917    0.80987292   2      72  H
   -1.54214827   -4.28782410   -1.06097336   2      73  H
    0.87431615   -4.60015835   -0.44279527   2      74  H
    2.79537153    0.90713944   -2.10239124   2      75  H
    4.57645117   -0.30169287   -3.27389221   2      76  H
    2.65817947   -4.04978184   -2.41079332   2      77  H
    4.53402468   -2.77851123   -3.43154239   2      78  H
    3.12174552    0.19180772    0.26688849   2      79  H
    2.59393393    4.96622865    1.44074591   2      80  H
    4.67927791    3.85826476    1.84983280   2      81  H
    0.44892569    5.03371505    0.49093216   2      82  H
   -1.52554726    0.52024162   -2.00841155   2      83  H
   -1.61005501    5.25553249   -0.59326095   2      84  H
   -3.49118715    4.31144608   -2.00958960   2      85  H

outcell: Unit cell vectors (Ang):
       30.000000    0.000000    0.000000
        0.000000   20.000000    0.000000
        0.000000    0.000000   20.000000

outcell: Cell vector modules (Ang)   :   30.000000   20.000000   20.000000
outcell: Cell angles (23,13,12) (deg):     90.0000     90.0000     90.0000
outcell: Cell volume (Ang**3)        :  12000.0000
<dSpData1D:S at geom step 5
  <sparsity:sparsity for geom step 5
    nrows_g=857 nrows=857 sparsity=.3974 nnzs=291887, refcount: 7>
  <dData1D:(new from dSpData1D) n=291887, refcount: 1>
refcount: 1>
new_DM -- step:     6
Re-using DM from previous geometries...
Number of DMs in history: 1
 DM extrapolation coefficients: 
1   1.00000
New DM after history re-use:
<dSpData2D:SpM extrapolated using coords
  <sparsity:sparsity for geom step 5
    nrows_g=857 nrows=857 sparsity=.3974 nnzs=291887, refcount: 9>
  <dData2D:(temp array for extrapolation) n=291887 m=1, refcount: 1>
refcount: 1>
No. of atoms with KB's overlaping orbs in proc 0. Max # of overlaps:      85     202

InitMesh: MESH = 192 x 128 x 128 = 3145728
InitMesh: Mesh cutoff (required, used) =   100.000   113.204 Ry
New grid distribution [1]: sub = 2

        iscf     Eharris(eV)        E_KS(eV)     FreeEng(eV)     dDmax    Ef(eV) dHmax(eV)
   scf:    1    -8841.278759    -8841.706381    -8841.772102  0.076901 -4.117435  2.223289
   scf:    2    -8788.189912    -8824.968584    -8825.010865  0.324762 -4.505069 15.451793
   scf:    3    -8843.245004    -8839.446535    -8839.487508  0.385718 -4.107794  6.621716
   scf:    4    -8841.145115    -8840.574591    -8840.620793  0.106441 -4.140043  4.565778
   scf:    5    -8839.989980    -8840.289683    -8840.333617  0.010573 -4.147099  4.916210
   scf:    6    -8842.531989    -8841.674551    -8841.732026  0.083258 -4.130986  2.291033
   scf:    7    -8841.027788    -8841.852561    -8841.917685  0.137762 -4.135079  1.643780
   scf:    8    -8842.067822    -8841.991433    -8842.056200  0.038128 -4.134799  0.619745
   scf:    9    -8841.761579    -8841.967674    -8842.028653  0.036612 -4.137349  0.852716
mix: Pulay -- resetting history
mix: switching mixer --> Linear-Kick
   scf:   10    -8841.877262    -8841.989966    -8842.053942  0.053857 -4.134938  0.912143
mix: switching mixer --> Pulay
   scf:   11    -8826.457685    -8837.095000    -8837.135069  0.294108 -4.122325 10.221970
   scf:   12    -8819.564285    -8836.637727    -8836.690766  0.601193 -4.110706 10.936699
   scf:   13    -8841.103048    -8841.985683    -8842.047754  0.368902 -4.137432  1.043199
   scf:   14    -8842.026893    -8842.008509    -8842.071045  0.010486 -4.136914  0.708048
   scf:   15    -8841.899603    -8841.961212    -8842.022960  0.018564 -4.138415  1.306642
   scf:   16    -8842.008855    -8842.026372    -8842.089979  0.045246 -4.136173  0.140933
   scf:   17    -8842.025115    -8842.026984    -8842.090352  0.007820 -4.136914  0.108250
   scf:   18    -8842.027097    -8842.027307    -8842.090807  0.003645 -4.136924  0.008666
   scf:   19    -8842.027322    -8842.027329    -8842.090798  0.000850 -4.137013  0.018519
mix: Pulay -- resetting history
mix: switching mixer --> Linear-Kick
   scf:   20    -8842.027329    -8842.027330    -8842.090803  0.000135 -4.137014  0.014010
mix: switching mixer --> Pulay
   scf:   21    -8841.976899    -8842.010488    -8842.074589  0.020433 -4.135978  0.638051
   scf:   22    -8842.027818    -8842.027320    -8842.090809  0.020168 -4.136991  0.005268
   scf:   23    -8842.027329    -8842.027325    -8842.090811  0.000172 -4.136988  0.002729
   scf:   24    -8842.027322    -8842.027323    -8842.090811  0.000052 -4.136986  0.001086
   scf:   25    -8842.027323    -8842.027323    -8842.090811  0.000015 -4.136991  0.000819
   scf:   26    -8842.027322    -8842.027323    -8842.090811  0.000020 -4.136996  0.000206
   scf:   27    -8842.027322    -8842.027323    -8842.090811  0.000006 -4.136999  0.000039
   scf:   28    -8842.027322    -8842.027322    -8842.090811  0.000002 -4.136999  0.000019

SCF Convergence by DM+H criterion
max |DM_out - DM_in|         :     0.0000018251
max |H_out - H_in|      (eV) :     0.0000192637
SCF cycle converged after 28 iterations

Using DM_out to compute the final energy and forces
No. of atoms with KB's overlaping orbs in proc 0. Max # of overlaps:      85     202

siesta: E_KS(eV) =            -8842.0273

siesta: Atomic forces (eV/Ang):
     1   -0.438186    1.062693    1.569775
     2    0.278443   -0.507449   -0.140953
     3   -1.614494   -0.194175    0.709173
     4   -1.051159   -0.160489    1.182872
     5   -0.163599    1.704782   -0.317663
     6   -0.350207   -0.306166    0.009492
     7    1.050048   -4.977298    1.488949
     8   -1.446736   -1.420303    0.981309
     9    0.328112    2.032114   -0.043220
    10   -0.459345    1.166487    0.571503
    11    2.496356   -0.505104   -1.055008
    12    0.716343   -0.222409   -0.381440
    13   -0.271825    0.198004    0.207978
    14    0.548280    0.516397   -0.397711
    15   -2.417482    0.324463   -1.591157
    16    0.882275    1.343923    0.920708
    17    1.958448   -2.158156    0.629901
    18    0.350414   -0.988031   -0.056508
    19    0.577649   -0.544593    0.494436
    20    0.210682   -0.136676    0.262083
    21   -2.610071    0.582711   -1.752186
    22    0.183879    0.193972    0.299731
    23    0.274261    0.267786    0.264516
    24    1.253959   -1.101870    0.002059
    25   -0.245648    0.304106    0.019333
    26    0.081202   -0.778852   -0.230032
    27    0.838790    0.126096    0.296206
    28   -0.000067    0.610214    0.030218
    29   -0.394793    0.135656   -0.588073
    30   -1.060816    0.866033   -0.005281
    31    0.695603   -0.046942   -0.061637
    32    0.518022   -0.404444    0.002945
    33   -1.393239    0.240119    0.360571
    34    0.030785   -0.202982    0.003647
    35    0.087290    0.130105   -0.038204
    36   -0.157528   -0.020063    0.025754
    37   -0.042675   -0.168043    0.052234
    38    0.124599    0.071420    0.013178
    39   -0.056651   -0.201418    0.011503
    40   -0.047939    0.069631   -0.004540
    41    0.054404    0.115891   -0.032174
    42   -0.698989   -1.187321   -3.103472
    43    1.212429    0.136370    0.886869
    44    1.456874    0.213840    0.610955
    45   -0.545765    0.224472    0.040232
    46   -0.527175    0.044369    0.029532
    47   -0.008919   -0.201744   -0.040914
    48    0.044361    0.139605   -0.054981
    49    0.118120    0.005155    0.079472
    50   -0.046032   -0.236913    0.097975
    51    0.048233    0.191469   -0.035382
    52    0.024946    0.128968   -0.142466
    53    0.121574    0.083247    0.043332
    54   -0.152514   -0.128568   -0.066822
    55   -0.400218   -0.332173    0.008772
    56   -0.428749    0.157187   -0.244761
    57    0.422213   -0.215637    0.323674
    58    0.027306   -0.463291    0.233380
    59   -0.469533   -0.183795   -0.149839
    60   -0.316004    0.355481   -0.217963
    61    0.202522    0.501142   -0.039439
    62    0.534113    0.272016    0.150658
    63   -0.636470    0.020916    0.140621
    64   -0.294091   -0.404067    0.075064
    65    0.211177   -0.500735    0.013658
    66    0.502866   -0.026589   -0.057838
    67   -0.618603    0.379910   -0.005308
    68    0.059714    0.472259   -0.090178
    69    0.518115    0.166302   -0.093467
    70    0.368723   -0.352103   -0.010300
    71   -0.733524   -0.238125    0.199829
    72    0.129451    0.464893    0.274840
    73    0.044529   -0.492418   -0.153672
    74   -0.311290    2.914637   -2.226863
    75   -0.074328    0.578768   -0.003815
    76    0.345479    0.354937   -0.219991
    77   -0.165722   -0.482540    0.026932
    78    0.459601   -0.227898   -0.338999
    79   -0.004129   -0.784617   -0.217007
    80   -0.194498    0.464155    0.158810
    81    0.629431    0.261357    0.425478
    82   -0.032794    0.463315    0.165900
    83    0.266661   -0.663755   -0.256974
    84   -0.028963    0.491239    0.138591
    85   -0.422953    0.589665    0.000027
----------------------------------------
   Tot   -0.045439   -0.029473    0.068438
----------------------------------------
   Max    4.977298
   Res    0.759142    sqrt( Sum f_i^2 / 3N )
----------------------------------------
   Max    4.977298    constrained

Stress tensor Voigt[x,y,z,yz,xz,xy] (kbar):       -4.07       -4.84       -0.56       -0.39        0.50       -0.20
(Free)E + p*V (eV/cell)    -8818.4562
Target enthalpy (eV/cell)    -8842.0833

mulliken: Atomic and Orbital Populations:

Species: C                   
Atom  Qatom  Qorb
               2s      2s      2py     2pz     2px     2py     2pz     2px     
               3Pdxy   3Pdyz   3Pdz2   3Pdxz   3Pdx2-y2
   1  3.922   0.481   0.435   0.521   0.594   0.510   0.445   0.298   0.447
              0.049   0.033   0.030   0.029   0.050
   2  3.765   0.310   0.498   0.383   0.662   0.364   0.552   0.283   0.581
              0.043   0.024   0.023   0.015   0.027
   3  3.760   0.322   0.495   0.195   0.617   0.623   0.697   0.313   0.369
              0.031   0.017   0.017   0.027   0.037
   4  3.962   0.318   0.499   0.516   0.627   0.597   0.479   0.299   0.428
              0.060   0.033   0.020   0.032   0.053
   5  3.949   0.436   0.454   0.525   0.598   0.564   0.451   0.329   0.402
              0.046   0.038   0.031   0.030   0.045
   6  3.798   0.354   0.483   0.215   0.589   0.632   0.684   0.337   0.373
              0.027   0.019   0.018   0.025   0.042
   7  3.943   0.602   0.397   0.520   0.691   0.767   0.299   0.232   0.296
              0.036   0.017   0.014   0.032   0.040
   8  3.939   0.297   0.508   0.524   0.580   0.605   0.479   0.355   0.394
              0.059   0.043   0.025   0.025   0.045
   9  3.963   0.400   0.467   0.536   0.604   0.564   0.459   0.337   0.404
              0.048   0.039   0.034   0.025   0.046
  10  4.023   0.498   0.429   0.537   0.690   0.583   0.433   0.277   0.397
              0.044   0.037   0.027   0.024   0.047
  11  3.766   0.295   0.504   0.109   0.680   0.636   0.785   0.270   0.356
              0.028   0.016   0.025   0.022   0.040
  12  3.751   0.317   0.493   0.443   0.572   0.364   0.530   0.344   0.556
              0.043   0.033   0.013   0.011   0.033
  13  3.764   0.327   0.488   0.438   0.610   0.359   0.529   0.317   0.560
              0.042   0.034   0.015   0.011   0.032
  14  3.768   0.338   0.490   0.120   0.629   0.615   0.769   0.299   0.373
              0.025   0.016   0.026   0.025   0.044
  15  3.776   0.341   0.487   0.155   0.668   0.632   0.730   0.278   0.353
              0.026   0.017   0.023   0.025   0.042
  16  3.753   0.326   0.498   0.419   0.571   0.286   0.573   0.333   0.602
              0.052   0.032   0.020   0.013   0.026
  17  4.113   0.767   0.327   0.723   0.840   0.855   0.279   0.081   0.118
              0.034   0.029   0.014   0.013   0.033
  18  4.007   0.501   0.431   0.542   0.665   0.580   0.431   0.273   0.404
              0.046   0.036   0.025   0.025   0.048
  19  3.960   0.416   0.462   0.523   0.612   0.565   0.465   0.329   0.397
              0.048   0.038   0.031   0.028   0.046
  20  3.941   0.366   0.478   0.524   0.623   0.582   0.465   0.315   0.398
              0.049   0.039   0.028   0.026   0.049
  21  3.768   0.330   0.495   0.147   0.582   0.594   0.754   0.341   0.385
              0.026   0.019   0.021   0.024   0.050
  22  3.795   0.343   0.491   0.189   0.646   0.602   0.717   0.264   0.409
              0.031   0.013   0.015   0.030   0.045
  23  3.785   0.307   0.506   0.143   0.676   0.667   0.741   0.262   0.351
              0.029   0.014   0.020   0.026   0.042
  24  3.973   0.433   0.452   0.560   0.655   0.554   0.426   0.267   0.436
              0.051   0.034   0.018   0.036   0.052
  25  3.944   0.377   0.474   0.521   0.626   0.590   0.464   0.305   0.401
              0.052   0.036   0.023   0.028   0.049
  26  3.979   0.433   0.452   0.548   0.647   0.582   0.443   0.293   0.397
              0.050   0.031   0.026   0.029   0.048
  27  3.776   0.313   0.497   0.163   0.671   0.632   0.725   0.258   0.383
              0.030   0.011   0.016   0.032   0.045
  28  3.779   0.318   0.492   0.462   0.593   0.358   0.509   0.325   0.592
              0.043   0.025   0.009   0.020   0.034
  29  4.004   0.539   0.419   0.578   0.733   0.557   0.411   0.180   0.417
              0.049   0.030   0.008   0.034   0.048
  30  3.962   0.430   0.451   0.527   0.683   0.551   0.439   0.253   0.448
              0.051   0.037   0.010   0.030   0.054
  31  3.951   0.407   0.462   0.556   0.659   0.553   0.431   0.259   0.443
              0.051   0.038   0.009   0.031   0.052
  32  3.953   0.407   0.463   0.562   0.659   0.553   0.435   0.259   0.432
              0.051   0.034   0.010   0.035   0.052
  33  3.959   0.439   0.447   0.538   0.687   0.532   0.442   0.249   0.445
              0.054   0.035   0.011   0.030   0.049
  34  3.785   0.333   0.488   0.586   0.699   0.141   0.435   0.218   0.752
              0.032   0.035   0.006   0.009   0.051
  35  3.760   0.328   0.487   0.248   0.719   0.439   0.670   0.212   0.525
              0.049   0.016   0.007   0.026   0.036
  36  3.755   0.330   0.488   0.228   0.713   0.454   0.686   0.205   0.518
              0.047   0.015   0.008   0.027   0.037
  37  3.792   0.322   0.492   0.593   0.721   0.131   0.435   0.210   0.757
              0.032   0.035   0.005   0.009   0.051
  38  3.783   0.329   0.489   0.373   0.712   0.350   0.586   0.211   0.600
              0.051   0.023   0.009   0.020   0.031
  39  3.761   0.328   0.487   0.154   0.709   0.543   0.736   0.223   0.449
              0.034   0.010   0.007   0.031   0.050
  40  3.756   0.328   0.489   0.525   0.691   0.180   0.466   0.223   0.720
              0.038   0.031   0.007   0.012   0.045
  41  3.793   0.323   0.491   0.380   0.730   0.334   0.576   0.207   0.620
              0.051   0.022   0.008   0.019   0.031
  42  4.151   0.670   0.369   0.699   0.824   0.679   0.299   0.138   0.307
              0.049   0.027   0.022   0.032   0.036
  43  3.922   0.447   0.447   0.480   0.637   0.525   0.471   0.276   0.453
              0.051   0.034   0.020   0.031   0.050
  44  3.917   0.460   0.443   0.505   0.597   0.509   0.435   0.322   0.460
              0.050   0.032   0.025   0.033   0.047
  45  3.951   0.400   0.465   0.583   0.639   0.553   0.408   0.292   0.426
              0.044   0.031   0.023   0.033   0.055
  46  3.957   0.400   0.463   0.579   0.647   0.557   0.407   0.294   0.427
              0.044   0.031   0.023   0.031   0.053
  47  3.781   0.353   0.481   0.563   0.555   0.258   0.431   0.352   0.653
              0.037   0.025   0.013   0.023   0.039
  48  3.768   0.328   0.485   0.222   0.634   0.569   0.671   0.302   0.421
              0.029   0.015   0.013   0.031   0.046
  49  3.757   0.330   0.487   0.441   0.681   0.276   0.513   0.256   0.638
              0.043   0.023   0.022   0.017   0.028
  50  3.793   0.322   0.491   0.553   0.618   0.275   0.441   0.313   0.649
              0.037   0.024   0.011   0.021   0.038
  51  3.795   0.323   0.491   0.563   0.695   0.189   0.441   0.253   0.706
              0.035   0.030   0.016   0.011   0.041
  52  3.779   0.334   0.489   0.556   0.646   0.206   0.448   0.269   0.694
              0.035   0.031   0.015   0.014   0.042
  53  3.765   0.325   0.488   0.397   0.629   0.391   0.550   0.294   0.556
              0.048   0.023   0.009   0.022   0.032
  54  3.756   0.331   0.488   0.183   0.671   0.515   0.710   0.259   0.463
              0.034   0.011   0.016   0.032   0.043

Species: H                   
Atom  Qatom  Qorb
               1s      1s      2Ppy    2Ppz    2Ppx    
  55  1.245   0.908   0.229   0.032   0.032   0.043
  56  1.250   0.910   0.233   0.024   0.038   0.045
  57  1.237   0.886   0.244   0.027   0.036   0.044
  58  1.246   0.911   0.228   0.049   0.038   0.021
  59  1.251   0.911   0.232   0.022   0.034   0.051
  60  1.248   0.913   0.227   0.034   0.040   0.034
  61  1.250   0.896   0.242   0.049   0.035   0.028
  62  1.247   0.879   0.254   0.025   0.035   0.053
  63  1.242   0.884   0.248   0.021   0.033   0.055
  64  1.242   0.904   0.231   0.042   0.037   0.028
  65  1.243   0.906   0.230   0.044   0.036   0.027
  66  1.248   0.907   0.235   0.017   0.035   0.054
  67  1.250   0.889   0.247   0.037   0.034   0.043
  68  1.244   0.907   0.230   0.050   0.037   0.020
  69  1.243   0.906   0.231   0.022   0.037   0.048
  70  1.248   0.907   0.235   0.033   0.035   0.038
  71  1.253   0.890   0.245   0.037   0.033   0.048
  72  1.246   0.865   0.264   0.058   0.035   0.024
  73  1.241   0.891   0.242   0.051   0.034   0.023
  74  1.125   1.058   0.028   0.025   0.008   0.006
  75  1.245   0.881   0.250   0.053   0.034   0.026
  76  1.238   0.899   0.234   0.027   0.037   0.041
  77  1.247   0.899   0.239   0.054   0.030   0.025
  78  1.242   0.906   0.231   0.027   0.038   0.040
  79  1.250   0.833   0.293   0.058   0.040   0.026
  80  1.241   0.899   0.238   0.052   0.033   0.019
  81  1.235   0.867   0.259   0.031   0.034   0.044
  82  1.243   0.897   0.241   0.053   0.032   0.019
  83  1.257   0.885   0.251   0.058   0.035   0.028
  84  1.246   0.903   0.234   0.052   0.034   0.022
  85  1.228   0.876   0.248   0.029   0.032   0.044

mulliken: Qtot =      247.000

Mulliken Atomic Populations:
Atom #   charge [q] valence [e]  Species
     1     0.077735    3.922265  C
     2     0.235325    3.764675  C
     3     0.239748    3.760252  C
     4     0.038223    3.961777  C
     5     0.051329    3.948671  C
     6     0.201832    3.798168  C
     7     0.056704    3.943296  C
     8     0.060727    3.939273  C
     9     0.036552    3.963448  C
    10    -0.022867    4.022867  C
    11     0.233826    3.766174  C
    12     0.248737    3.751263  C
    13     0.236388    3.763612  C
    14     0.231516    3.768484  C
    15     0.224020    3.775980  C
    16     0.247406    3.752594  C
    17    -0.112699    4.112699  C
    18    -0.007371    4.007371  C
    19     0.040498    3.959502  C
    20     0.058851    3.941149  C
    21     0.231617    3.768383  C
    22     0.204960    3.795040  C
    23     0.214733    3.785267  C
    24     0.026879    3.973121  C
    25     0.056231    3.943769  C
    26     0.020991    3.979009  C
    27     0.223895    3.776105  C
    28     0.221004    3.778996  C
    29    -0.004299    4.004299  C
    30     0.038464    3.961536  C
    31     0.048613    3.951387  C
    32     0.047068    3.952932  C
    33     0.041208    3.958792  C
    34     0.215480    3.784520  C
    35     0.239763    3.760237  C
    36     0.244610    3.755390  C
    37     0.207675    3.792325  C
    38     0.216825    3.783175  C
    39     0.238501    3.761499  C
    40     0.244293    3.755707  C
    41     0.206842    3.793158  C
    42    -0.151318    4.151318  C
    43     0.078151    3.921849  C
    44     0.082949    3.917051  C
    45     0.048803    3.951197  C
    46     0.043374    3.956626  C
    47     0.218834    3.781166  C
    48     0.232154    3.767846  C
    49     0.243244    3.756756  C
    50     0.206882    3.793118  C
    51     0.204913    3.795087  C
    52     0.220845    3.779155  C
    53     0.235280    3.764720  C
    54     0.243791    3.756209  C
    55    -0.244698    1.244698  H
    56    -0.249809    1.249809  H
    57    -0.237317    1.237317  H
    58    -0.246421    1.246421  H
    59    -0.250971    1.250971  H
    60    -0.247988    1.247988  H
    61    -0.250292    1.250292  H
    62    -0.246744    1.246744  H
    63    -0.241615    1.241615  H
    64    -0.241851    1.241851  H
    65    -0.243419    1.243419  H
    66    -0.247735    1.247735  H
    67    -0.250021    1.250021  H
    68    -0.243573    1.243573  H
    69    -0.243328    1.243328  H
    70    -0.247649    1.247649  H
    71    -0.252981    1.252981  H
    72    -0.246101    1.246101  H
    73    -0.241233    1.241233  H
    74    -0.125240    1.125240  H
    75    -0.244727    1.244727  H
    76    -0.237995    1.237995  H
    77    -0.246552    1.246552  H
    78    -0.241836    1.241836  H
    79    -0.250238    1.250238  H
    80    -0.240567    1.240567  H
    81    -0.234679    1.234679  H
    82    -0.242904    1.242904  H
    83    -0.257221    1.257221  H
    84    -0.245888    1.245888  H
    85    -0.228140    1.228140  H
--------------------
 Total    -0.000000

                     ====================================
                        Begin CG opt. move =      6
                     ====================================

outcoor: Atomic coordinates (Ang):                          
   -2.73038726   -1.53766106    0.62939146   1       1  C
   -2.66899873   -2.85282587    0.06056656   1       2  C
   -1.57938196   -3.28109972   -0.65008485   1       3  C
   -0.49563916   -2.43160857   -0.87375899   1       4  C
   -0.49906784   -1.09444203   -0.39397150   1       5  C
   -1.61798733   -0.69443172    0.38829567   1       6  C
    0.64841021   -2.95871026   -1.24773263   1       7  C
    1.76787154   -2.23996149   -1.70411006   1       8  C
    1.68095242   -0.86672352   -1.52428680   1       9  C
    0.62471260   -0.26471023   -0.78190123   1      10  C
    2.71165829   -2.96554486   -2.34851858   1      11  C
    3.73516066   -2.25934267   -2.90821402   1      12  C
    3.75671810   -0.85015814   -2.81467698   1      13  C
    2.74987004   -0.17848232   -2.14688146   1      14  C
   -1.60118862    4.20474095   -0.88590447   1      15  C
   -2.66057486    3.68650133   -1.68741505   1      16  C
   -2.61506674    2.36438338   -2.07401738   1      17  C
    0.63013961    1.21130086   -0.46137647   1      18  C
   -0.48427869    2.02799319   -0.85847038   1      19  C
   -0.53868347    3.40581429   -0.49517402   1      20  C
   -1.53103980    1.54529602   -1.65756750   1      21  C
    2.97287563    1.23023785    0.51873586   1      22  C
    0.49860960    3.97712382    0.22691312   1      23  C
    4.09084160    1.93200891    1.02608015   1      24  C
    1.62439713    3.25274886    0.53727035   1      25  C
    1.73793343    1.85961247    0.20040391   1      26  C
    2.69468132    3.91520809    1.17105667   1      27  C
    3.88284846    3.29150663    1.39130761   1      28  C
    5.45733727    1.36246917    1.08112142   1      29  C
    5.87422561   -0.05142802    1.15534562   1      30  C
    7.27241213   -0.12669410    0.96549927   1      31  C
    7.78852183    1.20645044    0.75227891   1      32  C
    6.71108962    2.11826705    0.80624917   1      33  C
    5.15963963   -1.23803827    1.37821569   1      34  C
    5.83969311   -2.46018147    1.38216653   1      35  C
    7.22787337   -2.51240186    1.17414598   1      36  C
    7.95144868   -1.33524861    0.96709597   1      37  C
    6.97774830    3.47278606    0.52815279   1      38  C
    8.28410333    3.88999621    0.25923714   1      39  C
    9.33934674    2.96813727    0.24407607   1      40  C
    9.08915167    1.61472192    0.48384924   1      41  C
   -3.95933470   -1.09151568    1.42064995   1      42  C
   -4.71418391    0.05694885    0.80362821   1      43  C
   -5.05197266   -2.11989391    1.55192228   1      44  C
   -6.24583612   -1.66995805    0.95301802   1      45  C
   -6.04008587   -0.32288659    0.49892013   1      46  C
   -5.03327345   -3.39306162    2.13271397   1      47  C
   -6.17723125   -4.19803842    2.08358220   1      48  C
   -7.35050005   -3.73529684    1.46343604   1      49  C
   -7.38923559   -2.45850948    0.89929253   1      50  C
   -6.94311554    0.55025410   -0.09308015   1      51  C
   -4.31936979    1.36732568    0.52781668   1      52  C
   -6.52979210    1.85401558   -0.37352092   1      53  C
   -5.22900821    2.26112858   -0.05247513   1      54  C
   -8.23668972   -4.36890190    1.42880777   2      55  H
   -8.30056808   -2.08607213    0.43030894   2      56  H
   -4.12238524   -3.75377427    2.61042595   2      57  H
   -6.16119511   -5.19376727    2.52644162   2      58  H
   -7.96281076    0.23444086   -0.31582824   2      59  H
   -7.22632030    2.55942641   -0.82557299   2      60  H
   -4.92959578    3.28837615   -0.25247813   2      61  H
   -3.31901538    1.70860692    0.78206848   2      62  H
    4.08755005   -1.22416541    1.55520038   2      63  H
    5.28928035   -3.38621179    1.54909271   2      64  H
    7.74660420   -3.47012582    1.17490716   2      65  H
    9.02914467   -1.36812285    0.80290935   2      66  H
    6.19690802    4.22435293    0.49278137   2      67  H
    8.48344857    4.94134497    0.04882008   2      68  H
   10.35093648    3.30580755    0.02454897   2      69  H
    9.90451049    0.89174800    0.44265896   2      70  H
   -3.47733262   -3.56449677    0.17440497   2      71  H
   -1.63275961    0.30853948    0.81037065   2      72  H
   -1.54200750   -4.28866729   -1.06124107   2      73  H
    0.87426003   -4.59724921   -0.44515985   2      74  H
    2.79519008    0.90807131   -2.10232018   2      75  H
    4.57706587   -0.30113893   -3.27427013   2      76  H
    2.65797914   -4.05058540   -2.41078488   2      77  H
    4.53465170   -2.77894874   -3.43201930   2      78  H
    3.12180892    0.19039424    0.26651994   2      79  H
    2.59363567    4.96696934    1.44095898   2      80  H
    4.68017492    3.85862024    1.85040185   2      81  H
    0.44886947    5.03438358    0.49115817   2      82  H
   -1.52517383    0.51935602   -2.00870647   2      83  H
   -1.61001704    5.25620962   -0.59302875   2      84  H
   -3.49184695    4.31228053   -2.00961482   2      85  H

outcell: Unit cell vectors (Ang):
       30.000000    0.000000    0.000000
        0.000000   20.000000    0.000000
        0.000000    0.000000   20.000000

outcell: Cell vector modules (Ang)   :   30.000000   20.000000   20.000000
outcell: Cell angles (23,13,12) (deg):     90.0000     90.0000     90.0000
outcell: Cell volume (Ang**3)        :  12000.0000
<dSpData1D:S at geom step 6
  <sparsity:sparsity for geom step 6
    nrows_g=857 nrows=857 sparsity=.3977 nnzs=292059, refcount: 7>
  <dData1D:(new from dSpData1D) n=292059, refcount: 1>
refcount: 1>
new_DM -- step:     7
Re-using DM from previous geometries...
Number of DMs in history: 1
 DM extrapolation coefficients: 
1   1.00000
New DM after history re-use:
<dSpData2D:SpM extrapolated using coords
  <sparsity:sparsity for geom step 6
    nrows_g=857 nrows=857 sparsity=.3977 nnzs=292059, refcount: 9>
  <dData2D:(temp array for extrapolation) n=292059 m=1, refcount: 1>
refcount: 1>
No. of atoms with KB's overlaping orbs in proc 0. Max # of overlaps:      85     202

InitMesh: MESH = 192 x 128 x 128 = 3145728
InitMesh: Mesh cutoff (required, used) =   100.000   113.204 Ry
New grid distribution [1]: sub = 2

        iscf     Eharris(eV)        E_KS(eV)     FreeEng(eV)     dDmax    Ef(eV) dHmax(eV)
   scf:    1    -8841.417615    -8841.851144    -8841.916220  0.067905 -4.119731  2.027687
   scf:    2    -8787.208125    -8824.732631    -8824.778055  0.311035 -4.527738 14.557847
   scf:    3    -8845.344383    -8840.085659    -8840.126957  0.314444 -4.135103  5.793826
   scf:    4    -8841.255666    -8840.865262    -8840.911965  0.083665 -4.145649  4.050845
   scf:    5    -8839.630429    -8840.299974    -8840.343352  0.044409 -4.164176  4.873948
   scf:    6    -8842.623116    -8841.682475    -8841.736839  0.056172 -4.137711  2.481786
   scf:    7    -8838.830321    -8841.425156    -8841.490296  0.131438 -4.134117  2.871900
   scf:    8    -8842.213586    -8842.118325    -8842.181161  0.096707 -4.139158  0.827161
   scf:    9    -8841.794672    -8842.059741    -8842.122936  0.062812 -4.136326  1.559994
mix: Pulay -- resetting history
mix: switching mixer --> Linear-Kick
   scf:   10    -8841.841791    -8842.095970    -8842.155879  0.084408 -4.141318  1.160768
mix: switching mixer --> Pulay
   scf:   11    -8809.000614    -8831.468273    -8831.504231  0.496723 -4.047487 15.744648
   scf:   12    -8826.441533    -8839.464807    -8839.508604  0.696238 -4.146233  7.693893
   scf:   13    -8842.804945    -8842.075940    -8842.136114  0.188183 -4.142045  1.485367
   scf:   14    -8842.155002    -8842.160424    -8842.222833  0.047083 -4.139305  0.038542
   scf:   15    -8842.136490    -8842.151931    -8842.214777  0.013271 -4.138604  0.455539
   scf:   16    -8842.161480    -8842.160623    -8842.222939  0.013761 -4.139721  0.024633
   scf:   17    -8842.159863    -8842.160348    -8842.222788  0.001672 -4.139750  0.067081
   scf:   18    -8842.160616    -8842.160649    -8842.222958  0.002777 -4.139967  0.022960
   scf:   19    -8842.160625    -8842.160643    -8842.222978  0.000517 -4.139954  0.005707
mix: Pulay -- resetting history
mix: switching mixer --> Linear-Kick
   scf:   20    -8842.160633    -8842.160639    -8842.222979  0.000164 -4.139947  0.000341
mix: switching mixer --> Pulay
   scf:   21    -8842.160587    -8842.160615    -8842.222975  0.000196 -4.139939  0.007137
   scf:   22    -8842.160443    -8842.160554    -8842.222922  0.000969 -4.139882  0.036117
   scf:   23    -8842.160665    -8842.160639    -8842.222979  0.001187 -4.139946  0.001001
   scf:   24    -8842.160638    -8842.160639    -8842.222979  0.000017 -4.139947  0.000544
   scf:   25    -8842.160638    -8842.160638    -8842.222979  0.000008 -4.139950  0.000286
   scf:   26    -8842.160637    -8842.160638    -8842.222979  0.000014 -4.139953  0.000155
   scf:   27    -8842.160638    -8842.160638    -8842.222979  0.000004 -4.139954  0.000032

SCF Convergence by DM+H criterion
max |DM_out - DM_in|         :     0.0000038915
max |H_out - H_in|      (eV) :     0.0000321370
SCF cycle converged after 27 iterations

Using DM_out to compute the final energy and forces
No. of atoms with KB's overlaping orbs in proc 0. Max # of overlaps:      85     202

siesta: E_KS(eV) =            -8842.1606

siesta: Atomic forces (eV/Ang):
     1   -0.460972    0.908921    1.491767
     2    0.168589   -0.465526   -0.045730
     3   -1.633040   -0.251058    0.704520
     4   -1.831109    0.148586    1.426789
     5   -0.081773    1.662875   -0.404997
     6   -0.322820   -0.145347    0.059961
     7    3.562334   -4.351584    0.628312
     8   -3.357762   -2.380930    1.868460
     9    0.561761    1.862313   -0.170420
    10   -0.625085    1.139750    0.639279
    11    2.342787   -0.718485   -1.031586
    12    1.075435    0.036333   -0.579502
    13   -0.116476   -0.007887    0.094819
    14    0.416869    0.766147   -0.301890
    15   -2.067723    0.301066   -1.378771
    16    0.705008    1.005522    0.714474
    17    1.760325   -1.720771    0.642446
    18    0.316517   -0.967503   -0.069580
    19    0.393400   -0.528217    0.379818
    20    0.049961   -0.092994    0.179942
    21   -2.230763    0.466712   -1.551301
    22    0.227928    0.034823    0.273611
    23    0.158487    0.358703    0.234772
    24    1.107411   -0.861830    0.034728
    25   -0.056287    0.143341    0.056486
    26    0.089681   -0.596200   -0.176799
    27    0.593396    0.226495    0.236288
    28    0.236089    0.379724    0.035811
    29   -0.372032    0.114496   -0.571508
    30   -0.855108    0.782514   -0.030005
    31    0.488003    0.004159   -0.037071
    32    0.333834   -0.294176    0.021028
    33   -1.189201    0.138510    0.339180
    34   -0.077700   -0.108679    0.012541
    35    0.074521    0.025496   -0.026337
    36   -0.132248   -0.082816    0.027019
    37    0.057567   -0.186648    0.038846
    38   -0.024276    0.103051    0.028197
    39    0.011398   -0.121049   -0.011130
    40    0.001942    0.103450   -0.017614
    41    0.139473    0.058679   -0.037704
    42   -0.580791   -1.160514   -3.031846
    43    0.971873    0.108294    0.809979
    44    1.201251    0.244623    0.487715
    45   -0.356228    0.187699    0.124627
    46   -0.336892    0.062182    0.088263
    47    0.125485   -0.190494    0.002821
    48    0.002458    0.057973   -0.031436
    49    0.071951   -0.063111    0.091360
    50   -0.130275   -0.185525    0.050295
    51   -0.049971    0.167983   -0.059911
    52    0.145240    0.124877   -0.091671
    53    0.076302    0.135333    0.009633
    54   -0.143078   -0.040874   -0.088873
    55   -0.358492   -0.303089    0.010480
    56   -0.386316    0.134206   -0.220291
    57    0.374472   -0.208784    0.301999
    58    0.028325   -0.411835    0.211323
    59   -0.420559   -0.164002   -0.140431
    60   -0.284732    0.324785   -0.197894
    61    0.187396    0.446783   -0.028590
    62    0.481144    0.264419    0.132197
    63   -0.579086    0.009709    0.131588
    64   -0.265998   -0.355126    0.066666
    65    0.187307   -0.458598    0.013657
    66    0.454397   -0.030195   -0.049879
    67   -0.562198    0.340256   -0.005916
    68    0.047212    0.416553   -0.078883
    69    0.475203    0.153020   -0.084595
    70    0.335043   -0.316445   -0.009806
    71   -0.697911   -0.209470    0.190885
    72    0.133819    0.396107    0.242834
    73    0.025686   -0.442131   -0.136874
    74   -0.387455    2.992408   -2.261628
    75   -0.055544    0.533508   -0.018685
    76    0.305715    0.329456   -0.197158
    77   -0.167576   -0.437210    0.035462
    78    0.444106   -0.198221   -0.324067
    79   -0.016773   -0.694920   -0.196034
    80   -0.181178    0.427527    0.154145
    81    0.599970    0.252741    0.412899
    82   -0.029203    0.440481    0.160052
    83    0.254429   -0.643479   -0.257021
    84   -0.043415    0.471081    0.124194
    85   -0.390255    0.563881    0.004620
----------------------------------------
   Tot   -0.056806   -0.038175    0.073354
----------------------------------------
   Max    4.351584
   Res    0.772979    sqrt( Sum f_i^2 / 3N )
----------------------------------------
   Max    4.351584    constrained

Stress tensor Voigt[x,y,z,yz,xz,xy] (kbar):       -4.03       -4.63       -0.55       -0.41        0.51       -0.04
(Free)E + p*V (eV/cell)    -8819.2233
Target enthalpy (eV/cell)    -8842.2155

mulliken: Atomic and Orbital Populations:

Species: C                   
Atom  Qatom  Qorb
               2s      2s      2py     2pz     2px     2py     2pz     2px     
               3Pdxy   3Pdyz   3Pdz2   3Pdxz   3Pdx2-y2
   1  3.922   0.480   0.435   0.520   0.595   0.511   0.446   0.297   0.447
              0.049   0.033   0.030   0.029   0.050
   2  3.765   0.312   0.497   0.384   0.662   0.365   0.550   0.283   0.580
              0.043   0.024   0.023   0.015   0.027
   3  3.758   0.324   0.495   0.196   0.617   0.620   0.696   0.314   0.369
              0.031   0.017   0.017   0.027   0.037
   4  3.967   0.311   0.501   0.520   0.622   0.608   0.477   0.304   0.424
              0.061   0.034   0.020   0.032   0.053
   5  3.948   0.437   0.454   0.524   0.599   0.564   0.451   0.328   0.401
              0.046   0.038   0.031   0.030   0.045
   6  3.799   0.354   0.483   0.216   0.589   0.632   0.683   0.338   0.373
              0.027   0.019   0.018   0.025   0.042
   7  3.944   0.627   0.387   0.513   0.694   0.753   0.303   0.226   0.302
              0.036   0.017   0.013   0.032   0.039
   8  3.926   0.321   0.498   0.518   0.589   0.574   0.480   0.345   0.406
              0.059   0.043   0.025   0.024   0.044
   9  3.969   0.396   0.469   0.543   0.603   0.568   0.456   0.338   0.402
              0.049   0.039   0.035   0.025   0.046
  10  4.023   0.495   0.431   0.538   0.689   0.583   0.433   0.277   0.398
              0.044   0.037   0.027   0.024   0.047
  11  3.773   0.288   0.506   0.111   0.679   0.641   0.784   0.273   0.357
              0.028   0.017   0.025   0.023   0.040
  12  3.750   0.316   0.493   0.443   0.570   0.364   0.529   0.345   0.556
              0.043   0.032   0.013   0.011   0.033
  13  3.765   0.328   0.487   0.439   0.612   0.359   0.528   0.317   0.560
              0.042   0.034   0.015   0.011   0.033
  14  3.768   0.338   0.490   0.120   0.627   0.614   0.768   0.300   0.373
              0.025   0.016   0.027   0.025   0.044
  15  3.777   0.340   0.487   0.157   0.668   0.632   0.728   0.279   0.353
              0.026   0.017   0.023   0.024   0.042
  16  3.752   0.328   0.497   0.417   0.571   0.287   0.572   0.333   0.603
              0.052   0.032   0.020   0.013   0.027
  17  4.113   0.765   0.328   0.719   0.840   0.859   0.280   0.081   0.118
              0.034   0.029   0.014   0.014   0.033
  18  4.009   0.498   0.432   0.543   0.665   0.581   0.431   0.274   0.405
              0.046   0.036   0.024   0.025   0.048
  19  3.958   0.420   0.460   0.523   0.612   0.562   0.464   0.329   0.397
              0.048   0.038   0.031   0.028   0.046
  20  3.940   0.369   0.477   0.523   0.625   0.579   0.466   0.313   0.399
              0.049   0.039   0.028   0.026   0.048
  21  3.771   0.328   0.495   0.147   0.582   0.596   0.754   0.342   0.386
              0.026   0.019   0.021   0.024   0.050
  22  3.796   0.344   0.491   0.191   0.646   0.603   0.715   0.264   0.409
              0.031   0.013   0.015   0.030   0.045
  23  3.787   0.305   0.506   0.144   0.676   0.669   0.741   0.263   0.350
              0.029   0.014   0.020   0.026   0.042
  24  3.973   0.433   0.452   0.557   0.656   0.556   0.427   0.266   0.435
              0.051   0.033   0.018   0.036   0.052
  25  3.943   0.378   0.473   0.519   0.626   0.590   0.465   0.305   0.401
              0.051   0.036   0.023   0.028   0.049
  26  3.979   0.433   0.452   0.547   0.647   0.583   0.444   0.293   0.396
              0.050   0.031   0.026   0.029   0.048
  27  3.777   0.313   0.497   0.164   0.671   0.633   0.724   0.259   0.383
              0.030   0.011   0.016   0.032   0.045
  28  3.779   0.319   0.492   0.462   0.593   0.358   0.507   0.325   0.593
              0.043   0.025   0.009   0.020   0.034
  29  4.006   0.534   0.421   0.579   0.731   0.559   0.412   0.183   0.417
              0.049   0.030   0.008   0.034   0.048
  30  3.961   0.432   0.450   0.528   0.684   0.549   0.439   0.252   0.448
              0.050   0.037   0.010   0.030   0.054
  31  3.951   0.408   0.462   0.558   0.659   0.550   0.430   0.258   0.444
              0.051   0.038   0.009   0.031   0.052
  32  3.953   0.408   0.462   0.562   0.660   0.552   0.435   0.259   0.433
              0.051   0.034   0.010   0.035   0.052
  33  3.959   0.441   0.446   0.537   0.688   0.532   0.443   0.248   0.445
              0.054   0.035   0.011   0.030   0.049
  34  3.785   0.334   0.488   0.586   0.698   0.142   0.435   0.218   0.750
              0.032   0.035   0.006   0.009   0.051
  35  3.761   0.328   0.487   0.248   0.719   0.440   0.669   0.212   0.524
              0.049   0.016   0.007   0.026   0.036
  36  3.756   0.330   0.488   0.229   0.713   0.454   0.686   0.205   0.518
              0.047   0.015   0.008   0.027   0.037
  37  3.793   0.322   0.492   0.593   0.720   0.131   0.435   0.211   0.757
              0.032   0.035   0.005   0.009   0.051
  38  3.784   0.330   0.489   0.374   0.711   0.350   0.585   0.211   0.599
              0.051   0.023   0.009   0.020   0.031
  39  3.762   0.328   0.487   0.155   0.709   0.544   0.735   0.223   0.449
              0.034   0.010   0.007   0.031   0.050
  40  3.756   0.329   0.488   0.525   0.691   0.181   0.466   0.223   0.720
              0.038   0.031   0.007   0.012   0.045
  41  3.794   0.323   0.491   0.381   0.729   0.335   0.576   0.208   0.619
              0.051   0.022   0.008   0.019   0.031
  42  4.150   0.663   0.372   0.697   0.821   0.678   0.302   0.141   0.310
              0.049   0.027   0.022   0.032   0.036
  43  3.922   0.448   0.447   0.482   0.639   0.523   0.470   0.275   0.453
              0.051   0.034   0.020   0.031   0.050
  44  3.918   0.461   0.443   0.507   0.597   0.509   0.434   0.322   0.459
              0.049   0.032   0.024   0.033   0.047
  45  3.950   0.402   0.464   0.583   0.639   0.551   0.407   0.292   0.427
              0.044   0.031   0.023   0.033   0.055
  46  3.956   0.402   0.463   0.580   0.648   0.554   0.406   0.293   0.428
              0.044   0.031   0.023   0.031   0.053
  47  3.782   0.354   0.481   0.563   0.554   0.258   0.430   0.352   0.652
              0.037   0.025   0.013   0.023   0.039
  48  3.769   0.328   0.485   0.222   0.634   0.570   0.671   0.303   0.421
              0.029   0.015   0.013   0.031   0.046
  49  3.757   0.331   0.487   0.441   0.681   0.277   0.512   0.256   0.638
              0.043   0.023   0.022   0.017   0.028
  50  3.794   0.322   0.491   0.553   0.618   0.275   0.441   0.313   0.648
              0.038   0.024   0.011   0.021   0.038
  51  3.796   0.323   0.491   0.564   0.695   0.190   0.440   0.254   0.705
              0.035   0.030   0.016   0.011   0.041
  52  3.780   0.335   0.489   0.557   0.646   0.207   0.447   0.270   0.693
              0.035   0.031   0.015   0.014   0.042
  53  3.765   0.326   0.488   0.398   0.629   0.391   0.550   0.294   0.556
              0.048   0.023   0.009   0.022   0.032
  54  3.757   0.331   0.488   0.183   0.671   0.516   0.710   0.259   0.463
              0.034   0.011   0.016   0.032   0.043

Species: H                   
Atom  Qatom  Qorb
               1s      1s      2Ppy    2Ppz    2Ppx    
  55  1.244   0.908   0.229   0.032   0.032   0.043
  56  1.249   0.910   0.233   0.024   0.038   0.045
  57  1.237   0.886   0.244   0.027   0.036   0.044
  58  1.246   0.911   0.228   0.049   0.038   0.020
  59  1.250   0.912   0.232   0.022   0.034   0.051
  60  1.248   0.913   0.227   0.034   0.040   0.034
  61  1.250   0.896   0.242   0.050   0.035   0.028
  62  1.246   0.879   0.254   0.025   0.035   0.053
  63  1.241   0.884   0.248   0.021   0.033   0.055
  64  1.241   0.904   0.230   0.042   0.037   0.028
  65  1.243   0.906   0.230   0.044   0.036   0.027
  66  1.247   0.907   0.235   0.017   0.035   0.054
  67  1.249   0.889   0.246   0.037   0.034   0.043
  68  1.243   0.907   0.229   0.050   0.037   0.019
  69  1.243   0.906   0.230   0.022   0.037   0.048
  70  1.247   0.907   0.234   0.033   0.034   0.038
  71  1.253   0.890   0.245   0.037   0.032   0.048
  72  1.245   0.864   0.264   0.058   0.035   0.024
  73  1.241   0.891   0.242   0.051   0.034   0.023
  74  1.122   1.048   0.033   0.025   0.009   0.007
  75  1.245   0.882   0.249   0.053   0.034   0.026
  76  1.238   0.899   0.233   0.027   0.037   0.041
  77  1.246   0.900   0.238   0.054   0.030   0.025
  78  1.242   0.906   0.231   0.026   0.038   0.040
  79  1.249   0.833   0.293   0.058   0.040   0.026
  80  1.240   0.899   0.238   0.052   0.033   0.019
  81  1.234   0.867   0.258   0.031   0.034   0.044
  82  1.243   0.897   0.241   0.053   0.032   0.019
  83  1.257   0.886   0.250   0.058   0.035   0.028
  84  1.246   0.903   0.234   0.052   0.034   0.022
  85  1.228   0.876   0.247   0.029   0.031   0.044

mulliken: Qtot =      247.000

Mulliken Atomic Populations:
Atom #   charge [q] valence [e]  Species
     1     0.077608    3.922392  C
     2     0.234729    3.765271  C
     3     0.241912    3.758088  C
     4     0.033023    3.966977  C
     5     0.052135    3.947865  C
     6     0.201154    3.798846  C
     7     0.055767    3.944233  C
     8     0.074167    3.925833  C
     9     0.030610    3.969390  C
    10    -0.022660    4.022660  C
    11     0.227180    3.772820  C
    12     0.249785    3.750215  C
    13     0.234875    3.765125  C
    14     0.232364    3.767636  C
    15     0.223156    3.776844  C
    16     0.248168    3.751832  C
    17    -0.112546    4.112546  C
    18    -0.008657    4.008657  C
    19     0.041827    3.958173  C
    20     0.059746    3.940254  C
    21     0.229262    3.770738  C
    22     0.203689    3.796311  C
    23     0.213077    3.786923  C
    24     0.026731    3.973269  C
    25     0.057148    3.942852  C
    26     0.021202    3.978798  C
    27     0.223150    3.776850  C
    28     0.221173    3.778827  C
    29    -0.005614    4.005614  C
    30     0.038790    3.961210  C
    31     0.048856    3.951144  C
    32     0.047433    3.952567  C
    33     0.041414    3.958586  C
    34     0.214888    3.785112  C
    35     0.238897    3.761103  C
    36     0.244053    3.755947  C
    37     0.207060    3.792940  C
    38     0.216079    3.783921  C
    39     0.237671    3.762329  C
    40     0.243796    3.756204  C
    41     0.206235    3.793765  C
    42    -0.149626    4.149626  C
    43     0.077784    3.922216  C
    44     0.082280    3.917720  C
    45     0.049573    3.950427  C
    46     0.043865    3.956135  C
    47     0.218146    3.781854  C
    48     0.231448    3.768552  C
    49     0.242798    3.757202  C
    50     0.206192    3.793808  C
    51     0.204258    3.795742  C
    52     0.219920    3.780080  C
    53     0.234649    3.765351  C
    54     0.242967    3.757033  C
    55    -0.244170    1.244170  H
    56    -0.249264    1.249264  H
    57    -0.236866    1.236866  H
    58    -0.245855    1.245855  H
    59    -0.250496    1.250496  H
    60    -0.247583    1.247583  H
    61    -0.249757    1.249757  H
    62    -0.246180    1.246180  H
    63    -0.241163    1.241163  H
    64    -0.241475    1.241475  H
    65    -0.243056    1.243056  H
    66    -0.247307    1.247307  H
    67    -0.249411    1.249411  H
    68    -0.243064    1.243064  H
    69    -0.242971    1.242971  H
    70    -0.247221    1.247221  H
    71    -0.252633    1.252633  H
    72    -0.245006    1.245006  H
    73    -0.240739    1.240739  H
    74    -0.121567    1.121567  H
    75    -0.244581    1.244581  H
    76    -0.237671    1.237671  H
    77    -0.246490    1.246490  H
    78    -0.241862    1.241862  H
    79    -0.249158    1.249158  H
    80    -0.240260    1.240260  H
    81    -0.234358    1.234358  H
    82    -0.242711    1.242711  H
    83    -0.257112    1.257112  H
    84    -0.245737    1.245737  H
    85    -0.227865    1.227865  H
--------------------
 Total    -0.000000

                     ====================================
                        Begin CG opt. move =      7
                     ====================================

outcoor: Atomic coordinates (Ang):                          
   -2.73082450   -1.53562589    0.63166281   1       1  C
   -2.66815292   -2.85363139    0.05994857   1       2  C
   -1.58117823   -3.28104915   -0.64926077   1       3  C
   -0.49371963   -2.43281867   -0.87339775   1       4  C
   -0.49970722   -1.09226675   -0.39386141   1       5  C
   -1.61848819   -0.69561434    0.38800863   1       6  C
    0.62841021   -2.97397925   -1.23819423   1       7  C
    1.78479451   -2.23085503   -1.71096632   1       8  C
    1.68015968   -0.86331196   -1.52366699   1       9  C
    0.62507227   -0.26323988   -0.78161150   1      10  C
    2.71555846   -2.96530445   -2.35002239   1      11  C
    3.73421606   -2.26092394   -2.90768910   1      12  C
    3.75565703   -0.84879028   -2.81387949   1      13  C
    2.75117769   -0.17914499   -2.14783956   1      14  C
   -1.60580533    4.20539401   -0.88879372   1      15  C
   -2.65878174    3.69001295   -1.68530019   1      16  C
   -2.61192891    2.35949391   -2.07349683   1      17  C
    0.63073630    1.21004576   -0.46137956   1      18  C
   -0.48251996    2.02733155   -0.85721331   1      19  C
   -0.53751678    3.40534180   -0.49441713   1      20  C
   -1.53600096    1.54632792   -1.66067619   1      21  C
    2.97286172    1.23131125    0.51922709   1      22  C
    0.49952057    3.97698798    0.22737577   1      23  C
    4.09306621    1.92941025    1.02589123   1      24  C
    1.62314132    3.25394405    0.53711328   1      25  C
    1.73799393    1.85771414    0.19985652   1      26  C
    2.69688530    3.91487661    1.17171080   1      27  C
    3.88168458    3.29345344    1.39134457   1      28  C
    5.45676618    1.36273279    1.08034159   1      29  C
    5.87185269   -0.04998344    1.15547575   1      30  C
    7.27436184   -0.12700728    0.96529149   1      31  C
    7.79012726    1.20535801    0.75218891   1      32  C
    6.70834705    2.11913077    0.80678779   1      33  C
    5.16024194   -1.23875631    1.37817186   1      34  C
    5.83986767   -2.45948770    1.38205925   1      35  C
    7.22755597   -2.51209728    1.17416955   1      36  C
    7.95087785   -1.33535872    0.96722804   1      37  C
    6.97866464    3.47269365    0.52809345   1      38  C
    8.28368865    3.88933887    0.25936756   1      39  C
    9.33902998    2.96804322    0.24413894   1      40  C
    9.08877970    1.61516190    0.48383787   1      41  C
   -3.96074424   -1.09304887    1.41659605   1      42  C
   -4.71144401    0.05729098    0.80509079   1      43  C
   -5.04888832   -2.11985161    1.55332389   1      44  C
   -6.24751718   -1.66947877    0.95260048   1      45  C
   -6.04174819   -0.32294769    0.49864329   1      46  C
   -5.03397749   -3.39334628    2.13243411   1      47  C
   -6.17696958   -4.19744885    2.08339180   1      48  C
   -7.35011655   -3.73493894    1.46347085   1      49  C
   -7.38885314   -2.45905751    0.89965593   1      50  C
   -6.94254974    0.55060657   -0.09299787   1      51  C
   -4.31996651    1.36749323    0.52738578   1      52  C
   -6.52941273    1.85384265   -0.37329474   1      53  C
   -5.22923610    2.26051845   -0.05244055   1      54  C
   -8.23738371   -4.36944851    1.42880923   2      55  H
   -8.30130105   -2.08576573    0.42988970   2      56  H
   -4.12163231   -3.75406878    2.61092468   2      57  H
   -6.16116800   -5.19458801    2.52683478   2      58  H
   -7.96362654    0.23411925   -0.31605614   2      59  H
   -7.22685913    2.56000941   -0.82593648   2      60  H
   -4.92927697    3.28925655   -0.25258254   2      61  H
   -3.31810159    1.70897114    0.78234506   2      62  H
    4.08649122   -1.22408411    1.55541558   2      63  H
    5.28878280   -3.38694919    1.54922604   2      64  H
    7.74697913   -3.47094068    1.17492347   2      65  H
    9.02999672   -1.36813648    0.80279885   2      66  H
    6.19587687    4.22501572    0.49277789   2      67  H
    8.48358487    4.94219895    0.04865360   2      68  H
   10.35177578    3.30607461    0.02439163   2      69  H
    9.90512606    0.89114338    0.44264380   2      70  H
   -3.47838821   -3.56493018    0.17468838   2      71  H
   -1.63262859    0.30945978    0.81086839   2      72  H
   -1.54186672   -4.28951049   -1.06150879   2      73  H
    0.87420392   -4.59434007   -0.44752443   2      74  H
    2.79500864    0.90900318   -2.10224913   2      75  H
    4.57768057   -0.30058499   -3.27464804   2      76  H
    2.65777881   -4.05138896   -2.41077644   2      77  H
    4.53527871   -2.77938626   -3.43249621   2      78  H
    3.12187233    0.18898076    0.26615140   2      79  H
    2.59333741    4.96771002    1.44117205   2      80  H
    4.68107192    3.85897573    1.85097090   2      81  H
    0.44881325    5.03505210    0.49138419   2      82  H
   -1.52480040    0.51847042   -2.00900138   2      83  H
   -1.60997907    5.25688676   -0.59279654   2      84  H
   -3.49250675    4.31311498   -2.00964004   2      85  H

outcell: Unit cell vectors (Ang):
       30.000000    0.000000    0.000000
        0.000000   20.000000    0.000000
        0.000000    0.000000   20.000000

outcell: Cell vector modules (Ang)   :   30.000000   20.000000   20.000000
outcell: Cell angles (23,13,12) (deg):     90.0000     90.0000     90.0000
outcell: Cell volume (Ang**3)        :  12000.0000
<dSpData1D:S at geom step 7
  <sparsity:sparsity for geom step 7
    nrows_g=857 nrows=857 sparsity=.3986 nnzs=292739, refcount: 7>
  <dData1D:(new from dSpData1D) n=292739, refcount: 1>
refcount: 1>
new_DM -- step:     8
Re-using DM from previous geometries...
Number of DMs in history: 1
 DM extrapolation coefficients: 
1   1.00000
New DM after history re-use:
<dSpData2D:SpM extrapolated using coords
  <sparsity:sparsity for geom step 7
    nrows_g=857 nrows=857 sparsity=.3986 nnzs=292739, refcount: 9>
  <dData2D:(temp array for extrapolation) n=292739 m=1, refcount: 1>
refcount: 1>
No. of atoms with KB's overlaping orbs in proc 0. Max # of overlaps:      85     202

InitMesh: MESH = 192 x 128 x 128 = 3145728
InitMesh: Mesh cutoff (required, used) =   100.000   113.204 Ry
New grid distribution [1]: sub = 2

        iscf     Eharris(eV)        E_KS(eV)     FreeEng(eV)     dDmax    Ef(eV) dHmax(eV)
   scf:    1    -8841.399493    -8841.857335    -8841.921722  0.059716 -4.122299  1.844790
   scf:    2    -8787.679212    -8824.902746    -8824.946759  0.300765 -4.529749 14.608623
   scf:    3    -8847.080522    -8840.443557    -8840.486704  0.221788 -4.156914  4.695801
   scf:    4    -8841.201725    -8840.858845    -8840.905019  0.035686 -4.151002  4.075696
   scf:    5    -8838.534807    -8839.876717    -8839.918480  0.090123 -4.175091  5.728963
   scf:    6    -8842.827513    -8841.677481    -8841.731110  0.082955 -4.142521  2.633408
   scf:    7    -8838.349737    -8841.306797    -8841.370772  0.179855 -4.135988  3.475089
   scf:    8    -8842.439153    -8842.053590    -8842.117186  0.074670 -4.140313  1.072133
   scf:    9    -8842.068381    -8842.152169    -8842.212510  0.036204 -4.142633  0.356330
mix: Pulay -- resetting history
mix: switching mixer --> Linear-Kick
   scf:   10    -8842.154966    -8842.155043    -8842.215570  0.007746 -4.143272  0.384770
mix: switching mixer --> Pulay
   scf:   11    -8822.437407    -8835.664476    -8835.709088  0.383763 -4.103955 12.018943
   scf:   12    -8838.189379    -8841.664046    -8841.720770  0.477390 -4.147985  3.274301
   scf:   13    -8842.024593    -8842.154188    -8842.215957  0.119238 -4.141322  0.448454
   scf:   14    -8842.164853    -8842.160639    -8842.222188  0.007526 -4.141919  0.208845
   scf:   15    -8842.161057    -8842.162439    -8842.223711  0.008961 -4.142881  0.076722
   scf:   16    -8842.162606    -8842.162583    -8842.223925  0.001732 -4.143015  0.021189
   scf:   17    -8842.162571    -8842.162583    -8842.223942  0.000537 -4.143088  0.003745
   scf:   18    -8842.162593    -8842.162588    -8842.223941  0.000131 -4.143101  0.007624
   scf:   19    -8842.162544    -8842.162571    -8842.223941  0.000478 -4.143076  0.007664
mix: Pulay -- resetting history
mix: switching mixer --> Linear-Kick
   scf:   20    -8842.162595    -8842.162586    -8842.223942  0.000393 -4.143106  0.004844
mix: switching mixer --> Pulay
   scf:   21    -8842.156785    -8842.160600    -8842.222175  0.006832 -4.142692  0.212182
   scf:   22    -8842.162845    -8842.162584    -8842.223943  0.006625 -4.143089  0.002782
   scf:   23    -8842.162581    -8842.162582    -8842.223943  0.000112 -4.143094  0.000980
   scf:   24    -8842.162582    -8842.162582    -8842.223943  0.000010 -4.143097  0.000659
   scf:   25    -8842.162581    -8842.162581    -8842.223943  0.000021 -4.143100  0.000055
   scf:   26    -8842.162582    -8842.162582    -8842.223943  0.000003 -4.143101  0.000048

SCF Convergence by DM+H criterion
max |DM_out - DM_in|         :     0.0000028630
max |H_out - H_in|      (eV) :     0.0000478185
SCF cycle converged after 26 iterations

Using DM_out to compute the final energy and forces
No. of atoms with KB's overlaping orbs in proc 0. Max # of overlaps:      85     202

siesta: E_KS(eV) =            -8842.1626

siesta: Atomic forces (eV/Ang):
     1   -0.484084    0.753170    1.413141
     2    0.053746   -0.421207    0.052962
     3   -1.647954   -0.308640    0.695489
     4   -2.671696    0.510532    1.686123
     5   -0.001077    1.614964   -0.489519
     6   -0.293060    0.015469    0.108505
     7    5.734503   -4.004001   -0.098504
     8   -4.903257   -3.085608    2.607352
     9    0.790748    1.699275   -0.294659
    10   -0.785162    1.109359    0.703640
    11    2.197705   -0.951833   -1.014204
    12    1.438129    0.293972   -0.780453
    13    0.042575   -0.207234   -0.019990
    14    0.285250    1.016574   -0.206393
    15   -1.711675    0.288462   -1.159205
    16    0.514794    0.678009    0.503825
    17    1.545340   -1.285942    0.643385
    18    0.283053   -0.944617   -0.082613
    19    0.217695   -0.507419    0.271224
    20   -0.105234   -0.055092    0.099196
    21   -1.842413    0.331203   -1.349327
    22    0.271821   -0.122961    0.247555
    23    0.041986    0.450776    0.204921
    24    0.959503   -0.626152    0.065816
    25    0.133606   -0.016826    0.094252
    26    0.098179   -0.415839   -0.123887
    27    0.344086    0.329474    0.176001
    28    0.476449    0.151430    0.043602
    29   -0.348211    0.092997   -0.554863
    30   -0.653372    0.697942   -0.054062
    31    0.284353    0.055720   -0.013113
    32    0.152741   -0.187074    0.039108
    33   -0.987655    0.040812    0.317801
    34   -0.185886   -0.013551    0.021236
    35    0.062190   -0.078966   -0.014563
    36   -0.107004   -0.145219    0.028267
    37    0.157380   -0.205786    0.025576
    38   -0.173100    0.133665    0.043394
    39    0.079755   -0.041220   -0.033740
    40    0.051598    0.137041   -0.030623
    41    0.224609    0.002123   -0.043339
    42   -0.462103   -1.132096   -2.959840
    43    0.735789    0.082155    0.734063
    44    0.948712    0.272017    0.367663
    45   -0.171054    0.152795    0.206674
    46   -0.150717    0.078701    0.146261
    47    0.259617   -0.178583    0.046169
    48   -0.039791   -0.023389   -0.008130
    49    0.026092   -0.131350    0.103351
    50   -0.214283   -0.134432    0.002787
    51   -0.147751    0.144900   -0.084456
    52    0.265212    0.120382   -0.041022
    53    0.031242    0.187310   -0.023965
    54   -0.133680    0.046499   -0.110920
    55   -0.317101   -0.274220    0.012177
    56   -0.344484    0.111378   -0.196093
    57    0.327168   -0.201995    0.280435
    58    0.029424   -0.360715    0.189444
    59   -0.372054   -0.144311   -0.131155
    60   -0.253681    0.294272   -0.177950
    61    0.172283    0.392994   -0.017875
    62    0.428584    0.256963    0.114022
    63   -0.522399   -0.001643    0.122728
    64   -0.238123   -0.306579    0.058333
    65    0.163717   -0.416805    0.013646
    66    0.406482   -0.033846   -0.041990
    67   -0.506299    0.301496   -0.006576
    68    0.034762    0.361452   -0.067695
    69    0.432518    0.139821   -0.075767
    70    0.301784   -0.281185   -0.009316
    71   -0.662199   -0.181104    0.181954
    72    0.137926    0.328243    0.211410
    73    0.005895   -0.392044   -0.120008
    74   -0.468748    3.059600   -2.290103
    75   -0.036505    0.489127   -0.033806
    76    0.265934    0.304174   -0.174274
    77   -0.169391   -0.392133    0.044556
    78    0.428633   -0.169523   -0.309194
    79   -0.029345   -0.607106   -0.175516
    80   -0.167765    0.391044    0.149555
    81    0.570455    0.244022    0.400206
    82   -0.025521    0.417797    0.154218
    83    0.242145   -0.622717   -0.256528
    84   -0.058042    0.450254    0.109416
    85   -0.357229    0.538246    0.009388
----------------------------------------
   Tot   -0.092936   -0.042352    0.075592
----------------------------------------
   Max    5.734503
   Res    0.846079    sqrt( Sum f_i^2 / 3N )
----------------------------------------
   Max    5.734503    constrained

Stress tensor Voigt[x,y,z,yz,xz,xy] (kbar):       -4.05       -4.46       -0.55       -0.42        0.55        0.11
(Free)E + p*V (eV/cell)    -8819.5954
Target enthalpy (eV/cell)    -8842.2165

mulliken: Atomic and Orbital Populations:

Species: C                   
Atom  Qatom  Qorb
               2s      2s      2py     2pz     2px     2py     2pz     2px     
               3Pdxy   3Pdyz   3Pdz2   3Pdxz   3Pdx2-y2
   1  3.923   0.479   0.436   0.520   0.595   0.513   0.446   0.297   0.446
              0.049   0.033   0.030   0.029   0.050
   2  3.766   0.313   0.497   0.384   0.663   0.366   0.549   0.283   0.580
              0.043   0.024   0.023   0.014   0.027
   3  3.756   0.325   0.494   0.197   0.616   0.616   0.695   0.315   0.371
              0.031   0.017   0.017   0.027   0.037
   4  3.972   0.304   0.503   0.523   0.617   0.620   0.475   0.309   0.419
              0.061   0.034   0.020   0.033   0.054
   5  3.947   0.438   0.454   0.523   0.600   0.564   0.451   0.328   0.401
              0.045   0.038   0.031   0.029   0.045
   6  3.800   0.353   0.483   0.216   0.588   0.632   0.682   0.338   0.373
              0.027   0.019   0.018   0.025   0.042
   7  3.945   0.651   0.377   0.507   0.696   0.742   0.307   0.222   0.306
              0.037   0.016   0.013   0.032   0.038
   8  3.913   0.343   0.489   0.515   0.597   0.549   0.479   0.336   0.414
              0.059   0.043   0.025   0.023   0.043
   9  3.975   0.391   0.470   0.550   0.603   0.572   0.454   0.339   0.401
              0.049   0.039   0.035   0.025   0.046
  10  4.023   0.492   0.432   0.540   0.687   0.583   0.433   0.278   0.399
              0.044   0.037   0.027   0.024   0.047
  11  3.779   0.281   0.508   0.113   0.678   0.646   0.784   0.277   0.358
              0.028   0.017   0.025   0.023   0.041
  12  3.749   0.316   0.494   0.445   0.568   0.364   0.529   0.345   0.557
              0.042   0.032   0.013   0.011   0.033
  13  3.767   0.329   0.487   0.439   0.613   0.360   0.527   0.318   0.560
              0.042   0.033   0.015   0.011   0.033
  14  3.767   0.337   0.490   0.120   0.625   0.614   0.768   0.301   0.374
              0.025   0.016   0.027   0.025   0.044
  15  3.778   0.339   0.488   0.158   0.668   0.632   0.727   0.281   0.354
              0.027   0.017   0.023   0.024   0.042
  16  3.751   0.329   0.497   0.416   0.571   0.288   0.571   0.333   0.603
              0.051   0.032   0.020   0.013   0.027
  17  4.112   0.763   0.328   0.715   0.840   0.863   0.281   0.081   0.118
              0.033   0.029   0.014   0.014   0.034
  18  4.010   0.495   0.433   0.544   0.665   0.581   0.431   0.276   0.405
              0.046   0.036   0.024   0.025   0.048
  19  3.957   0.424   0.459   0.523   0.612   0.559   0.464   0.328   0.398
              0.048   0.037   0.031   0.028   0.046
  20  3.939   0.373   0.475   0.521   0.626   0.576   0.467   0.312   0.400
              0.049   0.038   0.028   0.026   0.048
  21  3.773   0.327   0.496   0.147   0.582   0.598   0.754   0.342   0.386
              0.026   0.019   0.021   0.024   0.051
  22  3.798   0.344   0.490   0.193   0.646   0.604   0.713   0.264   0.409
              0.031   0.013   0.015   0.030   0.045
  23  3.789   0.304   0.506   0.144   0.676   0.671   0.741   0.264   0.350
              0.029   0.015   0.020   0.026   0.043
  24  3.973   0.433   0.452   0.555   0.656   0.558   0.428   0.266   0.434
              0.051   0.033   0.018   0.036   0.053
  25  3.942   0.380   0.473   0.517   0.626   0.590   0.465   0.304   0.400
              0.051   0.035   0.023   0.028   0.049
  26  3.979   0.433   0.452   0.545   0.648   0.584   0.444   0.293   0.395
              0.050   0.031   0.026   0.029   0.048
  27  3.778   0.312   0.498   0.165   0.671   0.633   0.723   0.260   0.383
              0.030   0.011   0.016   0.032   0.045
  28  3.779   0.320   0.492   0.462   0.592   0.359   0.506   0.325   0.593
              0.043   0.025   0.009   0.020   0.035
  29  4.007   0.528   0.423   0.580   0.729   0.562   0.412   0.185   0.416
              0.050   0.031   0.008   0.034   0.049
  30  3.961   0.434   0.449   0.529   0.686   0.546   0.438   0.250   0.449
              0.050   0.037   0.010   0.029   0.054
  31  3.951   0.409   0.462   0.559   0.660   0.548   0.429   0.257   0.445
              0.051   0.038   0.009   0.031   0.052
  32  3.952   0.409   0.462   0.561   0.661   0.552   0.435   0.258   0.434
              0.051   0.034   0.010   0.035   0.052
  33  3.958   0.442   0.446   0.536   0.690   0.532   0.443   0.247   0.444
              0.054   0.035   0.011   0.030   0.049
  34  3.786   0.334   0.488   0.586   0.698   0.142   0.435   0.219   0.749
              0.032   0.036   0.006   0.009   0.051
  35  3.762   0.329   0.487   0.249   0.719   0.441   0.669   0.213   0.524
              0.049   0.016   0.007   0.026   0.036
  36  3.757   0.331   0.488   0.229   0.713   0.455   0.685   0.205   0.517
              0.047   0.015   0.008   0.027   0.037
  37  3.794   0.322   0.492   0.594   0.720   0.132   0.434   0.212   0.756
              0.032   0.035   0.005   0.009   0.051
  38  3.785   0.330   0.489   0.375   0.711   0.351   0.584   0.212   0.599
              0.051   0.023   0.009   0.020   0.031
  39  3.763   0.329   0.487   0.155   0.709   0.545   0.734   0.224   0.448
              0.034   0.010   0.007   0.032   0.050
  40  3.757   0.329   0.488   0.526   0.691   0.181   0.466   0.223   0.719
              0.038   0.031   0.007   0.012   0.045
  41  3.794   0.323   0.491   0.382   0.729   0.335   0.575   0.208   0.619
              0.051   0.022   0.008   0.019   0.032
  42  4.148   0.655   0.375   0.695   0.817   0.676   0.305   0.145   0.312
              0.049   0.028   0.022   0.032   0.036
  43  3.923   0.448   0.446   0.483   0.641   0.522   0.469   0.274   0.453
              0.051   0.034   0.020   0.031   0.050
  44  3.918   0.461   0.443   0.509   0.598   0.509   0.433   0.322   0.459
              0.049   0.032   0.024   0.033   0.047
  45  3.950   0.404   0.464   0.584   0.638   0.549   0.407   0.291   0.428
              0.044   0.031   0.023   0.033   0.054
  46  3.956   0.403   0.462   0.581   0.648   0.552   0.406   0.293   0.429
              0.044   0.031   0.023   0.031   0.053
  47  3.783   0.354   0.481   0.564   0.554   0.259   0.430   0.353   0.652
              0.037   0.025   0.013   0.023   0.039
  48  3.769   0.329   0.485   0.223   0.634   0.570   0.670   0.303   0.421
              0.029   0.015   0.013   0.031   0.046
  49  3.758   0.331   0.487   0.442   0.681   0.277   0.512   0.256   0.637
              0.043   0.023   0.022   0.017   0.028
  50  3.794   0.322   0.491   0.554   0.618   0.276   0.441   0.314   0.648
              0.038   0.024   0.011   0.021   0.038
  51  3.796   0.323   0.491   0.565   0.695   0.190   0.440   0.254   0.705
              0.035   0.030   0.016   0.011   0.041
  52  3.781   0.335   0.488   0.557   0.646   0.208   0.447   0.271   0.693
              0.035   0.031   0.015   0.014   0.042
  53  3.766   0.326   0.487   0.399   0.629   0.392   0.549   0.294   0.556
              0.048   0.023   0.009   0.022   0.032
  54  3.758   0.332   0.488   0.184   0.672   0.516   0.709   0.259   0.463
              0.035   0.011   0.016   0.032   0.043

Species: H                   
Atom  Qatom  Qorb
               1s      1s      2Ppy    2Ppz    2Ppx    
  55  1.244   0.908   0.229   0.032   0.032   0.043
  56  1.249   0.910   0.233   0.024   0.038   0.045
  57  1.236   0.886   0.243   0.027   0.036   0.044
  58  1.245   0.910   0.227   0.049   0.038   0.020
  59  1.250   0.912   0.232   0.022   0.034   0.051
  60  1.247   0.913   0.227   0.034   0.040   0.034
  61  1.249   0.896   0.241   0.050   0.034   0.028
  62  1.246   0.879   0.254   0.025   0.035   0.053
  63  1.241   0.884   0.247   0.021   0.033   0.055
  64  1.241   0.904   0.230   0.042   0.037   0.027
  65  1.243   0.906   0.230   0.044   0.036   0.027
  66  1.247   0.907   0.234   0.017   0.035   0.054
  67  1.249   0.889   0.246   0.037   0.033   0.043
  68  1.243   0.907   0.229   0.050   0.037   0.019
  69  1.243   0.906   0.230   0.022   0.037   0.048
  70  1.247   0.907   0.234   0.033   0.034   0.038
  71  1.252   0.890   0.244   0.037   0.032   0.048
  72  1.244   0.863   0.264   0.058   0.035   0.024
  73  1.240   0.890   0.242   0.051   0.034   0.023
  74  1.119   1.038   0.038   0.026   0.009   0.007
  75  1.244   0.883   0.248   0.053   0.034   0.026
  76  1.237   0.899   0.233   0.027   0.037   0.041
  77  1.246   0.901   0.237   0.054   0.030   0.024
  78  1.242   0.907   0.230   0.026   0.038   0.040
  79  1.248   0.832   0.293   0.058   0.040   0.025
  80  1.240   0.899   0.237   0.052   0.033   0.019
  81  1.234   0.867   0.258   0.031   0.034   0.044
  82  1.243   0.898   0.241   0.053   0.031   0.019
  83  1.257   0.887   0.249   0.058   0.035   0.028
  84  1.246   0.904   0.233   0.052   0.034   0.022
  85  1.228   0.876   0.247   0.029   0.031   0.044

mulliken: Qtot =      247.000

Mulliken Atomic Populations:
Atom #   charge [q] valence [e]  Species
     1     0.077465    3.922535  C
     2     0.234110    3.765890  C
     3     0.244311    3.755689  C
     4     0.027893    3.972107  C
     5     0.052776    3.947224  C
     6     0.200447    3.799553  C
     7     0.054862    3.945138  C
     8     0.086614    3.913386  C
     9     0.025176    3.974824  C
    10    -0.022549    4.022549  C
    11     0.220930    3.779070  C
    12     0.251049    3.748951  C
    13     0.233399    3.766601  C
    14     0.233309    3.766691  C
    15     0.222354    3.777646  C
    16     0.248892    3.751108  C
    17    -0.112292    4.112292  C
    18    -0.009856    4.009856  C
    19     0.043146    3.956854  C
    20     0.060624    3.939376  C
    21     0.226953    3.773047  C
    22     0.202430    3.797570  C
    23     0.211443    3.788557  C
    24     0.026602    3.973398  C
    25     0.058074    3.941926  C
    26     0.021415    3.978585  C
    27     0.222418    3.777582  C
    28     0.221353    3.778647  C
    29    -0.006954    4.006954  C
    30     0.039123    3.960877  C
    31     0.049083    3.950917  C
    32     0.047788    3.952212  C
    33     0.041625    3.958375  C
    34     0.214290    3.785710  C
    35     0.238033    3.761967  C
    36     0.243496    3.756504  C
    37     0.206453    3.793547  C
    38     0.215326    3.784674  C
    39     0.236843    3.763157  C
    40     0.243298    3.756702  C
    41     0.205632    3.794368  C
    42    -0.147929    4.147929  C
    43     0.077414    3.922586  C
    44     0.081603    3.918397  C
    45     0.050334    3.949666  C
    46     0.044363    3.955637  C
    47     0.217473    3.782527  C
    48     0.230745    3.769255  C
    49     0.242353    3.757647  C
    50     0.205504    3.794496  C
    51     0.203614    3.796386  C
    52     0.218991    3.781009  C
    53     0.234023    3.765977  C
    54     0.242139    3.757861  C
    55    -0.243644    1.243644  H
    56    -0.248721    1.248721  H
    57    -0.236409    1.236409  H
    58    -0.245287    1.245287  H
    59    -0.250018    1.250018  H
    60    -0.247175    1.247175  H
    61    -0.249223    1.249223  H
    62    -0.245631    1.245631  H
    63    -0.240713    1.240713  H
    64    -0.241087    1.241087  H
    65    -0.242692    1.242692  H
    66    -0.246880    1.246880  H
    67    -0.248808    1.248808  H
    68    -0.242555    1.242555  H
    69    -0.242614    1.242614  H
    70    -0.246794    1.246794  H
    71    -0.252302    1.252302  H
    72    -0.243940    1.243940  H
    73    -0.240213    1.240213  H
    74    -0.118637    1.118637  H
    75    -0.244436    1.244436  H
    76    -0.237342    1.237342  H
    77    -0.246335    1.246335  H
    78    -0.241862    1.241862  H
    79    -0.248090    1.248090  H
    80    -0.239943    1.239943  H
    81    -0.234031    1.234031  H
    82    -0.242507    1.242507  H
    83    -0.256977    1.256977  H
    84    -0.245564    1.245564  H
    85    -0.227581    1.227581  H
--------------------
 Total     0.000000

                     ====================================
                        Begin CG opt. move =      8
                     ====================================

outcoor: Atomic coordinates (Ang):                          
   -2.73061489   -1.53660151    0.63057397   1       1  C
   -2.66855839   -2.85324524    0.06024482   1       2  C
   -1.58031713   -3.28107339   -0.64965582   1       3  C
   -0.49463981   -2.43223857   -0.87357092   1       4  C
   -0.49940071   -1.09330954   -0.39391418   1       5  C
   -1.61824809   -0.69504741    0.38814623   1       6  C
    0.63799782   -2.96665960   -1.24276675   1       7  C
    1.77668198   -2.23522049   -1.70767956   1       8  C
    1.68053971   -0.86494739   -1.52396412   1       9  C
    0.62489986   -0.26394474   -0.78175039   1      10  C
    2.71368879   -2.96541970   -2.34930150   1      11  C
    3.73466888   -2.26016591   -2.90794074   1      12  C
    3.75616569   -0.84944601   -2.81426179   1      13  C
    2.75055083   -0.17882732   -2.14738027   1      14  C
   -1.60359217    4.20508095   -0.88740867   1      15  C
   -2.65964133    3.68832955   -1.68631401   1      16  C
   -2.61343312    2.36183782   -2.07374637   1      17  C
    0.63045026    1.21064743   -0.46137808   1      18  C
   -0.48336306    2.02764873   -0.85781592   1      19  C
   -0.53807607    3.40556831   -0.49477997   1      20  C
   -1.53362268    1.54583324   -1.65918595   1      21  C
    2.97286839    1.23079669    0.51899161   1      22  C
    0.49908387    3.97705310    0.22715399   1      23  C
    4.09199977    1.93065600    1.02598179   1      24  C
    1.62374333    3.25337110    0.53718858   1      25  C
    1.73796493    1.85862416    0.20011893   1      26  C
    2.69582876    3.91503552    1.17139722   1      27  C
    3.88224252    3.29252018    1.39132685   1      28  C
    5.45703995    1.36260642    1.08071542   1      29  C
    5.87299022   -0.05067594    1.15541336   1      30  C
    7.27342719   -0.12685715    0.96539110   1      31  C
    7.78935765    1.20588170    0.75223205   1      32  C
    6.70966179    2.11871672    0.80652958   1      33  C
    5.15995321   -1.23841209    1.37819287   1      34  C
    5.83978399   -2.45982028    1.38211068   1      35  C
    7.22770812   -2.51224329    1.17415825   1      36  C
    7.95115149   -1.33530594    0.96716473   1      37  C
    6.97822536    3.47273795    0.52812190   1      38  C
    8.28388744    3.88965399    0.25930504   1      39  C
    9.33918183    2.96808830    0.24410880   1      40  C
    9.08895802    1.61495098    0.48384332   1      41  C
   -3.96006854   -1.09231389    1.41853941   1      42  C
   -4.71275747    0.05712697    0.80438966   1      43  C
   -5.05036689   -2.11987189    1.55265199   1      44  C
   -6.24671131   -1.66970853    0.95280064   1      45  C
   -6.04095131   -0.32291840    0.49877600   1      46  C
   -5.03363999   -3.39320982    2.13256827   1      47  C
   -6.17709502   -4.19773148    2.08348307   1      48  C
   -7.35030039   -3.73511051    1.46345416   1      49  C
   -7.38903648   -2.45879480    0.89948172   1      50  C
   -6.94282097    0.55043761   -0.09303731   1      51  C
   -4.31968045    1.36741291    0.52759235   1      52  C
   -6.52959460    1.85392555   -0.37340317   1      53  C
   -5.22912685    2.26081093   -0.05245713   1      54  C
   -8.23705102   -4.36918647    1.42880853   2      55  H
   -8.30094968   -2.08591262    0.43009068   2      56  H
   -4.12199325   -3.75392760    2.61068560   2      57  H
   -6.16118100   -5.19419457    2.52664631   2      58  H
   -7.96323547    0.23427343   -0.31594689   2      59  H
   -7.22660082    2.55972993   -0.82576223   2      60  H
   -4.92942980    3.28883451   -0.25253249   2      61  H
   -3.31853964    1.70879654    0.78221247   2      62  H
    4.08699880   -1.22412308    1.55531242   2      63  H
    5.28902132   -3.38659569    1.54916212   2      64  H
    7.74679940   -3.47055005    1.17491565   2      65  H
    9.02958826   -1.36812995    0.80285182   2      66  H
    6.19637118    4.22469799    0.49277956   2      67  H
    8.48351953    4.94178957    0.04873341   2      68  H
   10.35137343    3.30594659    0.02446705   2      69  H
    9.90483097    0.89143322    0.44265107   2      70  H
   -3.47788218   -3.56472241    0.17455252   2      71  H
   -1.63269140    0.30901861    0.81062979   2      72  H
   -1.54193421   -4.28910627   -1.06138045   2      73  H
    0.87423082   -4.59573466   -0.44639090   2      74  H
    2.79509562    0.90855646   -2.10228319   2      75  H
    4.57738589   -0.30085054   -3.27446688   2      76  H
    2.65787485   -4.05100375   -2.41078049   2      77  H
    4.53497813   -2.77917652   -3.43226759   2      78  H
    3.12184193    0.18965835    0.26632807   2      79  H
    2.59348039    4.96735495    1.44106991   2      80  H
    4.68064191    3.85880532    1.85069811   2      81  H
    0.44884020    5.03473162    0.49127584   2      82  H
   -1.52497942    0.51889496   -2.00886001   2      83  H
   -1.60999727    5.25656215   -0.59290786   2      84  H
   -3.49219045    4.31271496   -2.00962795   2      85  H

outcell: Unit cell vectors (Ang):
       30.000000    0.000000    0.000000
        0.000000   20.000000    0.000000
        0.000000    0.000000   20.000000

outcell: Cell vector modules (Ang)   :   30.000000   20.000000   20.000000
outcell: Cell angles (23,13,12) (deg):     90.0000     90.0000     90.0000
outcell: Cell volume (Ang**3)        :  12000.0000
<dSpData1D:S at geom step 8
  <sparsity:sparsity for geom step 8
    nrows_g=857 nrows=857 sparsity=.3986 nnzs=292733, refcount: 7>
  <dData1D:(new from dSpData1D) n=292733, refcount: 1>
refcount: 1>
new_DM -- step:     9
Re-using DM from previous geometries...
Number of DMs in history: 1
 DM extrapolation coefficients: 
1   1.00000
New DM after history re-use:
<dSpData2D:SpM extrapolated using coords
  <sparsity:sparsity for geom step 8
    nrows_g=857 nrows=857 sparsity=.3986 nnzs=292733, refcount: 9>
  <dData2D:(temp array for extrapolation) n=292733 m=1, refcount: 1>
refcount: 1>
No. of atoms with KB's overlaping orbs in proc 0. Max # of overlaps:      85     202

InitMesh: MESH = 192 x 128 x 128 = 3145728
InitMesh: Mesh cutoff (required, used) =   100.000   113.204 Ry
New grid distribution [1]: sub = 2

        iscf     Eharris(eV)        E_KS(eV)     FreeEng(eV)     dDmax    Ef(eV) dHmax(eV)
   scf:    1    -8841.910543    -8842.113216    -8842.172595  0.028117 -4.151830  0.868982
   scf:    2    -8809.790013    -8831.691756    -8831.731279  0.393857 -3.734963 13.729925
   scf:    3    -8839.895993    -8841.394232    -8841.452294  0.470328 -4.150718  3.283355
   scf:    4    -8841.535389    -8841.914394    -8841.979075  0.144281 -4.141098  1.774851
   scf:    5    -8839.076440    -8840.732468    -8840.794918  0.081908 -4.134632  4.509826
   scf:    6    -8842.223081    -8842.176097    -8842.238058  0.134353 -4.142855  0.076430
   scf:    7    -8842.118406    -8842.158269    -8842.218838  0.016390 -4.143528  0.571746
   scf:    8    -8842.178310    -8842.176531    -8842.238181  0.016672 -4.141766  0.075853
   scf:    9    -8842.176723    -8842.176741    -8842.238501  0.002246 -4.141737  0.023381
mix: Pulay -- resetting history
mix: switching mixer --> Linear-Kick
   scf:   10    -8842.176501    -8842.176673    -8842.238520  0.001066 -4.141541  0.014280
mix: switching mixer --> Pulay
   scf:   11    -8842.125730    -8842.160368    -8842.221025  0.017781 -4.142618  0.582576
   scf:   12    -8842.177839    -8842.176565    -8842.238326  0.015155 -4.141789  0.069719
   scf:   13    -8842.176695    -8842.176729    -8842.238537  0.002168 -4.141662  0.002599
   scf:   14    -8842.176721    -8842.176725    -8842.238539  0.000146 -4.141586  0.002625
   scf:   15    -8842.176732    -8842.176729    -8842.238539  0.000115 -4.141565  0.001162
   scf:   16    -8842.176727    -8842.176728    -8842.238539  0.000033 -4.141563  0.000183
   scf:   17    -8842.176728    -8842.176728    -8842.238539  0.000015 -4.141571  0.000105
   scf:   18    -8842.176728    -8842.176728    -8842.238539  0.000005 -4.141572  0.000069
   scf:   19    -8842.176728    -8842.176728    -8842.238539  0.000002 -4.141572  0.000047

SCF Convergence by DM+H criterion
max |DM_out - DM_in|         :     0.0000024577
max |H_out - H_in|      (eV) :     0.0000468958
SCF cycle converged after 19 iterations

Using DM_out to compute the final energy and forces
No. of atoms with KB's overlaping orbs in proc 0. Max # of overlaps:      85     202

siesta: E_KS(eV) =            -8842.1767

siesta: Atomic forces (eV/Ang):
     1   -0.473009    0.828126    1.450930
     2    0.109404   -0.442787    0.005218
     3   -1.641334   -0.280945    0.700411
     4   -2.261504    0.330211    1.559970
     5   -0.039626    1.638710   -0.449356
     6   -0.307618   -0.061619    0.085474
     7    4.725134   -4.139039    0.236372
     8   -4.203138   -2.776600    2.269690
     9    0.681679    1.776843   -0.235479
    10   -0.709130    1.124484    0.673222
    11    2.266445   -0.837502   -1.021981
    12    1.263795    0.170601   -0.683763
    13   -0.034034   -0.112485    0.035191
    14    0.348305    0.896484   -0.252069
    15   -1.883093    0.293148   -1.265332
    16    0.607735    0.833829    0.605480
    17    1.650520   -1.494294    0.644373
    18    0.299026   -0.955887   -0.076389
    19    0.300825   -0.517914    0.322482
    20   -0.031542   -0.072521    0.137721
    21   -2.029691    0.398665   -1.446250
    22    0.250812   -0.047463    0.260056
    23    0.097910    0.406497    0.219233
    24    1.030591   -0.738598    0.051107
    25    0.042492    0.059877    0.076063
    26    0.094145   -0.502042   -0.149235
    27    0.464098    0.279808    0.204962
    28    0.360677    0.260588    0.039594
    29   -0.359766    0.103345   -0.562860
    30   -0.749616    0.738626   -0.042614
    31    0.381536    0.030923   -0.024534
    32    0.239173   -0.238032    0.030444
    33   -1.084001    0.087171    0.328061
    34   -0.134029   -0.059278    0.017095
    35    0.068054   -0.028894   -0.020199
    36   -0.119085   -0.115396    0.027674
    37    0.109557   -0.196548    0.031928
    38   -0.101791    0.119144    0.036088
    39    0.046958   -0.079491   -0.022894
    40    0.027809    0.120957   -0.024389
    41    0.183775    0.029162   -0.040624
    42   -0.519021   -1.145956   -2.994455
    43    0.848446    0.094484    0.770355
    44    1.069305    0.259312    0.424779
    45   -0.259307    0.169326    0.167613
    46   -0.239478    0.070921    0.118545
    47    0.195355   -0.184387    0.025439
    48   -0.019497    0.015577   -0.019275
    49    0.048031   -0.098647    0.097592
    50   -0.174055   -0.158858    0.025527
    51   -0.100887    0.155958   -0.072688
    52    0.207749    0.122595   -0.065273
    53    0.052813    0.162407   -0.007872
    54   -0.138244    0.004587   -0.100349
    55   -0.336907   -0.288037    0.011365
    56   -0.364516    0.122308   -0.207672
    57    0.349806   -0.205263    0.290780
    58    0.028912   -0.385159    0.199915
    59   -0.395261   -0.153749   -0.135583
    60   -0.268543    0.308874   -0.187497
    61    0.179503    0.418738   -0.022982
    62    0.453713    0.260515    0.122705
    63   -0.549446    0.003837    0.126947
    64   -0.251453   -0.329791    0.062319
    65    0.174998   -0.436792    0.013653
    66    0.429353   -0.032072   -0.045762
    67   -0.533051    0.320017   -0.006259
    68    0.040696    0.387823   -0.073040
    69    0.452921    0.146143   -0.079989
    70    0.317718   -0.298049   -0.009568
    71   -0.679337   -0.194660    0.186288
    72    0.135979    0.360671    0.226423
    73    0.015478   -0.416031   -0.128110
    74   -0.429037    3.028586   -2.277215
    75   -0.045651    0.510270   -0.026539
    76    0.284985    0.316262   -0.185236
    77   -0.168533   -0.413723    0.040135
    78    0.436042   -0.183158   -0.316300
    79   -0.023357   -0.649061   -0.185316
    80   -0.174214    0.408515    0.151742
    81    0.584615    0.248267    0.406313
    82   -0.027296    0.428646    0.157007
    83    0.247976   -0.632714   -0.256851
    84   -0.051007    0.460321    0.116547
    85   -0.373134    0.550540    0.007058
----------------------------------------
   Tot   -0.078387   -0.040745    0.076092
----------------------------------------
   Max    4.725134
   Res    0.805764    sqrt( Sum f_i^2 / 3N )
----------------------------------------
   Max    4.725134    constrained

Stress tensor Voigt[x,y,z,yz,xz,xy] (kbar):       -4.03       -4.54       -0.55       -0.41        0.53        0.04
(Free)E + p*V (eV/cell)    -8819.4642
Target enthalpy (eV/cell)    -8842.2310

mulliken: Atomic and Orbital Populations:

Species: C                   
Atom  Qatom  Qorb
               2s      2s      2py     2pz     2px     2py     2pz     2px     
               3Pdxy   3Pdyz   3Pdz2   3Pdxz   3Pdx2-y2
   1  3.922   0.480   0.435   0.520   0.595   0.512   0.446   0.297   0.446
              0.049   0.033   0.030   0.029   0.050
   2  3.766   0.312   0.497   0.384   0.662   0.366   0.550   0.283   0.580
              0.043   0.024   0.023   0.014   0.027
   3  3.757   0.324   0.494   0.196   0.616   0.618   0.695   0.314   0.370
              0.031   0.017   0.017   0.027   0.037
   4  3.970   0.307   0.502   0.522   0.619   0.615   0.476   0.306   0.422
              0.061   0.034   0.020   0.033   0.054
   5  3.948   0.438   0.454   0.523   0.599   0.564   0.451   0.328   0.401
              0.046   0.038   0.031   0.030   0.045
   6  3.799   0.354   0.483   0.216   0.588   0.632   0.683   0.338   0.373
              0.027   0.019   0.018   0.025   0.042
   7  3.945   0.640   0.381   0.510   0.695   0.747   0.305   0.224   0.305
              0.037   0.016   0.013   0.032   0.039
   8  3.919   0.333   0.493   0.517   0.593   0.561   0.479   0.340   0.411
              0.059   0.043   0.025   0.024   0.043
   9  3.972   0.393   0.469   0.547   0.603   0.570   0.455   0.338   0.402
              0.049   0.039   0.035   0.025   0.046
  10  4.023   0.493   0.432   0.539   0.688   0.583   0.433   0.277   0.399
              0.044   0.037   0.027   0.024   0.047
  11  3.776   0.285   0.507   0.112   0.679   0.644   0.784   0.275   0.358
              0.028   0.017   0.025   0.023   0.041
  12  3.750   0.316   0.493   0.444   0.569   0.364   0.529   0.345   0.556
              0.043   0.032   0.013   0.011   0.033
  13  3.766   0.329   0.487   0.439   0.612   0.360   0.528   0.318   0.560
              0.042   0.034   0.015   0.011   0.033
  14  3.767   0.337   0.490   0.120   0.626   0.614   0.768   0.300   0.374
              0.025   0.016   0.027   0.025   0.044
  15  3.777   0.339   0.487   0.157   0.668   0.632   0.727   0.280   0.354
              0.026   0.017   0.023   0.024   0.042
  16  3.751   0.328   0.497   0.416   0.571   0.288   0.571   0.333   0.603
              0.052   0.032   0.020   0.013   0.027
  17  4.112   0.764   0.328   0.717   0.840   0.861   0.280   0.081   0.118
              0.034   0.029   0.014   0.014   0.034
  18  4.009   0.497   0.432   0.544   0.665   0.581   0.431   0.275   0.405
              0.046   0.036   0.024   0.025   0.048
  19  3.957   0.422   0.460   0.523   0.612   0.560   0.464   0.328   0.398
              0.048   0.037   0.031   0.028   0.046
  20  3.940   0.372   0.476   0.522   0.625   0.577   0.466   0.313   0.399
              0.049   0.039   0.028   0.026   0.048
  21  3.772   0.327   0.496   0.147   0.582   0.597   0.754   0.342   0.386
              0.026   0.019   0.021   0.024   0.051
  22  3.797   0.344   0.490   0.192   0.646   0.603   0.714   0.264   0.409
              0.031   0.013   0.015   0.030   0.045
  23  3.788   0.305   0.506   0.144   0.676   0.670   0.741   0.264   0.350
              0.029   0.014   0.020   0.026   0.043
  24  3.973   0.433   0.452   0.556   0.656   0.557   0.428   0.266   0.435
              0.051   0.033   0.018   0.036   0.053
  25  3.942   0.379   0.473   0.518   0.626   0.590   0.465   0.304   0.400
              0.051   0.036   0.023   0.028   0.049
  26  3.979   0.433   0.452   0.546   0.647   0.583   0.444   0.293   0.396
              0.050   0.031   0.026   0.029   0.048
  27  3.777   0.312   0.497   0.164   0.671   0.633   0.723   0.259   0.383
              0.030   0.011   0.016   0.032   0.045
  28  3.779   0.319   0.492   0.462   0.592   0.358   0.507   0.325   0.593
              0.043   0.025   0.009   0.020   0.035
  29  4.006   0.531   0.422   0.580   0.730   0.561   0.412   0.184   0.416
              0.050   0.031   0.008   0.034   0.048
  30  3.961   0.433   0.450   0.528   0.685   0.547   0.438   0.251   0.449
              0.050   0.037   0.010   0.030   0.054
  31  3.951   0.409   0.462   0.559   0.660   0.549   0.429   0.258   0.445
              0.051   0.038   0.009   0.031   0.052
  32  3.952   0.409   0.462   0.562   0.660   0.552   0.435   0.258   0.433
              0.051   0.034   0.010   0.035   0.052
  33  3.958   0.442   0.446   0.536   0.689   0.532   0.443   0.248   0.444
              0.054   0.035   0.011   0.030   0.049
  34  3.785   0.334   0.488   0.586   0.698   0.142   0.435   0.219   0.750
              0.032   0.036   0.006   0.009   0.051
  35  3.762   0.329   0.487   0.249   0.719   0.440   0.669   0.213   0.524
              0.049   0.016   0.007   0.026   0.036
  36  3.756   0.331   0.488   0.229   0.713   0.455   0.685   0.205   0.518
              0.047   0.015   0.008   0.027   0.037
  37  3.793   0.322   0.492   0.594   0.720   0.132   0.435   0.211   0.756
              0.032   0.035   0.005   0.009   0.051
  38  3.784   0.330   0.489   0.375   0.711   0.351   0.584   0.211   0.599
              0.051   0.023   0.009   0.020   0.031
  39  3.763   0.329   0.487   0.155   0.709   0.544   0.735   0.223   0.448
              0.034   0.010   0.007   0.032   0.050
  40  3.756   0.329   0.488   0.526   0.691   0.181   0.466   0.223   0.719
              0.038   0.031   0.007   0.012   0.045
  41  3.794   0.323   0.491   0.381   0.729   0.335   0.576   0.208   0.619
              0.051   0.022   0.008   0.019   0.032
  42  4.149   0.659   0.373   0.696   0.819   0.677   0.304   0.143   0.311
              0.049   0.028   0.022   0.032   0.036
  43  3.922   0.448   0.447   0.483   0.640   0.522   0.470   0.275   0.453
              0.051   0.034   0.020   0.031   0.050
  44  3.918   0.461   0.443   0.508   0.597   0.509   0.433   0.322   0.459
              0.049   0.032   0.024   0.033   0.047
  45  3.950   0.403   0.464   0.583   0.639   0.550   0.407   0.291   0.428
              0.044   0.031   0.023   0.033   0.054
  46  3.956   0.402   0.463   0.580   0.648   0.553   0.406   0.293   0.429
              0.044   0.031   0.023   0.031   0.053
  47  3.782   0.354   0.481   0.563   0.554   0.258   0.430   0.352   0.652
              0.037   0.025   0.013   0.023   0.039
  48  3.769   0.329   0.485   0.222   0.634   0.570   0.671   0.303   0.421
              0.029   0.015   0.013   0.031   0.046
  49  3.757   0.331   0.487   0.441   0.681   0.277   0.512   0.256   0.637
              0.043   0.023   0.022   0.017   0.028
  50  3.794   0.322   0.491   0.554   0.618   0.276   0.441   0.314   0.648
              0.038   0.024   0.011   0.021   0.038
  51  3.796   0.323   0.491   0.564   0.695   0.190   0.440   0.254   0.705
              0.035   0.030   0.016   0.011   0.041
  52  3.781   0.335   0.488   0.557   0.646   0.207   0.447   0.270   0.693
              0.035   0.031   0.015   0.014   0.042
  53  3.766   0.326   0.487   0.398   0.629   0.391   0.550   0.294   0.556
              0.048   0.023   0.009   0.022   0.032
  54  3.757   0.331   0.488   0.184   0.671   0.516   0.709   0.259   0.463
              0.035   0.011   0.016   0.032   0.043

Species: H                   
Atom  Qatom  Qorb
               1s      1s      2Ppy    2Ppz    2Ppx    
  55  1.244   0.908   0.229   0.032   0.032   0.043
  56  1.249   0.910   0.233   0.024   0.038   0.045
  57  1.237   0.886   0.243   0.027   0.036   0.044
  58  1.246   0.910   0.227   0.049   0.038   0.020
  59  1.250   0.912   0.232   0.022   0.034   0.051
  60  1.247   0.913   0.227   0.034   0.040   0.034
  61  1.249   0.896   0.241   0.050   0.035   0.028
  62  1.246   0.879   0.254   0.025   0.035   0.053
  63  1.241   0.884   0.248   0.021   0.033   0.055
  64  1.241   0.904   0.230   0.042   0.037   0.027
  65  1.243   0.906   0.230   0.044   0.036   0.027
  66  1.247   0.907   0.234   0.017   0.035   0.054
  67  1.249   0.889   0.246   0.037   0.033   0.043
  68  1.243   0.907   0.229   0.050   0.037   0.019
  69  1.243   0.906   0.230   0.022   0.037   0.048
  70  1.247   0.907   0.234   0.033   0.034   0.038
  71  1.252   0.890   0.244   0.037   0.032   0.048
  72  1.244   0.864   0.264   0.058   0.035   0.024
  73  1.240   0.890   0.242   0.051   0.034   0.023
  74  1.120   1.043   0.036   0.026   0.009   0.007
  75  1.245   0.883   0.249   0.053   0.034   0.026
  76  1.238   0.899   0.233   0.027   0.037   0.041
  77  1.246   0.900   0.237   0.054   0.030   0.024
  78  1.242   0.907   0.231   0.026   0.038   0.040
  79  1.249   0.832   0.293   0.058   0.040   0.026
  80  1.240   0.899   0.237   0.052   0.033   0.019
  81  1.234   0.867   0.258   0.031   0.034   0.044
  82  1.243   0.897   0.241   0.053   0.032   0.019
  83  1.257   0.886   0.250   0.058   0.035   0.028
  84  1.246   0.903   0.234   0.052   0.034   0.022
  85  1.228   0.876   0.247   0.029   0.031   0.044

mulliken: Qtot =      247.000

Mulliken Atomic Populations:
Atom #   charge [q] valence [e]  Species
     1     0.077536    3.922464  C
     2     0.234413    3.765587  C
     3     0.243123    3.756877  C
     4     0.030337    3.969663  C
     5     0.052491    3.947509  C
     6     0.200787    3.799213  C
     7     0.055281    3.944719  C
     8     0.080793    3.919207  C
     9     0.027719    3.972281  C
    10    -0.022589    4.022589  C
    11     0.223883    3.776117  C
    12     0.250417    3.749583  C
    13     0.234099    3.765901  C
    14     0.232847    3.767153  C
    15     0.222730    3.777270  C
    16     0.248550    3.751450  C
    17    -0.112428    4.112428  C
    18    -0.009292    4.009292  C
    19     0.042515    3.957485  C
    20     0.060206    3.939794  C
    21     0.228055    3.771945  C
    22     0.203032    3.796968  C
    23     0.212224    3.787776  C
    24     0.026662    3.973338  C
    25     0.057629    3.942371  C
    26     0.021314    3.978686  C
    27     0.222768    3.777232  C
    28     0.221265    3.778735  C
    29    -0.006307    4.006307  C
    30     0.038962    3.961038  C
    31     0.048976    3.951024  C
    32     0.047619    3.952381  C
    33     0.041523    3.958477  C
    34     0.214578    3.785422  C
    35     0.238446    3.761554  C
    36     0.243763    3.756237  C
    37     0.206744    3.793256  C
    38     0.215688    3.784312  C
    39     0.237240    3.762760  C
    40     0.243537    3.756463  C
    41     0.205920    3.794080  C
    42    -0.148745    4.148745  C
    43     0.077591    3.922409  C
    44     0.081927    3.918073  C
    45     0.049971    3.950029  C
    46     0.044124    3.955876  C
    47     0.217795    3.782205  C
    48     0.231081    3.768919  C
    49     0.242566    3.757434  C
    50     0.205833    3.794167  C
    51     0.203921    3.796079  C
    52     0.219436    3.780564  C
    53     0.234323    3.765677  C
    54     0.242536    3.757464  C
    55    -0.243896    1.243896  H
    56    -0.248981    1.248981  H
    57    -0.236629    1.236629  H
    58    -0.245560    1.245560  H
    59    -0.250248    1.250248  H
    60    -0.247371    1.247371  H
    61    -0.249478    1.249478  H
    62    -0.245893    1.245893  H
    63    -0.240929    1.240929  H
    64    -0.241274    1.241274  H
    65    -0.242867    1.242867  H
    66    -0.247085    1.247085  H
    67    -0.249096    1.249096  H
    68    -0.242799    1.242799  H
    69    -0.242785    1.242785  H
    70    -0.246999    1.246999  H
    71    -0.252458    1.252458  H
    72    -0.244447    1.244447  H
    73    -0.240470    1.240470  H
    74    -0.119955    1.119955  H
    75    -0.244506    1.244506  H
    76    -0.237502    1.237502  H
    77    -0.246422    1.246422  H
    78    -0.241865    1.241865  H
    79    -0.248600    1.248600  H
    80    -0.240096    1.240096  H
    81    -0.234188    1.234188  H
    82    -0.242606    1.242606  H
    83    -0.257046    1.257046  H
    84    -0.245650    1.245650  H
    85    -0.227718    1.227718  H
--------------------
 Total    -0.000000

cgvc: Finished line minimization    1.  Mean atomic displacement =    0.0092

                     ====================================
                        Begin CG opt. move =      9
                     ====================================

outcoor: Atomic coordinates (Ang):                          
   -2.73233693   -1.53303946    0.63625709   1       1  C
   -2.66783917   -2.85502800    0.05999542   1       2  C
   -1.58641285   -3.28196249   -0.64702977   1       3  C
   -0.50114493   -2.43168944   -0.86835744   1       4  C
   -0.49980474   -1.08705899   -0.39532366   1       5  C
   -1.61946130   -0.69575686    0.38829966   1       6  C
    0.64469878   -2.98665960   -1.23788977   1       7  C
    1.77034739   -2.24029844   -1.70327540   1       8  C
    1.68240824   -0.85771621   -1.52446049   1       9  C
    0.62275568   -0.25966523   -0.77944278   1      10  C
    2.72271795   -2.96803147   -2.35326308   1      11  C
    3.73835933   -2.26029423   -2.90993144   1      12  C
    3.75559807   -0.84922123   -2.81380401   1      13  C
    2.75224365   -0.17620628   -2.14861043   1      14  C
   -1.61168721    4.20631284   -0.89275631   1      15  C
   -2.65689815    3.69254637   -1.68343949   1      16  C
   -2.60672947    2.35488582   -2.07143282   1      17  C
    0.63167692    1.20700732   -0.46162708   1      18  C
   -0.48162978    2.02568439   -0.85622862   1      19  C
   -0.53767555    3.40512955   -0.49400725   1      20  C
   -1.54234146    1.54757051   -1.66521474   1      21  C
    2.97367559    1.23110539    0.52004647   1      22  C
    0.49979390    3.97831252    0.22806418   1      23  C
    4.09629990    1.92714138    1.02606608   1      24  C
    1.62333991    3.25408031    0.53736750   1      25  C
    1.73829625    1.85617833    0.19939917   1      26  C
    2.69828329    3.91579987    1.17234366   1      27  C
    3.88291034    3.29420405    1.39147116   1      28  C
    5.45562739    1.36305510    1.07855442   1      29  C
    5.86953717   -0.04765859    1.15533128   1      30  C
    7.27550445   -0.12689186    0.96522200   1      31  C
    7.79082497    1.20463916    0.75229197   1      32  C
    6.70496527    2.11937157    0.80782536   1      33  C
    5.15977822   -1.23891373    1.37822941   1      34  C
    5.84007986   -2.45961498    1.38199896   1      35  C
    7.22718524   -2.51248617    1.17425813   1      36  C
    7.95126071   -1.33599065    0.96732517   1      37  C
    6.97829023    3.47308442    0.52821333   1      38  C
    8.28386098    3.88911298    0.25928701   1      39  C
    9.33913548    2.96843994    0.24405682   1      40  C
    9.08939356    1.61523514    0.48370671   1      41  C
   -3.96235878   -1.09669009    1.40708362   1      42  C
   -4.70882583    0.05758076    0.80751764   1      43  C
   -5.04557073   -2.11901291    1.55463325   1      44  C
   -6.24827651   -1.66895299    0.95316414   1      45  C
   -6.04244413   -0.32271479    0.49904105   1      46  C
   -5.03331001   -3.39393032    2.13253014   1      47  C
   -6.17704547   -4.19742689    2.08333853   1      48  C
   -7.34997940   -3.73527611    1.46378558   1      49  C
   -7.38943598   -2.45954603    0.89972110   1      50  C
   -6.94290424    0.55109516   -0.09323752   1      51  C
   -4.31926404    1.36788260    0.52719502   1      52  C
   -6.52925987    1.85437759   -0.37333121   1      53  C
   -5.22967329    2.26056287   -0.05276758   1      54  C
   -8.23844243   -4.37035592    1.42884601   2      55  H
   -8.30244740   -2.08538402    0.42923668   2      56  H
   -4.12053462   -3.75472003    2.61184330   2      57  H
   -6.16107558   -5.19579705    2.52746391   2      58  H
   -7.96486857    0.23363634   -0.31648470   2      59  H
   -7.22770372    2.56098262   -0.82652678   2      60  H
   -4.92871042    3.29057157   -0.25265200   2      61  H
   -3.31667480    1.70979816    0.78272951   2      62  H
    4.08476105   -1.22407560    1.55581675   2      63  H
    5.28799162   -3.38798274    1.54942163   2      64  H
    7.74752836   -3.47231740    1.17496695   2      65  H
    9.03134753   -1.36823981    0.80265583   2      66  H
    6.19419852    4.22602120    0.49275776   2      67  H
    8.48371021    4.94341501    0.04842485   2      68  H
   10.35320361    3.30653551    0.02413991   2      69  H
    9.90612637    0.89020631    0.44261351   2      70  H
   -3.48053967   -3.56554032    0.17527865   2      71  H
   -1.63219406    0.31058460    0.81157841   2      72  H
   -1.54182336   -4.29081853   -1.06191118   2      73  H
    0.87281559   -4.58466154   -0.45479321   2      74  H
    2.79486941    0.91061247   -2.10233862   2      75  H
    4.57857479   -0.29958642   -3.27523032   2      76  H
    2.65724209   -4.05269143   -2.41064672   2      77  H
    4.53666210   -2.77995891   -3.43349863   2      78  H
    3.12179353    0.18694479    0.26556841   2      79  H
    2.59278701    4.96899866    1.44165372   2      80  H
    4.68292395    3.85976346    1.85226071   2      81  H
    0.44872747    5.03640950    0.49188230   2      82  H
   -1.52401449    0.51646189   -2.00981988   2      83  H
   -1.61014629    5.25834644   -0.59242991   2      84  H
   -3.49368459    4.31485955   -2.00961594   2      85  H

outcell: Unit cell vectors (Ang):
       30.000000    0.000000    0.000000
        0.000000   20.000000    0.000000
        0.000000    0.000000   20.000000

outcell: Cell vector modules (Ang)   :   30.000000   20.000000   20.000000
outcell: Cell angles (23,13,12) (deg):     90.0000     90.0000     90.0000
outcell: Cell volume (Ang**3)        :  12000.0000
<dSpData1D:S at geom step 9
  <sparsity:sparsity for geom step 9
    nrows_g=857 nrows=857 sparsity=.3980 nnzs=292345, refcount: 7>
  <dData1D:(new from dSpData1D) n=292345, refcount: 1>
refcount: 1>
new_DM -- step:    10
Re-using DM from previous geometries...
Number of DMs in history: 1
 DM extrapolation coefficients: 
1   1.00000
New DM after history re-use:
<dSpData2D:SpM extrapolated using coords
  <sparsity:sparsity for geom step 9
    nrows_g=857 nrows=857 sparsity=.3980 nnzs=292345, refcount: 9>
  <dData2D:(temp array for extrapolation) n=292345 m=1, refcount: 1>
refcount: 1>
No. of atoms with KB's overlaping orbs in proc 0. Max # of overlaps:      85     203

InitMesh: MESH = 192 x 128 x 128 = 3145728
InitMesh: Mesh cutoff (required, used) =   100.000   113.204 Ry
New grid distribution [1]: sub = 2

        iscf     Eharris(eV)        E_KS(eV)     FreeEng(eV)     dDmax    Ef(eV) dHmax(eV)
   scf:    1    -8835.759083    -8840.235930    -8840.292574  0.142306 -4.085605  5.248341
   scf:    2    -8565.941082    -8755.526758    -8755.562648  0.349766 -3.461916 33.675664
   scf:    3    -8872.658425    -8836.253650    -8836.289491  0.264381 -4.327265 11.748948
   scf:    4    -8838.192402    -8837.244913    -8837.280876  0.027862 -4.298816 10.537937
   scf:    5    -8828.121548    -8839.090349    -8839.134146  0.536807 -4.080494  8.143529
   scf:    6    -8825.153525    -8838.266570    -8838.302710  0.536495 -4.197567  9.800003
   scf:    7    -8836.720042    -8837.518130    -8837.554081  0.035124 -4.176804 11.058402
   scf:    8    -8837.688275    -8837.603714    -8837.639634  0.004710 -4.184237 10.882767
   scf:    9    -8830.781026    -8836.105989    -8836.141938  0.258294 -4.129098 12.637044
mix: Pulay -- resetting history
mix: switching mixer --> Linear-Kick
   scf:   10    -8840.329199    -8838.356786    -8838.396770  0.064627 -4.129978 10.178406
mix: switching mixer --> Pulay
   scf:   11    -8715.046477    -8806.052302    -8806.088141  0.836499 -3.658188 32.546616
   scf:   12    -8850.604552    -8833.453089    -8833.488961  0.166509 -3.949453 14.292294
   scf:   13    -8819.319860    -8838.121886    -8838.159339  0.746887 -4.149140 10.684362
   scf:   14    -8839.466371    -8838.814338    -8838.851693  0.032095 -4.161765  9.537962
   scf:   15    -8836.666166    -8837.770925    -8837.807463  0.038702 -4.159712 10.996134
   scf:   16    -8798.398486    -8832.160814    -8832.203965  0.769057 -4.128864 16.650417
   scf:   17    -8833.249942    -8832.711700    -8832.755893  0.009965 -4.123072 16.168233
   scf:   18    -8840.922883    -8837.125141    -8837.176477  0.102826 -4.098584 11.611774
   scf:   19    -8835.624325    -8836.387219    -8836.437151  0.025958 -4.099538 12.455922
mix: Pulay -- resetting history
mix: switching mixer --> Linear-Kick
   scf:   20    -8830.435901    -8840.600583    -8840.646490  0.611283 -4.146525  6.716071
mix: switching mixer --> Pulay
   scf:   21    -8759.730992    -8818.482528    -8818.518370  0.742371 -3.918566 26.118149
   scf:   22    -8788.829215    -8832.732125    -8832.768009  0.734006 -4.070695 17.212296
   scf:   23    -8840.471446    -8837.311957    -8837.355735  0.104020 -4.081597 12.585685
   scf:   24    -8839.224784    -8838.411211    -8838.451125  0.070168 -4.133284 10.629565
   scf:   25    -8844.027226    -8841.939949    -8841.992443  0.148607 -4.135954  4.357304
   scf:   26    -8842.798677    -8842.449854    -8842.507452  0.058747 -4.132711  2.428818
   scf:   27    -8842.718479    -8842.645141    -8842.705243  0.056558 -4.129765  0.674833
   scf:   28    -8838.722149    -8841.261843    -8841.310534  0.170308 -4.139838  6.077882
   scf:   29    -8841.935608    -8841.611690    -8841.662894  0.025785 -4.141857  5.225147
mix: Pulay -- resetting history
mix: switching mixer --> Linear-Kick
   scf:   30    -8842.724857    -8842.661281    -8842.722676  0.158791 -4.135240  0.174031
mix: switching mixer --> Pulay
   scf:   31    -8837.713699    -8841.028899    -8841.087521  0.210353 -4.122946  6.295471
   scf:   32    -8842.145077    -8842.562845    -8842.625357  0.214108 -4.135449  1.270903
   scf:   33    -8842.662688    -8842.661393    -8842.722585  0.041534 -4.135201  0.193682
   scf:   34    -8842.660271    -8842.660865    -8842.722030  0.001235 -4.135415  0.230394
   scf:   35    -8842.661092    -8842.660988    -8842.722224  0.000587 -4.136206  0.212847
   scf:   36    -8842.662772    -8842.662198    -8842.723614  0.004285 -4.136957  0.076248
   scf:   37    -8842.662329    -8842.662341    -8842.723820  0.002163 -4.137354  0.009185
   scf:   38    -8842.662264    -8842.662313    -8842.723815  0.000802 -4.137385  0.015378
   scf:   39    -8842.662331    -8842.662346    -8842.723808  0.001083 -4.137457  0.019683
mix: Pulay -- resetting history
mix: switching mixer --> Linear-Kick
   scf:   40    -8842.662317    -8842.662339    -8842.723824  0.000657 -4.137423  0.000681
mix: switching mixer --> Pulay
   scf:   41    -8842.662301    -8842.662337    -8842.723791  0.000931 -4.137482  0.028877
   scf:   42    -8842.662297    -8842.662334    -8842.723823  0.000883 -4.137397  0.002998
   scf:   43    -8842.662341    -8842.662338    -8842.723823  0.000132 -4.137394  0.002562
   scf:   44    -8842.662342    -8842.662340    -8842.723824  0.000079 -4.137406  0.000690
   scf:   45    -8842.662339    -8842.662340    -8842.723824  0.000025 -4.137416  0.000340
   scf:   46    -8842.662341    -8842.662340    -8842.723824  0.000010 -4.137429  0.000580
   scf:   47    -8842.662341    -8842.662341    -8842.723824  0.000004 -4.137434  0.000673
   scf:   48    -8842.662340    -8842.662340    -8842.723824  0.000011 -4.137436  0.000364
   scf:   49    -8842.662339    -8842.662340    -8842.723824  0.000012 -4.137437  0.000013
mix: Pulay -- resetting history
mix: switching mixer --> Linear-Kick
   scf:   50    -8842.662340    -8842.662340    -8842.723824  0.000001 -4.137437  0.000009

SCF Convergence by DM+H criterion
max |DM_out - DM_in|         :     0.0000007939
max |H_out - H_in|      (eV) :     0.0000086665
SCF cycle converged after 50 iterations

Using DM_out to compute the final energy and forces
No. of atoms with KB's overlaping orbs in proc 0. Max # of overlaps:      85     203

siesta: E_KS(eV) =            -8842.6623

siesta: Atomic forces (eV/Ang):
     1   -0.317669    0.478598    1.181459
     2   -0.294761   -0.238682    0.295535
     3   -1.286509   -0.341191    0.505194
     4   -1.207882   -0.057745    1.232395
     5   -0.142101    1.238664   -0.462931
     6   -0.308715    0.170922    0.173340
     7    3.652355   -3.605341    0.672996
     8   -3.501528   -2.628132    1.924894
     9    0.424954    1.163570   -0.158965
    10   -0.486130    0.970441    0.498667
    11    1.586604   -0.555262   -0.589584
    12    1.261593    0.229174   -0.679105
    13    0.111691   -0.058184   -0.050236
    14    0.311099    0.870916   -0.232450
    15   -1.302881    0.316831   -0.903705
    16    0.248345    0.457964    0.278758
    17    1.204037   -0.850332    0.560451
    18    0.174738   -0.718071   -0.053640
    19    0.108547   -0.460785    0.202146
    20   -0.184518   -0.025906    0.052090
    21   -1.335980    0.063839   -1.092363
    22    0.291873   -0.205250    0.222985
    23   -0.031447    0.402446    0.156552
    24    0.763295   -0.449412    0.070601
    25    0.173306   -0.052220    0.096557
    26    0.129758   -0.325067   -0.080970
    27    0.290073    0.299458    0.146057
    28    0.532318    0.074216    0.041229
    29   -0.281131    0.061084   -0.519581
    30   -0.514545    0.551957   -0.066048
    31    0.159056    0.043970    0.003949
    32    0.068009   -0.091150    0.044186
    33   -0.788623    0.029876    0.274707
    34   -0.216925    0.040052    0.020555
    35    0.014371   -0.104829   -0.003425
    36   -0.058532   -0.182171    0.023672
    37    0.171781   -0.183754    0.021917
    38   -0.227869    0.129986    0.050752
    39    0.065398    0.013889   -0.038080
    40    0.103812    0.132666   -0.038669
    41    0.223854   -0.019331   -0.038800
    42   -0.439903   -1.009122   -2.761915
    43    0.551708    0.079243    0.624018
    44    0.726976    0.202589    0.279448
    45   -0.098681    0.110526    0.252981
    46   -0.073657    0.122065    0.171692
    47    0.298774   -0.154832    0.053742
    48   -0.015820   -0.064049    0.022909
    49   -0.027873   -0.156201    0.092360
    50   -0.209038   -0.090160   -0.006022
    51   -0.162960    0.109227   -0.072486
    52    0.305681    0.120276   -0.020736
    53   -0.017392    0.207324   -0.048723
    54   -0.082994    0.092145   -0.102508
    55   -0.277378   -0.250378    0.014923
    56   -0.313590    0.094333   -0.178781
    57    0.303836   -0.203377    0.267471
    58    0.028757   -0.313934    0.169360
    59   -0.334195   -0.128704   -0.124805
    60   -0.224949    0.269947   -0.161373
    61    0.156366    0.345166   -0.010251
    62    0.398011    0.254390    0.099658
    63   -0.477942   -0.010147    0.115062
    64   -0.213682   -0.267453    0.051355
    65    0.138864   -0.377469    0.013857
    66    0.372441   -0.038038   -0.035905
    67   -0.463377    0.275186   -0.008535
    68    0.026128    0.313364   -0.058466
    69    0.388280    0.128947   -0.067221
    70    0.278893   -0.255467   -0.009430
    71   -0.630563   -0.144519    0.180462
    72    0.128147    0.295723    0.197973
    73   -0.014719   -0.347608   -0.090109
    74   -0.441614    3.167380   -2.354989
    75   -0.023447    0.530656   -0.039954
    76    0.223325    0.277049   -0.150760
    77   -0.106427   -0.441764    0.007185
    78    0.491926   -0.180997   -0.352316
    79   -0.035321   -0.540021   -0.156651
    80   -0.157568    0.372807    0.147567
    81    0.544931    0.226688    0.384517
    82   -0.023349    0.417942    0.153642
    83    0.219964   -0.564153   -0.259106
    84   -0.080174    0.402451    0.080366
    85   -0.295058    0.470444    0.028178
----------------------------------------
   Tot   -0.075546   -0.064822    0.080777
----------------------------------------
   Max    3.652355
   Res    0.668294    sqrt( Sum f_i^2 / 3N )
----------------------------------------
   Max    3.652355    constrained

Stress tensor Voigt[x,y,z,yz,xz,xy] (kbar):       -3.82       -4.10       -0.51       -0.31        0.50       -0.05
(Free)E + p*V (eV/cell)    -8821.6909
Target enthalpy (eV/cell)    -8842.7163

mulliken: Atomic and Orbital Populations:

Species: C                   
Atom  Qatom  Qorb
               2s      2s      2py     2pz     2px     2py     2pz     2px     
               3Pdxy   3Pdyz   3Pdz2   3Pdxz   3Pdx2-y2
   1  3.925   0.477   0.436   0.518   0.598   0.516   0.446   0.297   0.445
              0.049   0.033   0.030   0.029   0.050
   2  3.766   0.314   0.496   0.384   0.662   0.367   0.547   0.283   0.580
              0.043   0.024   0.023   0.014   0.027
   3  3.762   0.322   0.494   0.200   0.615   0.622   0.693   0.317   0.370
              0.031   0.017   0.017   0.028   0.037
   4  3.962   0.325   0.495   0.520   0.624   0.594   0.475   0.297   0.431
              0.060   0.034   0.020   0.032   0.053
   5  3.951   0.436   0.454   0.525   0.599   0.569   0.451   0.329   0.399
              0.046   0.038   0.031   0.030   0.045
   6  3.800   0.354   0.483   0.217   0.588   0.633   0.681   0.338   0.373
              0.027   0.020   0.018   0.025   0.042
   7  3.948   0.651   0.377   0.506   0.700   0.733   0.314   0.219   0.311
              0.037   0.017   0.013   0.031   0.039
   8  3.919   0.348   0.487   0.510   0.595   0.560   0.481   0.336   0.411
              0.058   0.042   0.025   0.024   0.043
   9  3.971   0.401   0.466   0.540   0.606   0.574   0.457   0.336   0.399
              0.048   0.038   0.035   0.025   0.046
  10  4.022   0.488   0.434   0.543   0.685   0.582   0.432   0.280   0.400
              0.044   0.037   0.027   0.024   0.047
  11  3.773   0.289   0.506   0.113   0.679   0.639   0.781   0.273   0.359
              0.028   0.017   0.025   0.023   0.041
  12  3.751   0.313   0.494   0.444   0.569   0.367   0.530   0.346   0.556
              0.043   0.033   0.013   0.011   0.034
  13  3.767   0.330   0.487   0.439   0.612   0.361   0.527   0.317   0.559
              0.042   0.034   0.015   0.011   0.033
  14  3.769   0.334   0.491   0.120   0.626   0.615   0.768   0.302   0.374
              0.025   0.016   0.027   0.025   0.044
  15  3.778   0.337   0.488   0.159   0.667   0.633   0.725   0.282   0.355
              0.027   0.018   0.023   0.024   0.042
  16  3.751   0.330   0.496   0.415   0.571   0.290   0.569   0.334   0.603
              0.051   0.032   0.020   0.013   0.027
  17  4.111   0.757   0.330   0.711   0.839   0.866   0.282   0.083   0.118
              0.033   0.029   0.014   0.014   0.034
  18  4.011   0.492   0.434   0.548   0.664   0.580   0.429   0.277   0.406
              0.047   0.037   0.024   0.025   0.048
  19  3.955   0.431   0.457   0.521   0.612   0.555   0.464   0.327   0.399
              0.047   0.037   0.031   0.028   0.046
  20  3.939   0.379   0.473   0.519   0.627   0.573   0.467   0.310   0.401
              0.049   0.038   0.028   0.026   0.048
  21  3.776   0.324   0.497   0.147   0.582   0.601   0.755   0.343   0.385
              0.026   0.019   0.021   0.025   0.051
  22  3.798   0.346   0.489   0.194   0.647   0.604   0.711   0.264   0.408
              0.031   0.013   0.015   0.030   0.045
  23  3.790   0.305   0.506   0.145   0.677   0.671   0.740   0.264   0.350
              0.029   0.015   0.020   0.026   0.043
  24  3.974   0.433   0.452   0.553   0.656   0.561   0.429   0.266   0.434
              0.051   0.033   0.017   0.037   0.053
  25  3.941   0.382   0.472   0.516   0.626   0.589   0.465   0.303   0.401
              0.051   0.035   0.023   0.028   0.049
  26  3.979   0.435   0.452   0.544   0.648   0.584   0.444   0.292   0.395
              0.050   0.031   0.026   0.029   0.048
  27  3.778   0.313   0.497   0.165   0.671   0.633   0.722   0.259   0.383
              0.031   0.011   0.016   0.032   0.045
  28  3.778   0.322   0.491   0.461   0.592   0.359   0.506   0.324   0.592
              0.043   0.025   0.009   0.020   0.035
  29  4.008   0.521   0.425   0.581   0.727   0.565   0.413   0.188   0.415
              0.050   0.031   0.008   0.034   0.049
  30  3.961   0.435   0.449   0.529   0.687   0.544   0.438   0.249   0.449
              0.050   0.037   0.010   0.029   0.054
  31  3.951   0.411   0.461   0.560   0.661   0.546   0.429   0.256   0.446
              0.051   0.038   0.009   0.031   0.052
  32  3.952   0.411   0.461   0.561   0.661   0.550   0.434   0.257   0.434
              0.052   0.033   0.010   0.035   0.051
  33  3.958   0.444   0.445   0.534   0.691   0.532   0.444   0.246   0.444
              0.054   0.035   0.011   0.030   0.049
  34  3.786   0.336   0.487   0.586   0.699   0.143   0.435   0.218   0.748
              0.032   0.036   0.006   0.009   0.051
  35  3.763   0.329   0.486   0.250   0.719   0.441   0.668   0.213   0.524
              0.049   0.016   0.006   0.026   0.036
  36  3.757   0.332   0.487   0.230   0.713   0.455   0.684   0.205   0.517
              0.047   0.015   0.008   0.027   0.037
  37  3.794   0.323   0.491   0.594   0.720   0.132   0.434   0.211   0.755
              0.032   0.035   0.005   0.009   0.051
  38  3.785   0.332   0.488   0.375   0.711   0.351   0.583   0.211   0.598
              0.051   0.023   0.009   0.020   0.031
  39  3.764   0.330   0.486   0.156   0.709   0.545   0.734   0.224   0.448
              0.034   0.010   0.007   0.032   0.050
  40  3.757   0.330   0.488   0.526   0.691   0.181   0.466   0.223   0.718
              0.038   0.031   0.007   0.012   0.045
  41  3.795   0.324   0.491   0.382   0.729   0.336   0.575   0.208   0.618
              0.051   0.022   0.008   0.019   0.032
  42  4.143   0.641   0.380   0.691   0.810   0.672   0.311   0.151   0.318
              0.050   0.028   0.022   0.033   0.037
  43  3.923   0.448   0.446   0.485   0.644   0.521   0.468   0.273   0.452
              0.051   0.034   0.019   0.031   0.050
  44  3.920   0.460   0.443   0.512   0.599   0.511   0.431   0.322   0.458
              0.049   0.032   0.024   0.033   0.047
  45  3.949   0.406   0.463   0.583   0.638   0.546   0.407   0.290   0.430
              0.044   0.031   0.023   0.033   0.054
  46  3.955   0.405   0.462   0.580   0.649   0.549   0.406   0.292   0.430
              0.044   0.031   0.023   0.031   0.053
  47  3.783   0.355   0.480   0.563   0.554   0.259   0.430   0.353   0.652
              0.037   0.025   0.013   0.023   0.039
  48  3.770   0.330   0.485   0.223   0.635   0.570   0.669   0.303   0.421
              0.029   0.015   0.013   0.031   0.046
  49  3.758   0.332   0.487   0.442   0.681   0.277   0.512   0.257   0.637
              0.043   0.023   0.022   0.017   0.028
  50  3.795   0.323   0.490   0.554   0.618   0.277   0.441   0.314   0.647
              0.038   0.024   0.011   0.021   0.038
  51  3.797   0.324   0.490   0.565   0.695   0.191   0.440   0.254   0.704
              0.035   0.030   0.016   0.011   0.041
  52  3.781   0.336   0.488   0.557   0.646   0.208   0.447   0.271   0.692
              0.035   0.031   0.015   0.014   0.042
  53  3.766   0.327   0.487   0.399   0.629   0.392   0.549   0.294   0.555
              0.048   0.023   0.009   0.022   0.032
  54  3.759   0.333   0.487   0.185   0.672   0.516   0.708   0.259   0.463
              0.035   0.011   0.016   0.032   0.043

Species: H                   
Atom  Qatom  Qorb
               1s      1s      2Ppy    2Ppz    2Ppx    
  55  1.243   0.908   0.229   0.032   0.032   0.043
  56  1.248   0.909   0.232   0.024   0.038   0.045
  57  1.236   0.886   0.243   0.027   0.036   0.044
  58  1.245   0.910   0.227   0.049   0.038   0.020
  59  1.250   0.911   0.232   0.022   0.034   0.051
  60  1.247   0.913   0.227   0.034   0.039   0.034
  61  1.249   0.896   0.241   0.050   0.034   0.028
  62  1.245   0.878   0.254   0.025   0.035   0.053
  63  1.240   0.884   0.247   0.021   0.033   0.055
  64  1.241   0.905   0.230   0.042   0.037   0.027
  65  1.242   0.906   0.229   0.044   0.036   0.027
  66  1.247   0.907   0.234   0.017   0.035   0.054
  67  1.248   0.889   0.245   0.037   0.033   0.043
  68  1.242   0.907   0.228   0.050   0.037   0.019
  69  1.242   0.906   0.230   0.022   0.037   0.048
  70  1.247   0.907   0.234   0.033   0.034   0.038
  71  1.252   0.891   0.244   0.037   0.032   0.048
  72  1.244   0.864   0.264   0.058   0.035   0.024
  73  1.240   0.891   0.242   0.051   0.034   0.023
  74  1.115   1.026   0.046   0.027   0.010   0.007
  75  1.245   0.883   0.249   0.053   0.034   0.026
  76  1.237   0.899   0.233   0.027   0.036   0.041
  77  1.247   0.901   0.237   0.054   0.030   0.025
  78  1.242   0.907   0.231   0.027   0.038   0.040
  79  1.247   0.831   0.292   0.058   0.040   0.025
  80  1.240   0.899   0.237   0.052   0.033   0.019
  81  1.234   0.867   0.258   0.031   0.034   0.044
  82  1.243   0.898   0.241   0.053   0.032   0.019
  83  1.256   0.887   0.249   0.058   0.035   0.028
  84  1.245   0.904   0.233   0.052   0.034   0.022
  85  1.227   0.876   0.247   0.029   0.031   0.044

mulliken: Qtot =      247.000

Mulliken Atomic Populations:
Atom #   charge [q] valence [e]  Species
     1     0.075094    3.924906  C
     2     0.234343    3.765657  C
     3     0.238369    3.761631  C
     4     0.038335    3.961665  C
     5     0.048589    3.951411  C
     6     0.200227    3.799773  C
     7     0.051946    3.948054  C
     8     0.081161    3.918839  C
     9     0.028843    3.971157  C
    10    -0.022269    4.022269  C
    11     0.226930    3.773070  C
    12     0.248587    3.751413  C
    13     0.233410    3.766590  C
    14     0.231274    3.768726  C
    15     0.221524    3.778476  C
    16     0.248581    3.751419  C
    17    -0.110981    4.110981  C
    18    -0.011061    4.011061  C
    19     0.045268    3.954732  C
    20     0.061460    3.938540  C
    21     0.223961    3.776039  C
    22     0.201679    3.798321  C
    23     0.210430    3.789570  C
    24     0.025797    3.974203  C
    25     0.058675    3.941325  C
    26     0.021289    3.978711  C
    27     0.221964    3.778036  C
    28     0.221585    3.778415  C
    29    -0.007827    4.007827  C
    30     0.039079    3.960921  C
    31     0.049163    3.950837  C
    32     0.048003    3.951997  C
    33     0.041554    3.958446  C
    34     0.214064    3.785936  C
    35     0.237276    3.762724  C
    36     0.242903    3.757097  C
    37     0.206062    3.793938  C
    38     0.214950    3.785050  C
    39     0.236022    3.763978  C
    40     0.242712    3.757288  C
    41     0.205250    3.794750  C
    42    -0.142730    4.142730  C
    43     0.076577    3.923423  C
    44     0.079968    3.920032  C
    45     0.051185    3.948815  C
    46     0.045107    3.954893  C
    47     0.217384    3.782616  C
    48     0.230161    3.769839  C
    49     0.242013    3.757987  C
    50     0.205174    3.794826  C
    51     0.203343    3.796657  C
    52     0.218713    3.781287  C
    53     0.233680    3.766320  C
    54     0.241421    3.758579  C
    55    -0.243068    1.243068  H
    56    -0.248260    1.248260  H
    57    -0.236094    1.236094  H
    58    -0.244672    1.244672  H
    59    -0.249562    1.249562  H
    60    -0.246637    1.246637  H
    61    -0.248642    1.248642  H
    62    -0.245062    1.245062  H
    63    -0.240437    1.240437  H
    64    -0.240815    1.240815  H
    65    -0.242374    1.242374  H
    66    -0.246653    1.246653  H
    67    -0.248469    1.248469  H
    68    -0.242163    1.242163  H
    69    -0.242295    1.242295  H
    70    -0.246565    1.246565  H
    71    -0.252102    1.252102  H
    72    -0.244043    1.244043  H
    73    -0.240180    1.240180  H
    74    -0.115437    1.115437  H
    75    -0.244520    1.244520  H
    76    -0.236643    1.236643  H
    77    -0.247147    1.247147  H
    78    -0.242193    1.242193  H
    79    -0.247423    1.247423  H
    80    -0.239879    1.239879  H
    81    -0.233740    1.233740  H
    82    -0.242709    1.242709  H
    83    -0.256439    1.256439  H
    84    -0.245147    1.245147  H
    85    -0.226854    1.226854  H
--------------------
 Total    -0.000000

                     ====================================
                        Begin CG opt. move =     10
                     ====================================

outcoor: Atomic coordinates (Ang):                          
   -2.73405897   -1.52947742    0.64194020   1       1  C
   -2.66711995   -2.85681077    0.05974601   1       2  C
   -1.59250856   -3.28285160   -0.64440372   1       3  C
   -0.50765005   -2.43114031   -0.86314396   1       4  C
   -0.50020876   -1.08080845   -0.39673314   1       5  C
   -1.62067452   -0.69646630    0.38845309   1       6  C
    0.65139975   -3.00665960   -1.23301280   1       7  C
    1.76401280   -2.24537640   -1.69887124   1       8  C
    1.68427678   -0.85048503   -1.52495685   1       9  C
    0.62061151   -0.25538573   -0.77713517   1      10  C
    2.73174711   -2.97064325   -2.35722466   1      11  C
    3.74204979   -2.26042256   -2.91192215   1      12  C
    3.75503046   -0.84899645   -2.81334622   1      13  C
    2.75393648   -0.17358524   -2.14984059   1      14  C
   -1.61978225    4.20754474   -0.89810396   1      15  C
   -2.65415497    3.69676319   -1.68056497   1      16  C
   -2.60002582    2.34793382   -2.06911927   1      17  C
    0.63290358    1.20336721   -0.46187608   1      18  C
   -0.47989650    2.02372005   -0.85464132   1      19  C
   -0.53727502    3.40469080   -0.49323454   1      20  C
   -1.55106024    1.54930779   -1.67124354   1      21  C
    2.97448279    1.23141409    0.52110133   1      22  C
    0.50050394    3.97957193    0.22897437   1      23  C
    4.10060003    1.92362677    1.02615036   1      24  C
    1.62293648    3.25478951    0.53754642   1      25  C
    1.73862756    1.85373249    0.19867941   1      26  C
    2.70073781    3.91656423    1.17329010   1      27  C
    3.88357816    3.29588792    1.39161547   1      28  C
    5.45421483    1.36350377    1.07639342   1      29  C
    5.86608411   -0.04464124    1.15524920   1      30  C
    7.27758172   -0.12692656    0.96505291   1      31  C
    7.79229230    1.20339662    0.75235189   1      32  C
    6.70026875    2.12002643    0.80912113   1      33  C
    5.15960323   -1.23941536    1.37826594   1      34  C
    5.84037574   -2.45940968    1.38188724   1      35  C
    7.22666235   -2.51272905    1.17435802   1      36  C
    7.95136992   -1.33667536    0.96748560   1      37  C
    6.97835510    3.47343089    0.52830476   1      38  C
    8.28383452    3.88857196    0.25926899   1      39  C
    9.33908914    2.96879158    0.24400483   1      40  C
    9.08982910    1.61551931    0.48357010   1      41  C
   -3.96464901   -1.10106629    1.39562782   1      42  C
   -4.70489419    0.05803454    0.81064562   1      43  C
   -5.04077457   -2.11815393    1.55661452   1      44  C
   -6.24984171   -1.66819745    0.95352764   1      45  C
   -6.04393696   -0.32251117    0.49930609   1      46  C
   -5.03298003   -3.39465082    2.13249201   1      47  C
   -6.17699591   -4.19712231    2.08319398   1      48  C
   -7.34965840   -3.73544171    1.46411699   1      49  C
   -7.38983549   -2.46029726    0.89996047   1      50  C
   -6.94298751    0.55175271   -0.09343773   1      51  C
   -4.31884763    1.36835229    0.52679770   1      52  C
   -6.52892515    1.85482963   -0.37325926   1      53  C
   -5.23021972    2.26031480   -0.05307803   1      54  C
   -8.23983385   -4.37152537    1.42888348   2      55  H
   -8.30394513   -2.08485542    0.42838269   2      56  H
   -4.11907599   -3.75551246    2.61300101   2      57  H
   -6.16097015   -5.19739953    2.52828152   2      58  H
   -7.96650167    0.23299925   -0.31702251   2      59  H
   -7.22880661    2.56223531   -0.82729134   2      60  H
   -4.92799103    3.29230863   -0.25277151   2      61  H
   -3.31480995    1.71079977    0.78324654   2      62  H
    4.08252331   -1.22402812    1.55632109   2      63  H
    5.28696193   -3.38936979    1.54968115   2      64  H
    7.74825733   -3.47408475    1.17501824   2      65  H
    9.03310679   -1.36834966    0.80245984   2      66  H
    6.19202587    4.22734440    0.49273597   2      67  H
    8.48390090    4.94504046    0.04811629   2      68  H
   10.35503379    3.30712443    0.02381276   2      69  H
    9.90742177    0.88897940    0.44257596   2      70  H
   -3.48319715   -3.56635824    0.17600478   2      71  H
   -1.63169672    0.31215059    0.81252703   2      72  H
   -1.54171251   -4.29253078   -1.06244192   2      73  H
    0.87140037   -4.57358842   -0.46319552   2      74  H
    2.79464321    0.91266848   -2.10239404   2      75  H
    4.57976369   -0.29832229   -3.27599376   2      76  H
    2.65660933   -4.05437912   -2.41051296   2      77  H
    4.53834607   -2.78074131   -3.43472968   2      78  H
    3.12174512    0.18423123    0.26480874   2      79  H
    2.59209363    4.97064237    1.44223753   2      80  H
    4.68520598    3.86072160    1.85382331   2      81  H
    0.44861474    5.03808737    0.49248876   2      82  H
   -1.52304956    0.51402882   -2.01077975   2      83  H
   -1.61029530    5.26013073   -0.59195197   2      84  H
   -3.49517872    4.31700414   -2.00960392   2      85  H

outcell: Unit cell vectors (Ang):
       30.000000    0.000000    0.000000
        0.000000   20.000000    0.000000
        0.000000    0.000000   20.000000

outcell: Cell vector modules (Ang)   :   30.000000   20.000000   20.000000
outcell: Cell angles (23,13,12) (deg):     90.0000     90.0000     90.0000
outcell: Cell volume (Ang**3)        :  12000.0000
<dSpData1D:S at geom step 10
  <sparsity:sparsity for geom step 10
    nrows_g=857 nrows=857 sparsity=.3994 nnzs=293341, refcount: 7>
  <dData1D:(new from dSpData1D) n=293341, refcount: 1>
refcount: 1>
new_DM -- step:    11
Re-using DM from previous geometries...
Number of DMs in history: 1
 DM extrapolation coefficients: 
1   1.00000
New DM after history re-use:
<dSpData2D:SpM extrapolated using coords
  <sparsity:sparsity for geom step 10
    nrows_g=857 nrows=857 sparsity=.3994 nnzs=293341, refcount: 9>
  <dData2D:(temp array for extrapolation) n=293341 m=1, refcount: 1>
refcount: 1>
No. of atoms with KB's overlaping orbs in proc 0. Max # of overlaps:      85     204

InitMesh: MESH = 192 x 128 x 128 = 3145728
InitMesh: Mesh cutoff (required, used) =   100.000   113.204 Ry
New grid distribution [1]: sub = 2

        iscf     Eharris(eV)        E_KS(eV)     FreeEng(eV)     dDmax    Ef(eV) dHmax(eV)
   scf:    1    -8836.202831    -8840.648543    -8840.704777  0.151838 -4.081646  5.474272
   scf:    2    -8566.835084    -8756.054633    -8756.090564  0.337819 -3.449081 35.125082
   scf:    3    -8873.174580    -8836.581737    -8836.617576  0.283351 -4.309456 11.956034
   scf:    4    -8838.571244    -8837.598888    -8837.634803  0.027251 -4.279825 10.710957
   scf:    5    -8819.104076    -8837.386448    -8837.427191  0.654177 -4.080157 11.467197
   scf:    6    -8822.103047    -8838.536697    -8838.572777  0.653615 -4.189243  9.996138
   scf:    7    -8837.059606    -8837.818988    -8837.854941  0.031888 -4.170846 11.179181
   scf:    8    -8837.041314    -8837.477996    -8837.516354  0.034868 -4.101158 12.352580
   scf:    9    -8834.360674    -8837.097454    -8837.134222  0.194441 -4.107459 12.138821
mix: Pulay -- resetting history
mix: switching mixer --> Linear-Kick
   scf:   10    -8840.346122    -8838.850811    -8838.892022  0.066092 -4.118311 10.380219
mix: switching mixer --> Pulay
   scf:   11    -8712.712499    -8805.578193    -8805.614031  0.850100 -3.651580 33.137555
   scf:   12    -8851.096096    -8833.650522    -8833.686360  0.163886 -3.973412 14.686781
   scf:   13    -8822.809668    -8839.248163    -8839.285776  0.749120 -4.151015  9.552245
   scf:   14    -8842.662365    -8841.341370    -8841.385665  0.126931 -4.144418  5.090133
   scf:   15    -8835.000316    -8839.224079    -8839.266546  0.183384 -4.120802 10.158587
   scf:   16    -8819.139365    -8837.706694    -8837.757645  0.647806 -4.100711 11.352681
   scf:   17    -8828.102074    -8840.400796    -8840.443536  0.619354 -4.131427  8.345064
   scf:   18    -8841.738155    -8842.917999    -8842.977870  0.302798 -4.119833  1.294691
   scf:   19    -8840.700627    -8842.040446    -8842.098979  0.114249 -4.112393  4.743952
mix: Pulay -- resetting history
mix: switching mixer --> Linear-Kick
   scf:   20    -8837.648492    -8841.932027    -8841.982331  0.331352 -4.135538  5.409766
mix: switching mixer --> Pulay
   scf:   21    -8772.863770    -8822.052524    -8822.088623  0.697711 -4.156560 24.416009
   scf:   22    -8808.866265    -8837.562508    -8837.599168  0.802829 -4.127597 11.012032
   scf:   23    -8840.929176    -8839.628621    -8839.671074  0.117546 -4.128004  9.517910
   scf:   24    -8842.858758    -8841.400451    -8841.447574  0.071118 -4.136229  6.535942
   scf:   25    -8843.376051    -8843.019607    -8843.080168  0.179835 -4.128366  0.807485
   scf:   26    -8841.842772    -8842.577103    -8842.632255  0.085805 -4.134613  3.536733
   scf:   27    -8842.648788    -8843.005570    -8843.067805  0.144810 -4.128672  1.002098
   scf:   28    -8842.806493    -8842.997260    -8843.056869  0.070004 -4.131294  1.182211
   scf:   29    -8842.852206    -8842.931854    -8842.990776  0.017983 -4.135479  1.739595
mix: Pulay -- resetting history
mix: switching mixer --> Linear-Kick
   scf:   30    -8843.083229    -8843.041054    -8843.101870  0.042482 -4.134240  0.416644
mix: switching mixer --> Pulay
   scf:   31    -8825.627396    -8837.291674    -8837.341963  0.407434 -4.109429 12.134663
   scf:   32    -8844.247559    -8842.950782    -8843.012414  0.345443 -4.128677  1.469509
   scf:   33    -8843.062130    -8843.017983    -8843.079898  0.021231 -4.130145  0.846128
   scf:   34    -8843.057444    -8843.043693    -8843.105176  0.017847 -4.131428  0.292288
   scf:   35    -8843.048442    -8843.047489    -8843.108737  0.008596 -4.132252  0.026847
   scf:   36    -8843.047304    -8843.047518    -8843.108699  0.002382 -4.132806  0.051370
   scf:   37    -8843.047135    -8843.047465    -8843.108737  0.002895 -4.133054  0.036845
   scf:   38    -8843.047319    -8843.047525    -8843.108709  0.002636 -4.133253  0.045733
   scf:   39    -8843.047429    -8843.047541    -8843.108786  0.001855 -4.133151  0.011761
mix: Pulay -- resetting history
mix: switching mixer --> Linear-Kick
   scf:   40    -8843.047562    -8843.047552    -8843.108790  0.000200 -4.133163  0.005257
mix: switching mixer --> Pulay
   scf:   41    -8843.042070    -8843.045833    -8843.106818  0.007334 -4.133586  0.224548
   scf:   42    -8843.047331    -8843.047558    -8843.108791  0.007164 -4.133173  0.000410
   scf:   43    -8843.047558    -8843.047558    -8843.108791  0.000021 -4.133171  0.000689
   scf:   44    -8843.047558    -8843.047558    -8843.108791  0.000007 -4.133171  0.000807
   scf:   45    -8843.047560    -8843.047559    -8843.108791  0.000019 -4.133171  0.000042
   scf:   46    -8843.047560    -8843.047559    -8843.108791  0.000006 -4.133171  0.000237
   scf:   47    -8843.047559    -8843.047559    -8843.108791  0.000005 -4.133171  0.000110
   scf:   48    -8843.047559    -8843.047559    -8843.108791  0.000004 -4.133171  0.000014

SCF Convergence by DM+H criterion
max |DM_out - DM_in|         :     0.0000037468
max |H_out - H_in|      (eV) :     0.0000142421
SCF cycle converged after 48 iterations

Using DM_out to compute the final energy and forces
No. of atoms with KB's overlaping orbs in proc 0. Max # of overlaps:      85     204

siesta: E_KS(eV) =            -8843.0476

siesta: Atomic forces (eV/Ang):
     1   -0.152692    0.135773    0.911253
     2   -0.709911   -0.037679    0.591215
     3   -0.922019   -0.409233    0.300498
     4   -0.258048   -0.414452    0.942640
     5   -0.250016    0.843616   -0.470496
     6   -0.308730    0.400429    0.259620
     7    2.678788   -3.090595    1.061239
     8   -2.829281   -2.478158    1.594718
     9    0.164650    0.577413   -0.075400
    10   -0.262086    0.809938    0.323128
    11    0.932182   -0.310332   -0.176587
    12    1.262796    0.290154   -0.676172
    13    0.256498   -0.005391   -0.135330
    14    0.274759    0.846971   -0.213178
    15   -0.701773    0.368006   -0.521130
    16   -0.144264    0.088347   -0.064998
    17    0.695138   -0.177767    0.447656
    18    0.052250   -0.471324   -0.028284
    19   -0.066372   -0.394801    0.094301
    20   -0.325242    0.010215   -0.029825
    21   -0.598991   -0.331172   -0.729916
    22    0.331886   -0.360368    0.186289
    23   -0.158965    0.398646    0.094746
    24    0.488491   -0.163473    0.088187
    25    0.302672   -0.162378    0.116893
    26    0.166349   -0.151305   -0.013565
    27    0.115443    0.320995    0.087823
    28    0.704080   -0.107154    0.044664
    29   -0.197488    0.016964   -0.476107
    30   -0.284697    0.363244   -0.088417
    31   -0.057492    0.056777    0.031547
    32   -0.098124    0.051011    0.057839
    33   -0.496253   -0.020834    0.221256
    34   -0.299086    0.139589    0.023837
    35   -0.039187   -0.179964    0.013265
    36    0.002083   -0.248049    0.019586
    37    0.233527   -0.171269    0.011984
    38   -0.353215    0.139698    0.065480
    39    0.083374    0.106514   -0.053072
    40    0.179275    0.143791   -0.052772
    41    0.263811   -0.067237   -0.037055
    42   -0.364860   -0.866877   -2.525931
    43    0.260595    0.068244    0.478734
    44    0.386869    0.139274    0.140029
    45    0.056042    0.053938    0.335300
    46    0.086391    0.171444    0.223668
    47    0.401579   -0.124985    0.081512
    48   -0.011879   -0.142887    0.064872
    49   -0.103315   -0.213174    0.087006
    50   -0.243742   -0.021798   -0.037484
    51   -0.224603    0.063211   -0.072496
    52    0.402528    0.117240    0.023507
    53   -0.087720    0.251377   -0.089410
    54   -0.027295    0.178844   -0.104169
    55   -0.218495   -0.213207    0.018507
    56   -0.263344    0.066474   -0.150133
    57    0.258216   -0.201673    0.244420
    58    0.028687   -0.243587    0.139247
    59   -0.273928   -0.103753   -0.114209
    60   -0.181856    0.231447   -0.135520
    61    0.133479    0.272539    0.002232
    62    0.343057    0.248117    0.076731
    63   -0.407762   -0.024562    0.103425
    64   -0.176334   -0.205958    0.040521
    65    0.103040   -0.318791    0.014065
    66    0.315858   -0.043866   -0.026142
    67   -0.394733    0.231201   -0.010772
    68    0.011779    0.239889   -0.044115
    69    0.324204    0.112001   -0.054570
    70    0.240468   -0.213326   -0.009296
    71   -0.581938   -0.095478    0.174981
    72    0.119961    0.232071    0.170322
    73   -0.044956   -0.279386   -0.052162
    74   -0.450983    3.300505   -2.429940
    75   -0.001055    0.551365   -0.053178
    76    0.162547    0.238496   -0.116793
    77   -0.044937   -0.467262   -0.025654
    78    0.548315   -0.178994   -0.388688
    79   -0.046638   -0.433171   -0.128288
    80   -0.140900    0.337052    0.143336
    81    0.505195    0.205695    0.362910
    82   -0.019363    0.407302    0.150329
    83    0.191198   -0.495146   -0.260579
    84   -0.110146    0.343419    0.043122
    85   -0.217167    0.391848    0.048911
----------------------------------------
   Tot   -0.083817   -0.079736    0.085514
----------------------------------------
   Max    3.300505
   Res    0.567204    sqrt( Sum f_i^2 / 3N )
----------------------------------------
   Max    3.300505    constrained

Stress tensor Voigt[x,y,z,yz,xz,xy] (kbar):       -3.64       -3.68       -0.47       -0.21        0.48       -0.13
(Free)E + p*V (eV/cell)    -8823.6348
Target enthalpy (eV/cell)    -8843.1013

mulliken: Atomic and Orbital Populations:

Species: C                   
Atom  Qatom  Qorb
               2s      2s      2py     2pz     2px     2py     2pz     2px     
               3Pdxy   3Pdyz   3Pdz2   3Pdxz   3Pdx2-y2
   1  3.927   0.474   0.437   0.517   0.602   0.521   0.446   0.296   0.443
              0.049   0.033   0.030   0.029   0.051
   2  3.766   0.315   0.496   0.385   0.661   0.369   0.544   0.283   0.579
              0.043   0.024   0.023   0.014   0.027
   3  3.766   0.319   0.494   0.203   0.614   0.627   0.690   0.319   0.369
              0.031   0.017   0.017   0.028   0.037
   4  3.954   0.342   0.488   0.518   0.630   0.576   0.475   0.289   0.440
              0.060   0.034   0.019   0.032   0.053
   5  3.955   0.434   0.455   0.526   0.598   0.574   0.451   0.330   0.398
              0.045   0.038   0.031   0.030   0.045
   6  3.800   0.354   0.483   0.218   0.589   0.634   0.680   0.338   0.373
              0.027   0.020   0.018   0.025   0.042
   7  3.950   0.661   0.372   0.501   0.705   0.720   0.324   0.214   0.318
              0.037   0.017   0.013   0.031   0.038
   8  3.919   0.364   0.480   0.504   0.598   0.559   0.483   0.332   0.410
              0.057   0.042   0.024   0.024   0.043
   9  3.970   0.408   0.463   0.534   0.609   0.577   0.458   0.333   0.397
              0.048   0.038   0.035   0.025   0.046
  10  4.022   0.482   0.436   0.548   0.682   0.581   0.431   0.282   0.400
              0.045   0.038   0.027   0.024   0.048
  11  3.770   0.293   0.504   0.115   0.680   0.635   0.779   0.272   0.361
              0.028   0.017   0.025   0.023   0.041
  12  3.753   0.310   0.495   0.443   0.569   0.369   0.530   0.348   0.555
              0.043   0.033   0.013   0.012   0.034
  13  3.767   0.331   0.486   0.440   0.612   0.361   0.526   0.317   0.558
              0.042   0.034   0.015   0.011   0.033
  14  3.770   0.332   0.492   0.121   0.626   0.615   0.769   0.303   0.375
              0.025   0.017   0.027   0.025   0.045
  15  3.780   0.336   0.488   0.161   0.666   0.633   0.722   0.285   0.356
              0.027   0.018   0.023   0.024   0.042
  16  3.751   0.332   0.495   0.413   0.572   0.292   0.567   0.334   0.603
              0.050   0.032   0.020   0.013   0.028
  17  4.109   0.748   0.333   0.706   0.838   0.870   0.284   0.086   0.119
              0.032   0.029   0.014   0.014   0.035
  18  4.013   0.486   0.436   0.553   0.663   0.579   0.428   0.279   0.407
              0.047   0.037   0.024   0.025   0.048
  19  3.952   0.439   0.454   0.520   0.611   0.550   0.464   0.325   0.400
              0.047   0.037   0.031   0.029   0.045
  20  3.937   0.387   0.470   0.517   0.630   0.569   0.468   0.307   0.403
              0.049   0.038   0.028   0.025   0.047
  21  3.780   0.320   0.499   0.147   0.581   0.605   0.755   0.345   0.385
              0.026   0.019   0.021   0.025   0.052
  22  3.800   0.348   0.489   0.196   0.648   0.605   0.708   0.263   0.407
              0.031   0.013   0.015   0.031   0.045
  23  3.791   0.305   0.506   0.145   0.677   0.672   0.740   0.264   0.351
              0.029   0.015   0.020   0.026   0.043
  24  3.975   0.432   0.453   0.551   0.657   0.564   0.430   0.266   0.433
              0.050   0.033   0.017   0.037   0.053
  25  3.940   0.385   0.471   0.515   0.626   0.588   0.466   0.302   0.401
              0.051   0.035   0.023   0.029   0.049
  26  3.979   0.436   0.451   0.542   0.649   0.585   0.445   0.292   0.395
              0.050   0.031   0.026   0.029   0.048
  27  3.779   0.313   0.497   0.166   0.672   0.633   0.721   0.259   0.383
              0.031   0.011   0.016   0.032   0.045
  28  3.778   0.324   0.490   0.461   0.592   0.360   0.504   0.324   0.592
              0.043   0.025   0.009   0.020   0.035
  29  4.009   0.512   0.429   0.582   0.723   0.570   0.414   0.193   0.414
              0.050   0.031   0.008   0.035   0.049
  30  3.961   0.438   0.448   0.531   0.689   0.541   0.438   0.248   0.450
              0.050   0.037   0.010   0.029   0.054
  31  3.951   0.413   0.460   0.562   0.662   0.542   0.428   0.255   0.447
              0.051   0.038   0.009   0.030   0.053
  32  3.952   0.413   0.460   0.561   0.663   0.548   0.434   0.256   0.435
              0.052   0.033   0.010   0.034   0.051
  33  3.958   0.446   0.444   0.532   0.693   0.533   0.445   0.245   0.443
              0.054   0.035   0.011   0.030   0.049
  34  3.786   0.337   0.486   0.586   0.699   0.144   0.435   0.218   0.747
              0.032   0.036   0.006   0.009   0.052
  35  3.764   0.330   0.486   0.250   0.720   0.442   0.667   0.213   0.523
              0.049   0.016   0.006   0.026   0.036
  36  3.758   0.333   0.487   0.231   0.713   0.456   0.683   0.205   0.517
              0.047   0.015   0.008   0.028   0.037
  37  3.795   0.323   0.491   0.595   0.720   0.133   0.434   0.212   0.754
              0.032   0.035   0.005   0.009   0.051
  38  3.786   0.333   0.487   0.376   0.712   0.352   0.582   0.211   0.598
              0.051   0.023   0.009   0.020   0.031
  39  3.765   0.331   0.486   0.157   0.710   0.546   0.732   0.224   0.448
              0.034   0.010   0.007   0.032   0.050
  40  3.758   0.331   0.487   0.527   0.691   0.182   0.465   0.223   0.717
              0.038   0.031   0.007   0.012   0.045
  41  3.795   0.325   0.490   0.382   0.729   0.337   0.575   0.208   0.617
              0.051   0.023   0.008   0.019   0.032
  42  4.137   0.624   0.386   0.685   0.800   0.667   0.319   0.160   0.325
              0.050   0.028   0.022   0.033   0.038
  43  3.924   0.449   0.446   0.487   0.647   0.521   0.467   0.271   0.452
              0.051   0.034   0.019   0.030   0.050
  44  3.922   0.460   0.443   0.515   0.600   0.513   0.429   0.321   0.456
              0.049   0.032   0.024   0.033   0.047
  45  3.948   0.409   0.462   0.583   0.638   0.543   0.407   0.289   0.431
              0.045   0.031   0.023   0.033   0.054
  46  3.954   0.408   0.460   0.581   0.649   0.545   0.405   0.291   0.432
              0.044   0.031   0.023   0.030   0.053
  47  3.783   0.356   0.480   0.563   0.553   0.259   0.430   0.353   0.651
              0.037   0.025   0.013   0.023   0.039
  48  3.771   0.331   0.484   0.224   0.635   0.571   0.668   0.303   0.421
              0.029   0.015   0.013   0.031   0.046
  49  3.759   0.333   0.486   0.443   0.680   0.277   0.511   0.257   0.636
              0.043   0.023   0.022   0.017   0.028
  50  3.795   0.324   0.490   0.554   0.618   0.278   0.441   0.314   0.645
              0.038   0.024   0.011   0.021   0.038
  51  3.797   0.325   0.490   0.565   0.695   0.192   0.440   0.255   0.702
              0.035   0.030   0.016   0.011   0.041
  52  3.782   0.337   0.488   0.558   0.645   0.208   0.447   0.271   0.692
              0.035   0.031   0.015   0.014   0.042
  53  3.767   0.327   0.487   0.400   0.629   0.392   0.548   0.294   0.555
              0.048   0.023   0.009   0.022   0.032
  54  3.760   0.334   0.487   0.186   0.672   0.517   0.706   0.259   0.463
              0.035   0.011   0.016   0.032   0.043

Species: H                   
Atom  Qatom  Qorb
               1s      1s      2Ppy    2Ppz    2Ppx    
  55  1.242   0.908   0.228   0.032   0.032   0.043
  56  1.248   0.909   0.232   0.024   0.038   0.045
  57  1.236   0.886   0.243   0.027   0.036   0.044
  58  1.244   0.910   0.227   0.049   0.038   0.020
  59  1.249   0.911   0.231   0.022   0.034   0.051
  60  1.246   0.912   0.226   0.034   0.039   0.034
  61  1.248   0.895   0.241   0.050   0.034   0.028
  62  1.244   0.878   0.253   0.025   0.035   0.053
  63  1.240   0.885   0.247   0.021   0.033   0.055
  64  1.240   0.905   0.229   0.042   0.037   0.027
  65  1.242   0.906   0.229   0.044   0.035   0.027
  66  1.246   0.907   0.234   0.017   0.035   0.054
  67  1.248   0.889   0.245   0.037   0.033   0.043
  68  1.242   0.907   0.228   0.050   0.037   0.019
  69  1.242   0.906   0.229   0.022   0.036   0.048
  70  1.246   0.907   0.233   0.033   0.034   0.038
  71  1.252   0.891   0.243   0.037   0.032   0.048
  72  1.244   0.864   0.263   0.058   0.034   0.024
  73  1.240   0.892   0.241   0.050   0.034   0.023
  74  1.112   1.009   0.056   0.029   0.011   0.007
  75  1.245   0.882   0.249   0.053   0.034   0.026
  76  1.236   0.899   0.232   0.027   0.036   0.041
  77  1.248   0.901   0.237   0.054   0.030   0.025
  78  1.243   0.907   0.231   0.027   0.038   0.040
  79  1.246   0.830   0.292   0.058   0.040   0.025
  80  1.240   0.899   0.237   0.052   0.033   0.019
  81  1.233   0.867   0.258   0.031   0.034   0.044
  82  1.243   0.898   0.240   0.054   0.032   0.019
  83  1.256   0.887   0.247   0.059   0.035   0.027
  84  1.245   0.905   0.232   0.052   0.034   0.022
  85  1.226   0.876   0.246   0.029   0.031   0.044

mulliken: Qtot =      247.000

Mulliken Atomic Populations:
Atom #   charge [q] valence [e]  Species
     1     0.072545    3.927455  C
     2     0.234394    3.765606  C
     3     0.233655    3.766345  C
     4     0.045851    3.954149  C
     5     0.045014    3.954986  C
     6     0.199690    3.800310  C
     7     0.049693    3.950307  C
     8     0.081348    3.918652  C
     9     0.029936    3.970064  C
    10    -0.022173    4.022173  C
    11     0.229925    3.770075  C
    12     0.246833    3.753167  C
    13     0.232746    3.767254  C
    14     0.229743    3.770257  C
    15     0.220463    3.779537  C
    16     0.248504    3.751496  C
    17    -0.109270    4.109270  C
    18    -0.012685    4.012685  C
    19     0.048012    3.951988  C
    20     0.062629    3.937371  C
    21     0.219909    3.780091  C
    22     0.200339    3.799661  C
    23     0.208713    3.791287  C
    24     0.024978    3.975022  C
    25     0.059720    3.940280  C
    26     0.021266    3.978734  C
    27     0.221172    3.778828  C
    28     0.221926    3.778074  C
    29    -0.009464    4.009464  C
    30     0.039228    3.960772  C
    31     0.049322    3.950678  C
    32     0.048365    3.951635  C
    33     0.041606    3.958394  C
    34     0.213539    3.786461  C
    35     0.236111    3.763889  C
    36     0.242037    3.757963  C
    37     0.205390    3.794610  C
    38     0.214198    3.785802  C
    39     0.234803    3.765197  C
    40     0.241879    3.758121  C
    41     0.204585    3.795415  C
    42    -0.136733    4.136733  C
    43     0.075511    3.924489  C
    44     0.077914    3.922086  C
    45     0.052377    3.947623  C
    46     0.046080    3.953920  C
    47     0.216973    3.783027  C
    48     0.229241    3.770759  C
    49     0.241453    3.758547  C
    50     0.204518    3.795482  C
    51     0.202771    3.797229  C
    52     0.217970    3.782030  C
    53     0.233032    3.766968  C
    54     0.240295    3.759705  C
    55    -0.242249    1.242249  H
    56    -0.247545    1.247545  H
    57    -0.235567    1.235567  H
    58    -0.243788    1.243788  H
    59    -0.248880    1.248880  H
    60    -0.245907    1.245907  H
    61    -0.247815    1.247815  H
    62    -0.244259    1.244259  H
    63    -0.239961    1.239961  H
    64    -0.240355    1.240355  H
    65    -0.241886    1.241886  H
    66    -0.246226    1.246226  H
    67    -0.247856    1.247856  H
    68    -0.241533    1.241533  H
    69    -0.241808    1.241808  H
    70    -0.246134    1.246134  H
    71    -0.251715    1.251715  H
    72    -0.243648    1.243648  H
    73    -0.239853    1.239853  H
    74    -0.111850    1.111850  H
    75    -0.244537    1.244537  H
    76    -0.235768    1.235768  H
    77    -0.247860    1.247860  H
    78    -0.242516    1.242516  H
    79    -0.246249    1.246249  H
    80    -0.239654    1.239654  H
    81    -0.233277    1.233277  H
    82    -0.242798    1.242798  H
    83    -0.255773    1.255773  H
    84    -0.244615    1.244615  H
    85    -0.225990    1.225990  H
--------------------
 Total    -0.000000

                     ====================================
                        Begin CG opt. move =     11
                     ====================================

outcoor: Atomic coordinates (Ang):                          
   -2.73578101   -1.52591537    0.64762331   1       1  C
   -2.66640073   -2.85859353    0.05949661   1       2  C
   -1.59860427   -3.28374070   -0.64177768   1       3  C
   -0.51415517   -2.43059118   -0.85793048   1       4  C
   -0.50061278   -1.07455791   -0.39814261   1       5  C
   -1.62188774   -0.69717574    0.38860652   1       6  C
    0.65810072   -3.02665960   -1.22813582   1       7  C
    1.75767822   -2.25045435   -1.69446708   1       8  C
    1.68614531   -0.84325385   -1.52545322   1       9  C
    0.61846734   -0.25110622   -0.77482755   1      10  C
    2.74077627   -2.97325503   -2.36118624   1      11  C
    3.74574024   -2.26055088   -2.91391286   1      12  C
    3.75446284   -0.84877167   -2.81288844   1      13  C
    2.75562930   -0.17096420   -2.15107075   1      14  C
   -1.62787728    4.20877664   -0.90345161   1      15  C
   -2.65141179    3.70098001   -1.67769045   1      16  C
   -2.59332217    2.34098182   -2.06680572   1      17  C
    0.63413024    1.19972710   -0.46212508   1      18  C
   -0.47816322    2.02175571   -0.85305402   1      19  C
   -0.53687450    3.40425205   -0.49246183   1      20  C
   -1.55977902    1.55104506   -1.67727234   1      21  C
    2.97528999    1.23172278    0.52215619   1      22  C
    0.50121397    3.98083135    0.22988455   1      23  C
    4.10490016    1.92011215    1.02623465   1      24  C
    1.62253306    3.25549872    0.53772534   1      25  C
    1.73895888    1.85128666    0.19795965   1      26  C
    2.70319234    3.91732858    1.17423654   1      27  C
    3.88424598    3.29757180    1.39175977   1      28  C
    5.45280227    1.36395245    1.07423242   1      29  C
    5.86263106   -0.04162388    1.15516711   1      30  C
    7.27965898   -0.12696126    0.96488382   1      31  C
    7.79375962    1.20215407    0.75241182   1      32  C
    6.69557224    2.12068129    0.81041690   1      33  C
    5.15942825   -1.23991700    1.37830248   1      34  C
    5.84067162   -2.45920438    1.38177552   1      35  C
    7.22613946   -2.51297193    1.17445790   1      36  C
    7.95147914   -1.33736007    0.96764604   1      37  C
    6.97841997    3.47377737    0.52839620   1      38  C
    8.28380806    3.88803095    0.25925097   1      39  C
    9.33904279    2.96914322    0.24395285   1      40  C
    9.09026465    1.61580347    0.48343349   1      41  C
   -3.96693925   -1.10544250    1.38417203   1      42  C
   -4.70096256    0.05848832    0.81377360   1      43  C
   -5.03597841   -2.11729495    1.55859579   1      44  C
   -6.25140691   -1.66744191    0.95389115   1      45  C
   -6.04542978   -0.32230756    0.49957114   1      46  C
   -5.03265005   -3.39537132    2.13245388   1      47  C
   -6.17694636   -4.19681773    2.08304943   1      48  C
   -7.34933741   -3.73560731    1.46444841   1      49  C
   -7.39023500   -2.46104849    0.90019984   1      50  C
   -6.94307078    0.55241026   -0.09363795   1      51  C
   -4.31843122    1.36882199    0.52640037   1      52  C
   -6.52859043    1.85528166   -0.37318731   1      53  C
   -5.23076615    2.26006674   -0.05338848   1      54  C
   -8.24122526   -4.37269482    1.42892096   2      55  H
   -8.30544285   -2.08432683    0.42752869   2      56  H
   -4.11761736   -3.75630489    2.61415872   2      57  H
   -6.16086473   -5.19900201    2.52909913   2      58  H
   -7.96813476    0.23236216   -0.31756032   2      59  H
   -7.22990950    2.56348800   -0.82805589   2      60  H
   -4.92727164    3.29404569   -0.25289102   2      61  H
   -3.31294510    1.71180138    0.78376358   2      62  H
    4.08028557   -1.22398065    1.55682542   2      63  H
    5.28593224   -3.39075684    1.54994066   2      64  H
    7.74898629   -3.47585211    1.17506954   2      65  H
    9.03486606   -1.36845952    0.80226385   2      66  H
    6.18985321    4.22866761    0.49271417   2      67  H
    8.48409158    4.94666590    0.04780773   2      68  H
   10.35686397    3.30771335    0.02348561   2      69  H
    9.90871717    0.88775248    0.44253840   2      70  H
   -3.48585463   -3.56717615    0.17673091   2      71  H
   -1.63119937    0.31371659    0.81347565   2      72  H
   -1.54160166   -4.29424303   -1.06297266   2      73  H
    0.86998514   -4.56251530   -0.47159784   2      74  H
    2.79441700    0.91472450   -2.10244947   2      75  H
    4.58095259   -0.29705817   -3.27675720   2      76  H
    2.65597657   -4.05606680   -2.41037919   2      77  H
    4.54003004   -2.78152370   -3.43596072   2      78  H
    3.12169672    0.18151767    0.26404908   2      79  H
    2.59140025    4.97228607    1.44282134   2      80  H
    4.68748801    3.86167974    1.85538591   2      81  H
    0.44850201    5.03976525    0.49309522   2      82  H
   -1.52208463    0.51159576   -2.01173962   2      83  H
   -1.61044432    5.26191501   -0.59147403   2      84  H
   -3.49667285    4.31914873   -2.00959191   2      85  H

outcell: Unit cell vectors (Ang):
       30.000000    0.000000    0.000000
        0.000000   20.000000    0.000000
        0.000000    0.000000   20.000000

outcell: Cell vector modules (Ang)   :   30.000000   20.000000   20.000000
outcell: Cell angles (23,13,12) (deg):     90.0000     90.0000     90.0000
outcell: Cell volume (Ang**3)        :  12000.0000
<dSpData1D:S at geom step 11
  <sparsity:sparsity for geom step 11
    nrows_g=857 nrows=857 sparsity=.3996 nnzs=293501, refcount: 7>
  <dData1D:(new from dSpData1D) n=293501, refcount: 1>
refcount: 1>
new_DM -- step:    12
Re-using DM from previous geometries...
Number of DMs in history: 1
 DM extrapolation coefficients: 
1   1.00000
New DM after history re-use:
<dSpData2D:SpM extrapolated using coords
  <sparsity:sparsity for geom step 11
    nrows_g=857 nrows=857 sparsity=.3996 nnzs=293501, refcount: 9>
  <dData2D:(temp array for extrapolation) n=293501 m=1, refcount: 1>
refcount: 1>
No. of atoms with KB's overlaping orbs in proc 0. Max # of overlaps:      85     204

InitMesh: MESH = 192 x 128 x 128 = 3145728
InitMesh: Mesh cutoff (required, used) =   100.000   113.204 Ry
New grid distribution [1]: sub = 2

        iscf     Eharris(eV)        E_KS(eV)     FreeEng(eV)     dDmax    Ef(eV) dHmax(eV)
   scf:    1    -8836.580305    -8840.972737    -8841.028624  0.160089 -4.077756  5.653912
   scf:    2    -8568.506691    -8756.750487    -8756.786382  0.325456 -3.450876 36.395602
   scf:    3    -8873.462397    -8836.824691    -8836.860529  0.299807 -4.291459 12.112976
   scf:    4    -8839.048056    -8837.964506    -8838.000421  0.029876 -4.258625 10.700792
   scf:    5    -8812.186510    -8836.193786    -8836.241171  0.720350 -4.095825 13.638491
   scf:    6    -8820.193590    -8838.926546    -8838.962753  0.716699 -4.178602  9.872778
   scf:    7    -8836.839986    -8837.934457    -8837.970828  0.043985 -4.134746 11.666962
   scf:    8    -8835.307745    -8838.087094    -8838.123748  0.203864 -4.127461 11.044728
   scf:    9    -8841.473427    -8839.986147    -8840.027270  0.082697 -4.123583  9.284038
mix: Pulay -- resetting history
mix: switching mixer --> Linear-Kick
   scf:   10    -8843.170042    -8841.792984    -8841.841808  0.089280 -4.131962  5.857329
mix: switching mixer --> Pulay
   scf:   11    -8779.681801    -8824.837883    -8824.873723  0.711928 -3.979487 22.788559
   scf:   12    -8842.268945    -8834.415605    -8834.451904  0.066909 -4.074221 14.838610
   scf:   13    -8839.822367    -8837.367559    -8837.414720  0.078705 -4.088214 12.226772
   scf:   14    -8841.571577    -8843.229624    -8843.288623  0.462799 -4.119669  1.645795
   scf:   15    -8842.942721    -8843.099452    -8843.157061  0.026973 -4.120612  2.461172
   scf:   16    -8843.094858    -8843.103710    -8843.160914  0.012410 -4.124890  2.516794
   scf:   17    -8842.243147    -8842.720989    -8842.775174  0.048603 -4.129484  4.012631
   scf:   18    -8843.532800    -8843.247785    -8843.307101  0.080597 -4.125283  1.509897
   scf:   19    -8843.293929    -8843.271903    -8843.331631  0.007869 -4.126417  1.263585
mix: Pulay -- resetting history
mix: switching mixer --> Linear-Kick
   scf:   20    -8843.081641    -8843.284416    -8843.346131  0.076715 -4.123833  1.070715
mix: switching mixer --> Pulay
   scf:   21    -8828.869878    -8838.801718    -8838.844353  0.317851 -4.100776 10.996210
   scf:   22    -8838.141716    -8842.685827    -8842.746808  0.414266 -4.115649  3.954181
   scf:   23    -8840.490313    -8842.777393    -8842.831726  0.254440 -4.131972  3.837285
   scf:   24    -8843.474851    -8843.196694    -8843.255135  0.060857 -4.128726  1.919512
   scf:   25    -8843.361999    -8843.294031    -8843.353875  0.028348 -4.127994  1.037835
   scf:   26    -8843.342285    -8843.322772    -8843.383186  0.015919 -4.127580  0.548650
   scf:   27    -8843.336384    -8843.331565    -8843.392426  0.010825 -4.129160  0.207165
   scf:   28    -8843.330811    -8843.331203    -8843.392001  0.000785 -4.128766  0.236449
   scf:   29    -8843.333046    -8843.333091    -8843.394126  0.007449 -4.128881  0.008384
mix: Pulay -- resetting history
mix: switching mixer --> Linear-Kick
   scf:   30    -8843.332964    -8843.333045    -8843.394117  0.000953 -4.128753  0.019446
mix: switching mixer --> Pulay
   scf:   31    -8843.260858    -8843.309637    -8843.369666  0.025825 -4.130198  0.790707
   scf:   32    -8843.332685    -8843.333033    -8843.394103  0.024836 -4.128851  0.021029
   scf:   33    -8843.333003    -8843.333046    -8843.394116  0.000989 -4.128790  0.020687
   scf:   34    -8843.333084    -8843.333066    -8843.394126  0.000217 -4.128762  0.012491
   scf:   35    -8843.333099    -8843.333086    -8843.394132  0.000357 -4.128748  0.000244
   scf:   36    -8843.333085    -8843.333085    -8843.394132  0.000010 -4.128747  0.000345
   scf:   37    -8843.333085    -8843.333085    -8843.394132  0.000015 -4.128749  0.000124
   scf:   38    -8843.333085    -8843.333085    -8843.394132  0.000002 -4.128750  0.000157
   scf:   39    -8843.333085    -8843.333085    -8843.394132  0.000003 -4.128750  0.000131
mix: Pulay -- resetting history
mix: switching mixer --> Linear-Kick
   scf:   40    -8843.333085    -8843.333085    -8843.394132  0.000003 -4.128750  0.000044

SCF Convergence by DM+H criterion
max |DM_out - DM_in|         :     0.0000033938
max |H_out - H_in|      (eV) :     0.0000443307
SCF cycle converged after 40 iterations

Using DM_out to compute the final energy and forces
No. of atoms with KB's overlaping orbs in proc 0. Max # of overlaps:      85     204

siesta: E_KS(eV) =            -8843.3331

siesta: Atomic forces (eV/Ang):
     1    0.022325   -0.200824    0.640251
     2   -1.135524    0.160768    0.892263
     3   -0.546632   -0.485193    0.086265
     4    0.597872   -0.740293    0.686469
     5   -0.362801    0.453749   -0.472589
     6   -0.307687    0.626994    0.344347
     7    1.801255   -2.593962    1.406666
     8   -2.187178   -2.328461    1.279570
     9   -0.099139    0.017757    0.014868
    10   -0.037120    0.642660    0.146478
    11    0.304126   -0.100164    0.216834
    12    1.266887    0.353747   -0.674663
    13    0.400198    0.045764   -0.219982
    14    0.239571    0.824773   -0.194521
    15   -0.077331    0.447392   -0.115802
    16   -0.572886   -0.278656   -0.428698
    17    0.115949    0.530301    0.303457
    18   -0.068528   -0.215325   -0.000409
    19   -0.224752   -0.320584   -0.001395
    20   -0.454592    0.036398   -0.108241
    21    0.186763   -0.789515   -0.358765
    22    0.370822   -0.513018    0.149884
    23   -0.284339    0.395215    0.034007
    24    0.206480    0.119137    0.104047
    25    0.430360   -0.270464    0.136964
    26    0.203828    0.019865    0.053219
    27   -0.059709    0.343940    0.030115
    28    0.875984   -0.283873    0.049780
    29   -0.109018   -0.029068   -0.432548
    30   -0.060141    0.172420   -0.109678
    31   -0.267759    0.069621    0.058227
    32   -0.259090    0.188386    0.071355
    33   -0.206876   -0.065351    0.167765
    34   -0.380426    0.239145    0.026952
    35   -0.092600   -0.254226    0.029852
    36    0.062683   -0.313085    0.015420
    37    0.294758   -0.159155    0.002157
    38   -0.477924    0.148439    0.080312
    39    0.100967    0.198234   -0.067880
    40    0.254246    0.154309   -0.066690
    41    0.303800   -0.114518   -0.035416
    42   -0.294618   -0.718609   -2.285536
    43   -0.025410    0.061566    0.334524
    44    0.049224    0.069060    0.006810
    45    0.204717   -0.000483    0.414501
    46    0.240686    0.219038    0.274487
    47    0.503836   -0.094727    0.108667
    48   -0.007650   -0.220892    0.106583
    49   -0.178328   -0.269545    0.081514
    50   -0.278157    0.046215   -0.068848
    51   -0.285871    0.017777   -0.072679
    52    0.498166    0.113459    0.067540
    53   -0.158159    0.294578   -0.129921
    54    0.028746    0.264695   -0.105366
    55   -0.160298   -0.176423    0.022052
    56   -0.213907    0.038876   -0.121832
    57    0.213208   -0.200212    0.221680
    58    0.028494   -0.174190    0.109538
    59   -0.214403   -0.078900   -0.103773
    60   -0.139166    0.193416   -0.109915
    61    0.110565    0.200755    0.014497
    62    0.288901    0.242391    0.053966
    63   -0.338260   -0.039004    0.091933
    64   -0.139435   -0.145220    0.029824
    65    0.067567   -0.260759    0.014277
    66    0.259924   -0.049948   -0.016466
    67   -0.326781    0.188054   -0.012999
    68   -0.002422    0.167219   -0.029924
    69    0.260956    0.095316   -0.042094
    70    0.202622   -0.171635   -0.009196
    71   -0.533434   -0.047444    0.169764
    72    0.111759    0.169818    0.143453
    73   -0.075105   -0.211181   -0.014207
    74   -0.457533    3.425436   -2.500556
    75    0.021539    0.572397   -0.066355
    76    0.102644    0.200590   -0.083311
    77    0.015647   -0.490088   -0.058169
    78    0.605370   -0.177312   -0.425491
    79   -0.057627   -0.328139   -0.100111
    80   -0.124072    0.301409    0.139161
    81    0.465867    0.184964    0.341425
    82   -0.015339    0.396559    0.147019
    83    0.161501   -0.424854   -0.261406
    84   -0.140817    0.283136    0.004871
    85   -0.139574    0.314754    0.069240
----------------------------------------
   Tot   -0.097603   -0.084808    0.089416
----------------------------------------
   Max    3.425436
   Res    0.520085    sqrt( Sum f_i^2 / 3N )
----------------------------------------
   Max    3.425436    constrained

Stress tensor Voigt[x,y,z,yz,xz,xy] (kbar):       -3.51       -3.30       -0.45       -0.12        0.45       -0.20
(Free)E + p*V (eV/cell)    -8825.2885
Target enthalpy (eV/cell)    -8843.3866

mulliken: Atomic and Orbital Populations:

Species: C                   
Atom  Qatom  Qorb
               2s      2s      2py     2pz     2px     2py     2pz     2px     
               3Pdxy   3Pdyz   3Pdz2   3Pdxz   3Pdx2-y2
   1  3.930   0.471   0.438   0.516   0.606   0.526   0.446   0.296   0.441
              0.048   0.033   0.029   0.029   0.051
   2  3.765   0.317   0.495   0.385   0.661   0.370   0.542   0.284   0.579
              0.042   0.024   0.024   0.014   0.028
   3  3.771   0.317   0.495   0.206   0.613   0.631   0.687   0.321   0.369
              0.031   0.017   0.017   0.028   0.038
   4  3.947   0.359   0.482   0.516   0.635   0.558   0.475   0.280   0.448
              0.059   0.034   0.019   0.031   0.052
   5  3.958   0.433   0.455   0.527   0.598   0.579   0.451   0.331   0.396
              0.045   0.038   0.031   0.030   0.046
   6  3.801   0.354   0.483   0.218   0.589   0.635   0.678   0.338   0.373
              0.027   0.020   0.018   0.025   0.042
   7  3.951   0.670   0.368   0.495   0.710   0.707   0.334   0.210   0.323
              0.037   0.017   0.013   0.030   0.038
   8  3.919   0.381   0.473   0.499   0.600   0.558   0.483   0.328   0.409
              0.056   0.041   0.024   0.024   0.043
   9  3.969   0.415   0.460   0.527   0.612   0.580   0.460   0.330   0.394
              0.047   0.037   0.035   0.025   0.046
  10  4.022   0.477   0.438   0.552   0.679   0.579   0.429   0.284   0.401
              0.045   0.038   0.027   0.024   0.048
  11  3.767   0.297   0.502   0.116   0.680   0.630   0.776   0.270   0.362
              0.028   0.016   0.025   0.023   0.041
  12  3.755   0.308   0.496   0.443   0.569   0.371   0.531   0.349   0.555
              0.043   0.033   0.013   0.012   0.034
  13  3.768   0.333   0.486   0.441   0.612   0.362   0.525   0.317   0.557
              0.042   0.034   0.015   0.011   0.033
  14  3.772   0.329   0.493   0.121   0.626   0.615   0.769   0.304   0.375
              0.026   0.017   0.027   0.025   0.045
  15  3.780   0.334   0.489   0.164   0.664   0.633   0.719   0.288   0.357
              0.027   0.018   0.023   0.024   0.042
  16  3.752   0.333   0.493   0.412   0.572   0.294   0.565   0.335   0.603
              0.049   0.032   0.020   0.013   0.029
  17  4.107   0.740   0.335   0.701   0.836   0.874   0.287   0.089   0.120
              0.032   0.029   0.014   0.015   0.036
  18  4.014   0.481   0.438   0.558   0.662   0.577   0.427   0.281   0.408
              0.047   0.037   0.024   0.026   0.048
  19  3.949   0.447   0.451   0.518   0.611   0.545   0.464   0.324   0.401
              0.047   0.037   0.030   0.029   0.045
  20  3.936   0.394   0.467   0.514   0.632   0.565   0.469   0.305   0.404
              0.049   0.038   0.028   0.025   0.047
  21  3.784   0.316   0.500   0.149   0.580   0.609   0.755   0.347   0.384
              0.025   0.019   0.020   0.026   0.053
  22  3.801   0.350   0.488   0.199   0.649   0.605   0.706   0.263   0.407
              0.031   0.013   0.015   0.031   0.045
  23  3.793   0.305   0.505   0.146   0.678   0.673   0.739   0.264   0.351
              0.029   0.015   0.020   0.026   0.043
  24  3.976   0.431   0.453   0.548   0.657   0.568   0.431   0.266   0.432
              0.050   0.032   0.017   0.037   0.053
  25  3.939   0.388   0.470   0.513   0.627   0.587   0.466   0.301   0.401
              0.051   0.035   0.022   0.029   0.049
  26  3.979   0.437   0.450   0.541   0.650   0.586   0.445   0.291   0.395
              0.049   0.031   0.026   0.030   0.048
  27  3.780   0.314   0.496   0.167   0.672   0.633   0.719   0.260   0.383
              0.031   0.011   0.016   0.032   0.045
  28  3.778   0.327   0.489   0.461   0.592   0.360   0.503   0.323   0.591
              0.043   0.025   0.009   0.020   0.035
  29  4.011   0.503   0.432   0.584   0.720   0.576   0.414   0.197   0.412
              0.051   0.031   0.008   0.035   0.050
  30  3.961   0.440   0.447   0.532   0.691   0.538   0.437   0.246   0.450
              0.049   0.037   0.010   0.029   0.054
  31  3.951   0.414   0.460   0.563   0.663   0.539   0.427   0.254   0.448
              0.051   0.038   0.009   0.030   0.053
  32  3.951   0.415   0.460   0.561   0.664   0.546   0.434   0.255   0.436
              0.052   0.033   0.010   0.034   0.051
  33  3.958   0.449   0.443   0.530   0.695   0.533   0.445   0.243   0.442
              0.054   0.034   0.011   0.030   0.048
  34  3.787   0.339   0.486   0.586   0.700   0.145   0.435   0.218   0.745
              0.032   0.036   0.006   0.009   0.052
  35  3.765   0.331   0.486   0.251   0.720   0.442   0.665   0.214   0.523
              0.049   0.016   0.006   0.026   0.036
  36  3.759   0.334   0.486   0.232   0.714   0.456   0.682   0.205   0.517
              0.047   0.015   0.008   0.028   0.037
  37  3.795   0.324   0.491   0.595   0.721   0.134   0.434   0.212   0.753
              0.033   0.035   0.005   0.009   0.051
  38  3.787   0.335   0.487   0.377   0.712   0.352   0.581   0.211   0.597
              0.051   0.023   0.010   0.020   0.031
  39  3.766   0.332   0.485   0.158   0.710   0.547   0.731   0.224   0.447
              0.034   0.010   0.007   0.032   0.050
  40  3.759   0.332   0.487   0.528   0.692   0.182   0.465   0.223   0.717
              0.038   0.031   0.007   0.012   0.045
  41  3.796   0.325   0.490   0.382   0.730   0.338   0.574   0.208   0.616
              0.051   0.023   0.008   0.019   0.032
  42  4.131   0.607   0.392   0.679   0.791   0.663   0.326   0.168   0.331
              0.050   0.028   0.022   0.033   0.039
  43  3.926   0.449   0.446   0.490   0.651   0.520   0.465   0.269   0.451
              0.051   0.034   0.019   0.030   0.050
  44  3.924   0.459   0.443   0.519   0.601   0.515   0.426   0.321   0.454
              0.049   0.032   0.024   0.034   0.046
  45  3.946   0.412   0.461   0.583   0.639   0.539   0.407   0.289   0.433
              0.045   0.031   0.023   0.032   0.054
  46  3.953   0.410   0.459   0.581   0.650   0.541   0.405   0.291   0.434
              0.044   0.031   0.023   0.030   0.053
  47  3.783   0.357   0.480   0.563   0.553   0.260   0.429   0.354   0.650
              0.037   0.026   0.013   0.023   0.039
  48  3.772   0.332   0.484   0.225   0.635   0.571   0.667   0.303   0.421
              0.029   0.015   0.013   0.031   0.046
  49  3.759   0.334   0.486   0.443   0.680   0.278   0.511   0.257   0.636
              0.043   0.023   0.022   0.017   0.028
  50  3.796   0.325   0.489   0.554   0.618   0.279   0.441   0.314   0.644
              0.038   0.024   0.011   0.021   0.038
  51  3.798   0.326   0.490   0.565   0.694   0.193   0.439   0.255   0.701
              0.035   0.030   0.016   0.011   0.041
  52  3.783   0.338   0.487   0.558   0.644   0.209   0.447   0.271   0.691
              0.035   0.031   0.015   0.014   0.042
  53  3.768   0.328   0.487   0.401   0.628   0.393   0.547   0.295   0.555
              0.048   0.023   0.009   0.022   0.032
  54  3.761   0.335   0.486   0.187   0.673   0.517   0.705   0.259   0.463
              0.035   0.011   0.016   0.032   0.043

Species: H                   
Atom  Qatom  Qorb
               1s      1s      2Ppy    2Ppz    2Ppx    
  55  1.241   0.907   0.228   0.032   0.032   0.043
  56  1.247   0.909   0.232   0.024   0.038   0.045
  57  1.235   0.886   0.242   0.026   0.036   0.044
  58  1.243   0.909   0.226   0.049   0.038   0.020
  59  1.248   0.911   0.231   0.022   0.034   0.051
  60  1.245   0.912   0.226   0.034   0.039   0.034
  61  1.247   0.895   0.240   0.050   0.034   0.028
  62  1.243   0.877   0.253   0.025   0.035   0.053
  63  1.239   0.885   0.246   0.021   0.033   0.055
  64  1.240   0.905   0.228   0.042   0.037   0.027
  65  1.241   0.907   0.228   0.044   0.035   0.027
  66  1.246   0.907   0.233   0.017   0.035   0.054
  67  1.247   0.889   0.244   0.037   0.033   0.043
  68  1.241   0.907   0.227   0.050   0.037   0.019
  69  1.241   0.906   0.229   0.022   0.036   0.048
  70  1.246   0.907   0.233   0.033   0.034   0.038
  71  1.251   0.892   0.243   0.037   0.032   0.048
  72  1.243   0.865   0.262   0.058   0.034   0.024
  73  1.239   0.893   0.240   0.050   0.034   0.023
  74  1.109   0.994   0.065   0.031   0.012   0.008
  75  1.245   0.882   0.249   0.053   0.034   0.026
  76  1.235   0.899   0.232   0.027   0.036   0.041
  77  1.249   0.902   0.237   0.054   0.030   0.025
  78  1.243   0.906   0.231   0.027   0.038   0.040
  79  1.245   0.829   0.292   0.058   0.040   0.025
  80  1.239   0.899   0.237   0.052   0.033   0.019
  81  1.233   0.867   0.258   0.031   0.034   0.044
  82  1.243   0.898   0.240   0.054   0.032   0.019
  83  1.255   0.887   0.246   0.059   0.035   0.027
  84  1.244   0.905   0.231   0.052   0.033   0.022
  85  1.225   0.876   0.245   0.029   0.031   0.044

mulliken: Qtot =      247.000

Mulliken Atomic Populations:
Atom #   charge [q] valence [e]  Species
     1     0.069897    3.930103  C
     2     0.234567    3.765433  C
     3     0.229032    3.770968  C
     4     0.052874    3.947126  C
     5     0.041758    3.958242  C
     6     0.199166    3.800834  C
     7     0.048602    3.951398  C
     8     0.081299    3.918701  C
     9     0.031009    3.968991  C
    10    -0.022294    4.022294  C
    11     0.232847    3.767153  C
    12     0.245161    3.754839  C
    13     0.232112    3.767888  C
    14     0.228266    3.771734  C
    15     0.219527    3.780473  C
    16     0.248331    3.751669  C
    17    -0.107310    4.107310  C
    18    -0.014173    4.014173  C
    19     0.050752    3.949248  C
    20     0.063714    3.936286  C
    21     0.215895    3.784105  C
    22     0.199009    3.800991  C
    23     0.207054    3.792946  C
    24     0.024215    3.975785  C
    25     0.060767    3.939233  C
    26     0.021270    3.978730  C
    27     0.220399    3.779601  C
    28     0.222275    3.777725  C
    29    -0.011217    4.011217  C
    30     0.039403    3.960597  C
    31     0.049453    3.950547  C
    32     0.048695    3.951305  C
    33     0.041685    3.958315  C
    34     0.213005    3.786995  C
    35     0.234948    3.765052  C
    36     0.241165    3.758835  C
    37     0.204725    3.795275  C
    38     0.213430    3.786570  C
    39     0.233586    3.766414  C
    40     0.241037    3.758963  C
    41     0.203932    3.796068  C
    42    -0.130771    4.130771  C
    43     0.074395    3.925605  C
    44     0.075769    3.924231  C
    45     0.053548    3.946452  C
    46     0.047033    3.952967  C
    47     0.216562    3.783438  C
    48     0.228323    3.771677  C
    49     0.240886    3.759114  C
    50     0.203861    3.796139  C
    51     0.202203    3.797797  C
    52     0.217205    3.782795  C
    53     0.232378    3.767622  C
    54     0.239156    3.760844  C
    55    -0.241440    1.241440  H
    56    -0.246838    1.246838  H
    57    -0.235051    1.235051  H
    58    -0.242909    1.242909  H
    59    -0.248201    1.248201  H
    60    -0.245184    1.245184  H
    61    -0.246997    1.246997  H
    62    -0.243485    1.243485  H
    63    -0.239500    1.239500  H
    64    -0.239892    1.239892  H
    65    -0.241404    1.241404  H
    66    -0.245807    1.245807  H
    67    -0.247260    1.247260  H
    68    -0.240911    1.240911  H
    69    -0.241327    1.241327  H
    70    -0.245706    1.245706  H
    71    -0.251296    1.251296  H
    72    -0.243259    1.243259  H
    73    -0.239482    1.239482  H
    74    -0.109252    1.109252  H
    75    -0.244550    1.244550  H
    76    -0.234882    1.234882  H
    77    -0.248560    1.248560  H
    78    -0.242833    1.242833  H
    79    -0.245077    1.245077  H
    80    -0.239420    1.239420  H
    81    -0.232802    1.232802  H
    82    -0.242868    1.242868  H
    83    -0.255044    1.255044  H
    84    -0.244054    1.244054  H
    85    -0.225126    1.225126  H
--------------------
 Total     0.000000

                     ====================================
                        Begin CG opt. move =     12
                     ====================================

outcoor: Atomic coordinates (Ang):                          
   -2.73750305   -1.52235332    0.65330643   1       1  C
   -2.66568151   -2.86037629    0.05924720   1       2  C
   -1.60469999   -3.28462980   -0.63915163   1       3  C
   -0.52066029   -2.43004205   -0.85271700   1       4  C
   -0.50101680   -1.06830736   -0.39955209   1       5  C
   -1.62310096   -0.69788518    0.38875995   1       6  C
    0.66480169   -3.04665960   -1.22325884   1       7  C
    1.75134363   -2.25553230   -1.69006292   1       8  C
    1.68801385   -0.83602267   -1.52594959   1       9  C
    0.61632316   -0.24682672   -0.77251994   1      10  C
    2.74980543   -2.97586681   -2.36514783   1      11  C
    3.74943069   -2.26067920   -2.91590357   1      12  C
    3.75389523   -0.84854690   -2.81243066   1      13  C
    2.75732213   -0.16834317   -2.15230091   1      14  C
   -1.63597232    4.21000854   -0.90879926   1      15  C
   -2.64866861    3.70519683   -1.67481593   1      16  C
   -2.58661853    2.33402982   -2.06449217   1      17  C
    0.63535690    1.19608700   -0.46237408   1      18  C
   -0.47642993    2.01979137   -0.85146672   1      19  C
   -0.53647398    3.40381330   -0.49168911   1      20  C
   -1.56849779    1.55278233   -1.68330113   1      21  C
    2.97609719    1.23203148    0.52321106   1      22  C
    0.50192401    3.98209077    0.23079474   1      23  C
    4.10920029    1.91659754    1.02631893   1      24  C
    1.62212964    3.25620792    0.53790427   1      25  C
    1.73929019    1.84884082    0.19723989   1      26  C
    2.70564687    3.91809294    1.17518298   1      27  C
    3.88491381    3.29925567    1.39190408   1      28  C
    5.45138970    1.36440113    1.07207143   1      29  C
    5.85917800   -0.03860653    1.15508503   1      30  C
    7.28173624   -0.12699597    0.96471472   1      31  C
    7.79522695    1.20091153    0.75247174   1      32  C
    6.69087572    2.12133614    0.81171267   1      33  C
    5.15925326   -1.24041864    1.37833902   1      34  C
    5.84096749   -2.45899907    1.38166379   1      35  C
    7.22561658   -2.51321482    1.17455778   1      36  C
    7.95158835   -1.33804478    0.96780647   1      37  C
    6.97848484    3.47412384    0.52848763   1      38  C
    8.28378161    3.88748994    0.25923295   1      39  C
    9.33899644    2.96949487    0.24390087   1      40  C
    9.09070019    1.61608763    0.48329688   1      41  C
   -3.96922949   -1.10981870    1.37271624   1      42  C
   -4.69703092    0.05894211    0.81690159   1      43  C
   -5.03118226   -2.11643596    1.56057705   1      44  C
   -6.25297210   -1.66668636    0.95425465   1      45  C
   -6.04692261   -0.32210394    0.49983618   1      46  C
   -5.03232007   -3.39609183    2.13241575   1      47  C
   -6.17689680   -4.19651314    2.08290488   1      48  C
   -7.34901641   -3.73577291    1.46477982   1      49  C
   -7.39063451   -2.46179972    0.90043921   1      50  C
   -6.94315405    0.55306781   -0.09383816   1      51  C
   -4.31801480    1.36929168    0.52600305   1      52  C
   -6.52825571    1.85573370   -0.37311535   1      53  C
   -5.23131258    2.25981867   -0.05369893   1      54  C
   -8.24261667   -4.37386427    1.42895844   2      55  H
   -8.30694058   -2.08379823    0.42667469   2      56  H
   -4.11615872   -3.75709732    2.61531643   2      57  H
   -6.16075931   -5.20060449    2.52991673   2      58  H
   -7.96976786    0.23172507   -0.31809813   2      59  H
   -7.23101239    2.56474069   -0.82882044   2      60  H
   -4.92655226    3.29578276   -0.25301053   2      61  H
   -3.31108026    1.71280300    0.78428061   2      62  H
    4.07804782   -1.22393317    1.55732976   2      63  H
    5.28490255   -3.39214389    1.55020017   2      64  H
    7.74971526   -3.47761946    1.17512083   2      65  H
    9.03662532   -1.36856938    0.80206786   2      66  H
    6.18768055    4.22999081    0.49269238   2      67  H
    8.48428227    4.94829134    0.04749917   2      68  H
   10.35869416    3.30830227    0.02315846   2      69  H
    9.91001257    0.88652557    0.44250084   2      70  H
   -3.48851212   -3.56799407    0.17745704   2      71  H
   -1.63070203    0.31528258    0.81442426   2      72  H
   -1.54149081   -4.29595528   -1.06350339   2      73  H
    0.86856991   -4.55144218   -0.48000015   2      74  H
    2.79419080    0.91678051   -2.10250489   2      75  H
    4.58214148   -0.29579405   -3.27752065   2      76  H
    2.65534382   -4.05775449   -2.41024542   2      77  H
    4.54171401   -2.78230609   -3.43719177   2      78  H
    3.12164831    0.17880412    0.26328941   2      79  H
    2.59070687    4.97392978    1.44340515   2      80  H
    4.68977004    3.86263788    1.85694851   2      81  H
    0.44838928    5.04144313    0.49370168   2      82  H
   -1.52111970    0.50916269   -2.01269948   2      83  H
   -1.61059333    5.26369930   -0.59099609   2      84  H
   -3.49816698    4.32129333   -2.00957990   2      85  H

outcell: Unit cell vectors (Ang):
       30.000000    0.000000    0.000000
        0.000000   20.000000    0.000000
        0.000000    0.000000   20.000000

outcell: Cell vector modules (Ang)   :   30.000000   20.000000   20.000000
outcell: Cell angles (23,13,12) (deg):     90.0000     90.0000     90.0000
outcell: Cell volume (Ang**3)        :  12000.0000
<dSpData1D:S at geom step 12
  <sparsity:sparsity for geom step 12
    nrows_g=857 nrows=857 sparsity=.3997 nnzs=293529, refcount: 7>
  <dData1D:(new from dSpData1D) n=293529, refcount: 1>
refcount: 1>
new_DM -- step:    13
Re-using DM from previous geometries...
Number of DMs in history: 1
 DM extrapolation coefficients: 
1   1.00000
New DM after history re-use:
<dSpData2D:SpM extrapolated using coords
  <sparsity:sparsity for geom step 12
    nrows_g=857 nrows=857 sparsity=.3997 nnzs=293529, refcount: 9>
  <dData2D:(temp array for extrapolation) n=293529 m=1, refcount: 1>
refcount: 1>
No. of atoms with KB's overlaping orbs in proc 0. Max # of overlaps:      85     204

InitMesh: MESH = 192 x 128 x 128 = 3145728
InitMesh: Mesh cutoff (required, used) =   100.000   113.204 Ry
New grid distribution [1]: sub = 2

        iscf     Eharris(eV)        E_KS(eV)     FreeEng(eV)     dDmax    Ef(eV) dHmax(eV)
   scf:    1    -8836.908702    -8841.214411    -8841.270035  0.166770 -4.073959  5.779675
   scf:    2    -8571.370012    -8757.740250    -8757.776104  0.312706 -3.456602 37.193814
   scf:    3    -8873.416268    -8836.982042    -8837.017880  0.310310 -4.271956 12.241591
   scf:    4    -8839.348639    -8838.197216    -8838.233126  0.031032 -4.238094 10.724448
   scf:    5    -8808.838873    -8835.679982    -8835.725610  0.737421 -4.091791 14.239800
   scf:    6    -8820.291323    -8839.373023    -8839.409601  0.725307 -4.166200  9.529936
   scf:    7    -8837.804434    -8838.677189    -8838.715269  0.045158 -4.114679 11.239405
   scf:    8    -8843.918673    -8842.054392    -8842.102407  0.110385 -4.124738  6.136595
   scf:    9    -8843.812507    -8843.399535    -8843.456916  0.148577 -4.116999  1.649212
mix: Pulay -- resetting history
mix: switching mixer --> Linear-Kick
   scf:   10    -8841.187038    -8842.642728    -8842.697227  0.105844 -4.127021  3.914337
mix: switching mixer --> Pulay
   scf:   11    -8796.971958    -8829.763174    -8829.799013  0.631995 -3.870872 18.617015
   scf:   12    -8841.280155    -8838.582613    -8838.631010  0.230131 -4.084141 10.575390
   scf:   13    -8841.809761    -8843.378567    -8843.437299  0.403264 -4.120154  1.887239
   scf:   14    -8836.429951    -8841.491910    -8841.545516  0.293130 -4.097864  6.751110
   scf:   15    -8843.855004    -8843.500465    -8843.561288  0.212168 -4.117008  0.525001
   scf:   16    -8843.467381    -8843.508905    -8843.569123  0.036537 -4.121677  0.554628
   scf:   17    -8843.490314    -8843.514059    -8843.575164  0.028289 -4.120520  0.317851
   scf:   18    -8843.514539    -8843.518712    -8843.579484  0.015357 -4.123365  0.138389
   scf:   19    -8843.516819    -8843.518765    -8843.579750  0.007536 -4.123206  0.092749
mix: Pulay -- resetting history
mix: switching mixer --> Linear-Kick
   scf:   20    -8843.518411    -8843.519118    -8843.579985  0.005195 -4.124112  0.065000
mix: switching mixer --> Pulay
   scf:   21    -8842.647894    -8843.231613    -8843.293425  0.090846 -4.118508  2.683777
   scf:   22    -8843.500319    -8843.518878    -8843.579709  0.092271 -4.123756  0.108056
   scf:   23    -8843.519120    -8843.519016    -8843.579830  0.000725 -4.123771  0.095122
   scf:   24    -8843.519227    -8843.519134    -8843.579983  0.000837 -4.123857  0.069200
   scf:   25    -8843.519264    -8843.519242    -8843.580141  0.001648 -4.124045  0.019751
   scf:   26    -8843.519216    -8843.519237    -8843.580155  0.000749 -4.124142  0.002443
   scf:   27    -8843.519240    -8843.519239    -8843.580155  0.000009 -4.124144  0.001613
   scf:   28    -8843.519243    -8843.519241    -8843.580155  0.000062 -4.124157  0.000649
   scf:   29    -8843.519240    -8843.519240    -8843.580155  0.000025 -4.124149  0.000088
mix: Pulay -- resetting history
mix: switching mixer --> Linear-Kick
   scf:   30    -8843.519240    -8843.519240    -8843.580155  0.000003 -4.124153  0.000118
mix: switching mixer --> Pulay
   scf:   31    -8843.519227    -8843.519234    -8843.580154  0.000169 -4.124143  0.005040
   scf:   32    -8843.519246    -8843.519241    -8843.580155  0.000184 -4.124150  0.000569
   scf:   33    -8843.519241    -8843.519241    -8843.580155  0.000004 -4.124150  0.000469
   scf:   34    -8843.519240    -8843.519241    -8843.580155  0.000008 -4.124152  0.000245
   scf:   35    -8843.519240    -8843.519240    -8843.580155  0.000009 -4.124152  0.000015
   scf:   36    -8843.519240    -8843.519240    -8843.580155  0.000000 -4.124152  0.000011

SCF Convergence by DM+H criterion
max |DM_out - DM_in|         :     0.0000004046
max |H_out - H_in|      (eV) :     0.0000113543
SCF cycle converged after 36 iterations

Using DM_out to compute the final energy and forces
No. of atoms with KB's overlaping orbs in proc 0. Max # of overlaps:      85     204

siesta: E_KS(eV) =            -8843.5192

siesta: Atomic forces (eV/Ang):
     1    0.207968   -0.531276    0.368478
     2   -1.572051    0.356774    1.199020
     3   -0.159250   -0.569282   -0.138123
     4    1.369630   -1.035285    0.459463
     5   -0.480597    0.068071   -0.469608
     6   -0.305537    0.850568    0.427289
     7    1.015087   -2.112923    1.713723
     8   -1.574732   -2.180580    0.979292
     9   -0.365343   -0.517187    0.111021
    10    0.188383    0.468234   -0.031091
    11   -0.298814    0.077498    0.591889
    12    1.273901    0.420027   -0.674639
    13    0.542943    0.095294   -0.304310
    14    0.205218    0.804186   -0.176243
    15    0.574320    0.555569    0.314997
    16   -1.039227   -0.646276   -0.814701
    17   -0.538644    1.283025    0.127324
    18   -0.187197    0.049902    0.030118
    19   -0.367563   -0.238845   -0.085574
    20   -0.573773    0.053805   -0.183422
    21    1.029702   -1.316449    0.022579
    22    0.408825   -0.663241    0.113854
    23   -0.407273    0.391770   -0.025605
    24   -0.083326    0.398794    0.118174
    25    0.556378   -0.376429    0.156784
    26    0.242076    0.188136    0.119106
    27   -0.235365    0.368497   -0.026994
    28    1.047830   -0.455715    0.056575
    29   -0.015318   -0.077220   -0.388936
    30    0.158993   -0.020019   -0.129841
    31   -0.472382    0.082498    0.084076
    32   -0.415326    0.321440    0.084744
    33    0.079968   -0.103734    0.114217
    34   -0.460993    0.338839    0.029893
    35   -0.145843   -0.327690    0.046343
    36    0.123335   -0.377281    0.011174
    37    0.355540   -0.147343   -0.007573
    38   -0.601954    0.156121    0.095230
    39    0.118068    0.289074   -0.082472
    40    0.328706    0.164283   -0.080442
    41    0.343788   -0.161096   -0.033900
    42   -0.230465   -0.564447   -2.040793
    43   -0.306600    0.058942    0.191367
    44   -0.286174   -0.007781   -0.120139
    45    0.347794   -0.052729    0.490757
    46    0.389739    0.265085    0.324178
    47    0.605382   -0.064247    0.135275
    48   -0.003208   -0.298066    0.148012
    49   -0.252921   -0.325317    0.075880
    50   -0.312287    0.113822   -0.100110
    51   -0.346759   -0.027057   -0.073050
    52    0.592678    0.108948    0.111271
    53   -0.228701    0.336949   -0.170254
    54    0.085109    0.349681   -0.106039
    55   -0.102771   -0.140116    0.025612
    56   -0.164974    0.011448   -0.093762
    57    0.168684   -0.198699    0.198996
    58    0.028332   -0.105648    0.080218
    59   -0.155560   -0.054249   -0.093433
    60   -0.096930    0.155958   -0.084600
    61    0.087870    0.129837    0.026492
    62    0.235179    0.236653    0.031436
    63   -0.269717   -0.053498    0.080600
    64   -0.102943   -0.085244    0.019249
    65    0.032418   -0.203401    0.014501
    66    0.204871   -0.056168   -0.006906
    67   -0.259669    0.145906   -0.015260
    68   -0.016454    0.095487   -0.015924
    69    0.198258    0.078863   -0.029728
    70    0.165035   -0.130180   -0.009109
    71   -0.485118   -0.000501    0.164751
    72    0.103378    0.108948    0.117173
    73   -0.105666   -0.143414    0.023706
    74   -0.460775    3.542348   -2.567282
    75    0.044261    0.593788   -0.079567
    76    0.043723    0.163314   -0.050411
    77    0.075745   -0.510480   -0.090634
    78    0.662969   -0.175885   -0.462616
    79   -0.067826   -0.225241   -0.072290
    80   -0.107131    0.265828    0.135002
    81    0.426753    0.164185    0.319839
    82   -0.011274    0.385735    0.143736
    83    0.131206   -0.354000   -0.261443
    84   -0.172043    0.221599   -0.034288
    85   -0.062378    0.239134    0.089255
----------------------------------------
   Tot   -0.108811   -0.079376    0.091558
----------------------------------------
   Max    3.542348
   Res    0.539640    sqrt( Sum f_i^2 / 3N )
----------------------------------------
   Max    3.542348    constrained

Stress tensor Voigt[x,y,z,yz,xz,xy] (kbar):       -3.41       -2.94       -0.43       -0.03        0.42       -0.25
(Free)E + p*V (eV/cell)    -8826.6610
Target enthalpy (eV/cell)    -8843.5727

mulliken: Atomic and Orbital Populations:

Species: C                   
Atom  Qatom  Qorb
               2s      2s      2py     2pz     2px     2py     2pz     2px     
               3Pdxy   3Pdyz   3Pdz2   3Pdxz   3Pdx2-y2
   1  3.933   0.468   0.439   0.515   0.609   0.531   0.446   0.296   0.438
              0.048   0.033   0.029   0.029   0.052
   2  3.765   0.318   0.494   0.385   0.660   0.371   0.540   0.285   0.579
              0.042   0.024   0.024   0.014   0.028
   3  3.775   0.314   0.495   0.210   0.612   0.635   0.684   0.324   0.369
              0.032   0.017   0.017   0.028   0.038
   4  3.941   0.376   0.475   0.514   0.639   0.543   0.474   0.272   0.455
              0.058   0.033   0.018   0.031   0.052
   5  3.961   0.431   0.456   0.527   0.597   0.583   0.451   0.332   0.394
              0.045   0.038   0.031   0.030   0.046
   6  3.801   0.354   0.483   0.219   0.589   0.636   0.677   0.338   0.373
              0.027   0.020   0.019   0.025   0.042
   7  3.951   0.676   0.365   0.488   0.714   0.695   0.345   0.206   0.328
              0.037   0.017   0.012   0.029   0.038
   8  3.919   0.397   0.467   0.495   0.603   0.558   0.483   0.324   0.407
              0.055   0.041   0.024   0.024   0.043
   9  3.968   0.422   0.458   0.521   0.615   0.583   0.461   0.327   0.392
              0.046   0.036   0.035   0.026   0.047
  10  4.023   0.471   0.440   0.558   0.677   0.578   0.427   0.287   0.402
              0.045   0.038   0.027   0.024   0.048
  11  3.764   0.301   0.501   0.118   0.681   0.626   0.773   0.269   0.364
              0.028   0.016   0.025   0.023   0.041
  12  3.756   0.305   0.496   0.442   0.569   0.373   0.531   0.351   0.555
              0.043   0.033   0.013   0.012   0.034
  13  3.768   0.334   0.485   0.442   0.612   0.363   0.525   0.317   0.556
              0.042   0.034   0.015   0.011   0.033
  14  3.773   0.326   0.493   0.122   0.625   0.616   0.770   0.306   0.376
              0.026   0.017   0.027   0.025   0.045
  15  3.781   0.331   0.489   0.166   0.662   0.633   0.716   0.291   0.359
              0.028   0.018   0.024   0.023   0.042
  16  3.752   0.335   0.492   0.410   0.572   0.296   0.563   0.337   0.603
              0.049   0.032   0.021   0.013   0.029
  17  4.105   0.731   0.338   0.696   0.834   0.878   0.289   0.093   0.121
              0.031   0.029   0.014   0.015   0.037
  18  4.016   0.475   0.440   0.563   0.660   0.576   0.425   0.283   0.410
              0.048   0.038   0.024   0.026   0.048
  19  3.947   0.455   0.448   0.517   0.611   0.541   0.464   0.322   0.402
              0.046   0.037   0.030   0.029   0.045
  20  3.935   0.402   0.464   0.512   0.634   0.561   0.470   0.302   0.405
              0.049   0.038   0.028   0.025   0.046
  21  3.788   0.312   0.501   0.150   0.578   0.613   0.755   0.349   0.384
              0.025   0.020   0.020   0.026   0.054
  22  3.802   0.352   0.487   0.201   0.650   0.606   0.703   0.262   0.406
              0.031   0.013   0.015   0.031   0.045
  23  3.795   0.305   0.505   0.147   0.678   0.673   0.739   0.264   0.351
              0.029   0.015   0.020   0.026   0.043
  24  3.976   0.430   0.454   0.546   0.657   0.572   0.432   0.266   0.430
              0.050   0.032   0.017   0.038   0.053
  25  3.938   0.391   0.469   0.511   0.627   0.587   0.467   0.300   0.401
              0.051   0.035   0.022   0.029   0.049
  26  3.979   0.438   0.450   0.539   0.650   0.587   0.445   0.291   0.395
              0.049   0.030   0.026   0.030   0.048
  27  3.780   0.314   0.496   0.169   0.673   0.633   0.718   0.260   0.383
              0.031   0.011   0.015   0.032   0.045
  28  3.777   0.330   0.488   0.460   0.592   0.361   0.502   0.323   0.590
              0.042   0.025   0.009   0.020   0.035
  29  4.013   0.493   0.435   0.585   0.716   0.581   0.415   0.201   0.410
              0.051   0.032   0.008   0.035   0.050
  30  3.960   0.442   0.446   0.534   0.692   0.536   0.437   0.245   0.451
              0.049   0.037   0.010   0.028   0.054
  31  3.950   0.416   0.459   0.565   0.664   0.537   0.427   0.253   0.449
              0.051   0.038   0.009   0.030   0.053
  32  3.951   0.417   0.459   0.561   0.665   0.545   0.433   0.254   0.437
              0.052   0.033   0.010   0.034   0.051
  33  3.958   0.451   0.443   0.528   0.697   0.534   0.446   0.242   0.441
              0.054   0.034   0.011   0.030   0.048
  34  3.788   0.341   0.485   0.585   0.700   0.146   0.435   0.217   0.743
              0.032   0.036   0.006   0.009   0.052
  35  3.766   0.332   0.485   0.252   0.720   0.443   0.664   0.214   0.522
              0.049   0.016   0.006   0.026   0.036
  36  3.760   0.335   0.486   0.232   0.714   0.457   0.681   0.205   0.517
              0.047   0.015   0.008   0.028   0.037
  37  3.796   0.325   0.490   0.595   0.721   0.135   0.433   0.212   0.752
              0.033   0.035   0.005   0.009   0.051
  38  3.787   0.337   0.486   0.377   0.713   0.353   0.580   0.210   0.596
              0.051   0.023   0.010   0.020   0.031
  39  3.768   0.333   0.485   0.158   0.710   0.548   0.730   0.224   0.447
              0.034   0.010   0.007   0.032   0.050
  40  3.760   0.333   0.487   0.528   0.692   0.183   0.464   0.223   0.716
              0.038   0.031   0.007   0.012   0.045
  41  3.797   0.326   0.490   0.382   0.730   0.339   0.573   0.208   0.615
              0.051   0.023   0.008   0.019   0.032
  42  4.125   0.590   0.399   0.674   0.781   0.659   0.333   0.176   0.337
              0.051   0.029   0.022   0.034   0.040
  43  3.927   0.450   0.445   0.493   0.655   0.519   0.463   0.267   0.450
              0.051   0.034   0.019   0.030   0.050
  44  3.926   0.459   0.443   0.523   0.602   0.517   0.424   0.320   0.453
              0.049   0.032   0.024   0.034   0.046
  45  3.945   0.416   0.459   0.583   0.639   0.536   0.406   0.288   0.435
              0.045   0.031   0.022   0.032   0.054
  46  3.952   0.413   0.458   0.581   0.650   0.537   0.405   0.290   0.436
              0.044   0.031   0.023   0.030   0.053
  47  3.784   0.358   0.479   0.562   0.553   0.260   0.429   0.354   0.650
              0.037   0.026   0.013   0.023   0.039
  48  3.773   0.333   0.483   0.226   0.635   0.571   0.666   0.303   0.421
              0.029   0.015   0.013   0.031   0.046
  49  3.760   0.335   0.486   0.444   0.680   0.278   0.510   0.257   0.635
              0.043   0.023   0.022   0.017   0.029
  50  3.797   0.326   0.489   0.554   0.617   0.280   0.441   0.314   0.643
              0.038   0.024   0.011   0.021   0.039
  51  3.798   0.327   0.489   0.565   0.694   0.194   0.439   0.255   0.700
              0.035   0.030   0.016   0.011   0.041
  52  3.784   0.340   0.487   0.558   0.644   0.210   0.447   0.272   0.690
              0.035   0.032   0.015   0.014   0.042
  53  3.768   0.329   0.486   0.401   0.628   0.393   0.547   0.295   0.555
              0.048   0.023   0.009   0.022   0.032
  54  3.762   0.336   0.486   0.188   0.673   0.518   0.704   0.259   0.463
              0.035   0.011   0.016   0.032   0.043

Species: H                   
Atom  Qatom  Qorb
               1s      1s      2Ppy    2Ppz    2Ppx    
  55  1.241   0.907   0.228   0.032   0.031   0.043
  56  1.246   0.908   0.232   0.024   0.038   0.045
  57  1.235   0.886   0.242   0.026   0.036   0.044
  58  1.242   0.909   0.226   0.049   0.038   0.020
  59  1.248   0.911   0.231   0.022   0.034   0.051
  60  1.244   0.912   0.226   0.034   0.039   0.034
  61  1.246   0.895   0.240   0.050   0.034   0.028
  62  1.243   0.877   0.253   0.025   0.034   0.053
  63  1.239   0.885   0.245   0.021   0.033   0.055
  64  1.239   0.906   0.228   0.042   0.037   0.027
  65  1.241   0.907   0.228   0.044   0.035   0.027
  66  1.245   0.907   0.233   0.017   0.035   0.054
  67  1.247   0.889   0.244   0.037   0.033   0.043
  68  1.240   0.907   0.227   0.050   0.037   0.019
  69  1.241   0.906   0.228   0.022   0.036   0.048
  70  1.245   0.907   0.233   0.033   0.034   0.038
  71  1.251   0.892   0.242   0.037   0.032   0.048
  72  1.243   0.865   0.262   0.058   0.034   0.024
  73  1.239   0.893   0.239   0.050   0.034   0.023
  74  1.108   0.979   0.075   0.032   0.013   0.008
  75  1.245   0.882   0.249   0.053   0.034   0.026
  76  1.234   0.899   0.231   0.027   0.036   0.041
  77  1.249   0.903   0.237   0.054   0.030   0.025
  78  1.243   0.906   0.232   0.027   0.039   0.040
  79  1.244   0.828   0.292   0.058   0.040   0.025
  80  1.239   0.899   0.236   0.052   0.033   0.019
  81  1.232   0.867   0.257   0.031   0.033   0.044
  82  1.243   0.899   0.240   0.054   0.032   0.019
  83  1.254   0.887   0.245   0.059   0.035   0.027
  84  1.243   0.905   0.231   0.052   0.033   0.022
  85  1.224   0.876   0.245   0.029   0.031   0.044

mulliken: Qtot =      247.000

Mulliken Atomic Populations:
Atom #   charge [q] valence [e]  Species
     1     0.067172    3.932828  C
     2     0.234836    3.765164  C
     3     0.224549    3.775451  C
     4     0.059414    3.940586  C
     5     0.038820    3.961180  C
     6     0.198655    3.801345  C
     7     0.048605    3.951395  C
     8     0.080992    3.919008  C
     9     0.032086    3.967914  C
    10    -0.022598    4.022598  C
    11     0.235697    3.764303  C
    12     0.243539    3.756461  C
    13     0.231515    3.768485  C
    14     0.226847    3.773153  C
    15     0.218696    3.781304  C
    16     0.248080    3.751920  C
    17    -0.105077    4.105077  C
    18    -0.015521    4.015521  C
    19     0.053496    3.946504  C
    20     0.064707    3.935293  C
    21     0.211887    3.788113  C
    22     0.197692    3.802308  C
    23     0.205460    3.794540  C
    24     0.023514    3.976486  C
    25     0.061815    3.938185  C
    26     0.021301    3.978699  C
    27     0.219646    3.780354  C
    28     0.222627    3.777373  C
    29    -0.013087    4.013087  C
    30     0.039595    3.960405  C
    31     0.049563    3.950437  C
    32     0.048996    3.951004  C
    33     0.041791    3.958209  C
    34     0.212458    3.787542  C
    35     0.233788    3.766212  C
    36     0.240289    3.759711  C
    37     0.204064    3.795936  C
    38     0.212646    3.787354  C
    39     0.232370    3.767630  C
    40     0.240189    3.759811  C
    41     0.203284    3.796716  C
    42    -0.124855    4.124855  C
    43     0.073231    3.926769  C
    44     0.073538    3.926462  C
    45     0.054687    3.945313  C
    46     0.047964    3.952036  C
    47     0.216149    3.783851  C
    48     0.227407    3.772593  C
    49     0.240308    3.759692  C
    50     0.203206    3.796794  C
    51     0.201638    3.798362  C
    52     0.216420    3.783580  C
    53     0.231715    3.768285  C
    54     0.238005    3.761995  C
    55    -0.240641    1.240641  H
    56    -0.246140    1.246140  H
    57    -0.234544    1.234544  H
    58    -0.242035    1.242035  H
    59    -0.247526    1.247526  H
    60    -0.244466    1.244466  H
    61    -0.246189    1.246189  H
    62    -0.242741    1.242741  H
    63    -0.239055    1.239055  H
    64    -0.239427    1.239427  H
    65    -0.240926    1.240926  H
    66    -0.245394    1.245394  H
    67    -0.246678    1.246678  H
    68    -0.240294    1.240294  H
    69    -0.240852    1.240852  H
    70    -0.245281    1.245281  H
    71    -0.250837    1.250837  H
    72    -0.242874    1.242874  H
    73    -0.239061    1.239061  H
    74    -0.107639    1.107639  H
    75    -0.244554    1.244554  H
    76    -0.233985    1.233985  H
    77    -0.249242    1.249242  H
    78    -0.243142    1.243142  H
    79    -0.243907    1.243907  H
    80    -0.239177    1.239177  H
    81    -0.232317    1.232317  H
    82    -0.242923    1.242923  H
    83    -0.254242    1.254242  H
    84    -0.243464    1.243464  H
    85    -0.224256    1.224256  H
--------------------
 Total     0.000000

                     ====================================
                        Begin CG opt. move =     13
                     ====================================

outcoor: Atomic coordinates (Ang):                          
   -2.73922509   -1.51879128    0.65898954   1       1  C
   -2.66496229   -2.86215905    0.05899779   1       2  C
   -1.61079570   -3.28551891   -0.63652558   1       3  C
   -0.52716540   -2.42949292   -0.84750352   1       4  C
   -0.50142082   -1.06205682   -0.40096157   1       5  C
   -1.62431418   -0.69859462    0.38891337   1       6  C
    0.67150266   -3.06665960   -1.21838186   1       7  C
    1.74500904   -2.26061025   -1.68565876   1       8  C
    1.68988238   -0.82879148   -1.52644596   1       9  C
    0.61417899   -0.24254721   -0.77021233   1      10  C
    2.75883458   -2.97847859   -2.36910941   1      11  C
    3.75312114   -2.26080753   -2.91789427   1      12  C
    3.75332761   -0.84832212   -2.81197287   1      13  C
    2.75901495   -0.16572213   -2.15353107   1      14  C
   -1.64406736    4.21124043   -0.91414690   1      15  C
   -2.64592544    3.70941365   -1.67194141   1      16  C
   -2.57991488    2.32707782   -2.06217862   1      17  C
    0.63658356    1.19244689   -0.46262307   1      18  C
   -0.47469665    2.01782703   -0.84987942   1      19  C
   -0.53607346    3.40337454   -0.49091640   1      20  C
   -1.57721657    1.55451960   -1.68932993   1      21  C
    2.97690439    1.23234018    0.52426592   1      22  C
    0.50263404    3.98335018    0.23170493   1      23  C
    4.11350042    1.91308292    1.02640322   1      24  C
    1.62172621    3.25691713    0.53808319   1      25  C
    1.73962151    1.84639498    0.19652013   1      26  C
    2.70810140    3.91885729    1.17612941   1      27  C
    3.88558163    3.30093954    1.39204838   1      28  C
    5.44997714    1.36484981    1.06991043   1      29  C
    5.85572495   -0.03558918    1.15500295   1      30  C
    7.28381351   -0.12703067    0.96454563   1      31  C
    7.79669427    1.19966898    0.75253166   1      32  C
    6.68617921    2.12199100    0.81300844   1      33  C
    5.15907827   -1.24092027    1.37837556   1      34  C
    5.84126337   -2.45879377    1.38155207   1      35  C
    7.22509369   -2.51345770    1.17465766   1      36  C
    7.95169756   -1.33872949    0.96796691   1      37  C
    6.97854970    3.47447031    0.52857906   1      38  C
    8.28375515    3.88694893    0.25921492   1      39  C
    9.33895009    2.96984651    0.24384889   1      40  C
    9.09113573    1.61637179    0.48316027   1      41  C
   -3.97151973   -1.11419491    1.36126044   1      42  C
   -4.69309929    0.05939589    0.82002957   1      43  C
   -5.02638610   -2.11557698    1.56255832   1      44  C
   -6.25453730   -1.66593082    0.95461815   1      45  C
   -6.04841543   -0.32190033    0.50010123   1      46  C
   -5.03199009   -3.39681233    2.13237762   1      47  C
   -6.17684725   -4.19620856    2.08276034   1      48  C
   -7.34869541   -3.73593851    1.46511124   1      49  C
   -7.39103401   -2.46255096    0.90067858   1      50  C
   -6.94323732    0.55372536   -0.09403837   1      51  C
   -4.31759839    1.36976137    0.52560572   1      52  C
   -6.52792099    1.85618574   -0.37304340   1      53  C
   -5.23185902    2.25957061   -0.05400939   1      54  C
   -8.24400808   -4.37503372    1.42899591   2      55  H
   -8.30843830   -2.08326963    0.42582070   2      56  H
   -4.11470009   -3.75788975    2.61647414   2      57  H
   -6.16065389   -5.20220698    2.53073434   2      58  H
   -7.97140095    0.23108798   -0.31863593   2      59  H
   -7.23211529    2.56599337   -0.82958500   2      60  H
   -4.92583287    3.29751982   -0.25313004   2      61  H
   -3.30921541    1.71380461    0.78479764   2      62  H
    4.07581008   -1.22388569    1.55783409   2      63  H
    5.28387286   -3.39353094    1.55045968   2      64  H
    7.75044422   -3.47938681    1.17517213   2      65  H
    9.03838459   -1.36867924    0.80187188   2      66  H
    6.18550789    4.23131402    0.49267059   2      67  H
    8.48447295    4.94991679    0.04719061   2      68  H
   10.36052434    3.30889119    0.02283131   2      69  H
    9.91130797    0.88529866    0.44246329   2      70  H
   -3.49116960   -3.56881198    0.17818317   2      71  H
   -1.63020469    0.31684857    0.81537288   2      72  H
   -1.54137996   -4.29766753   -1.06403413   2      73  H
    0.86715469   -4.54036906   -0.48840246   2      74  H
    2.79396459    0.91883652   -2.10256032   2      75  H
    4.58333038   -0.29452993   -3.27828409   2      76  H
    2.65471106   -4.05944217   -2.41011166   2      77  H
    4.54339798   -2.78308848   -3.43842282   2      78  H
    3.12159991    0.17609056    0.26252975   2      79  H
    2.59001349    4.97557349    1.44398896   2      80  H
    4.69205208    3.86359602    1.85851111   2      81  H
    0.44827655    5.04312100    0.49430813   2      82  H
   -1.52015477    0.50672962   -2.01365935   2      83  H
   -1.61074235    5.26548359   -0.59051814   2      84  H
   -3.49966112    4.32343792   -2.00956788   2      85  H

outcell: Unit cell vectors (Ang):
       30.000000    0.000000    0.000000
        0.000000   20.000000    0.000000
        0.000000    0.000000   20.000000

outcell: Cell vector modules (Ang)   :   30.000000   20.000000   20.000000
outcell: Cell angles (23,13,12) (deg):     90.0000     90.0000     90.0000
outcell: Cell volume (Ang**3)        :  12000.0000
<dSpData1D:S at geom step 13
  <sparsity:sparsity for geom step 13
    nrows_g=857 nrows=857 sparsity=.3986 nnzs=292759, refcount: 7>
  <dData1D:(new from dSpData1D) n=292759, refcount: 1>
refcount: 1>
new_DM -- step:    14
Re-using DM from previous geometries...
Number of DMs in history: 1
 DM extrapolation coefficients: 
1   1.00000
New DM after history re-use:
<dSpData2D:SpM extrapolated using coords
  <sparsity:sparsity for geom step 13
    nrows_g=857 nrows=857 sparsity=.3986 nnzs=292759, refcount: 9>
  <dData2D:(temp array for extrapolation) n=292759 m=1, refcount: 1>
refcount: 1>
No. of atoms with KB's overlaping orbs in proc 0. Max # of overlaps:      85     203

InitMesh: MESH = 192 x 128 x 128 = 3145728
InitMesh: Mesh cutoff (required, used) =   100.000   113.204 Ry
New grid distribution [1]: sub = 2

        iscf     Eharris(eV)        E_KS(eV)     FreeEng(eV)     dDmax    Ef(eV) dHmax(eV)
   scf:    1    -8837.204396    -8841.378959    -8841.434423  0.171489 -4.070287  5.841589
   scf:    2    -8576.111410    -8759.241146    -8759.276989  0.314636 -3.453759 37.507592
   scf:    3    -8872.991763    -8837.060448    -8837.096286  0.314846 -4.251321 12.334825
   scf:    4    -8839.458828    -8838.292169    -8838.328067  0.030515 -4.218815 10.791367
   scf:    5    -8807.336314    -8835.420167    -8835.462637  0.746442 -4.083264 14.422551
   scf:    6    -8821.608268    -8839.833404    -8839.870749  0.720925 -4.151513  9.046004
   scf:    7    -8838.537604    -8839.332820    -8839.372442  0.062307 -4.108513 10.656581
   scf:    8    -8844.908243    -8843.383662    -8843.440453  0.220410 -4.114118  2.488694
   scf:    9    -8842.586460    -8843.393576    -8843.453966  0.153335 -4.104937  2.094498
mix: Pulay -- resetting history
mix: switching mixer --> Linear-Kick
   scf:   10    -8842.956690    -8843.380502    -8843.442664  0.080145 -4.112469  1.591731
mix: switching mixer --> Pulay
   scf:   11    -8826.323609    -8838.442328    -8838.480014  0.181869 -4.427920  8.369391
   scf:   12    -8834.267744    -8839.653499    -8839.692804  0.287478 -4.112743  9.722664
   scf:   13    -8844.883613    -8843.297244    -8843.353983  0.200418 -4.117904  2.856415
   scf:   14    -8842.477297    -8843.370836    -8843.433640  0.162353 -4.109423  2.134192
   scf:   15    -8843.023960    -8843.496849    -8843.554425  0.091615 -4.115494  1.149062
   scf:   16    -8843.593064    -8843.600340    -8843.660898  0.033406 -4.116155  0.385263
   scf:   17    -8843.522206    -8843.569294    -8843.628982  0.020397 -4.119571  1.001749
   scf:   18    -8843.589656    -8843.604820    -8843.665760  0.037879 -4.117981  0.152911
   scf:   19    -8843.602174    -8843.605323    -8843.665978  0.010015 -4.119313  0.148973
mix: Pulay -- resetting history
mix: switching mixer --> Linear-Kick
   scf:   20    -8843.605749    -8843.605555    -8843.666259  0.000866 -4.119493  0.121471
mix: switching mixer --> Pulay
   scf:   21    -8840.792060    -8842.677213    -8842.738482  0.165204 -4.108845  4.879860
   scf:   22    -8843.578838    -8843.605341    -8843.666160  0.164728 -4.119279  0.099888
   scf:   23    -8843.606174    -8843.605997    -8843.666800  0.002648 -4.119127  0.027392
   scf:   24    -8843.605923    -8843.605967    -8843.666754  0.000550 -4.119250  0.044073
   scf:   25    -8843.606020    -8843.606002    -8843.666808  0.000770 -4.119302  0.021949
   scf:   26    -8843.605964    -8843.605996    -8843.666825  0.000911 -4.119307  0.004921
   scf:   27    -8843.606007    -8843.606002    -8843.666826  0.000175 -4.119337  0.000688
   scf:   28    -8843.606002    -8843.606002    -8843.666826  0.000016 -4.119359  0.000390
   scf:   29    -8843.606001    -8843.606002    -8843.666826  0.000014 -4.119361  0.000064
mix: Pulay -- resetting history
mix: switching mixer --> Linear-Kick
   scf:   30    -8843.606002    -8843.606002    -8843.666826  0.000004 -4.119361  0.000008

SCF Convergence by DM+H criterion
max |DM_out - DM_in|         :     0.0000037087
max |H_out - H_in|      (eV) :     0.0000079475
SCF cycle converged after 30 iterations

Using DM_out to compute the final energy and forces
No. of atoms with KB's overlaping orbs in proc 0. Max # of overlaps:      85     203

siesta: E_KS(eV) =            -8843.6060

siesta: Atomic forces (eV/Ang):
     1    0.403817   -0.855058    0.096344
     2   -2.019622    0.551192    1.511855
     3    0.241058   -0.661635   -0.373446
     4    2.064176   -1.300303    0.258445
     5   -0.603131   -0.313604   -0.462202
     6   -0.302358    1.071035    0.508536
     7    0.314646   -1.657174    1.984138
     8   -0.992270   -2.036893    0.694026
     9   -0.632992   -1.026901    0.212418
    10    0.414011    0.286508   -0.209289
    11   -0.875021    0.224636    0.948153
    12    1.283725    0.489165   -0.676142
    13    0.684886    0.143142   -0.388419
    14    0.171835    0.784855   -0.158482
    15    1.255695    0.693286    0.773382
    16   -1.546234   -1.017361   -1.225769
    17   -1.275971    2.087193   -0.082336
    18   -0.303033    0.324564    0.063651
    19   -0.495766   -0.150299   -0.158725
    20   -0.683355    0.062859   -0.255471
    21    1.942378   -1.918695    0.418879
    22    0.445829   -0.810997    0.078226
    23   -0.527611    0.388319   -0.084025
    24   -0.380849    0.675665    0.130625
    25    0.680431   -0.480014    0.176285
    26    0.281049    0.353546    0.184049
    27   -0.411141    0.394756   -0.083335
    28    1.219700   -0.622905    0.065003
    29    0.083426   -0.127322   -0.345352
    30    0.373181   -0.214824   -0.148859
    31   -0.671283    0.095301    0.109099
    32   -0.566892    0.450232    0.097999
    33    0.364887   -0.135786    0.060503
    34   -0.540715    0.438566    0.032660
    35   -0.198917   -0.400290    0.062733
    36    0.184060   -0.440613    0.006846
    37    0.415855   -0.136057   -0.017190
    38   -0.725337    0.162745    0.110246
    39    0.134784    0.379091   -0.096895
    40    0.402667    0.173658   -0.094019
    41    0.383726   -0.207068   -0.032480
    42   -0.172868   -0.404760   -1.792845
    43   -0.583000    0.060012    0.049350
    44   -0.619435   -0.091223   -0.241164
    45    0.485471   -0.102941    0.564169
    46    0.533408    0.309400    0.372746
    47    0.706379   -0.033521    0.161377
    48    0.001532   -0.374422    0.189206
    49   -0.327158   -0.380550    0.070108
    50   -0.346120    0.181014   -0.131248
    51   -0.407298   -0.071276   -0.073611
    52    0.686016    0.103675    0.154698
    53   -0.299367    0.378454   -0.210394
    54    0.141894    0.433887   -0.106254
    55   -0.045915   -0.104272    0.029183
    56   -0.116595   -0.015821   -0.065896
    57    0.124403   -0.197743    0.176663
    58    0.028169   -0.037855    0.051230
    59   -0.097414   -0.029738   -0.083205
    60   -0.055139    0.118850   -0.059536
    61    0.065194    0.059800    0.038316
    62    0.182050    0.230973    0.009122
    63   -0.201793   -0.067705    0.069347
    64   -0.066892   -0.025849    0.008791
    65   -0.002283   -0.146756    0.014725
    66    0.150174   -0.062449    0.002598
    67   -0.193572    0.104656   -0.017507
    68   -0.030289    0.024639   -0.002113
    69    0.136254    0.062540   -0.017481
    70    0.128016   -0.089141   -0.009044
    71   -0.436711    0.045546    0.159732
    72    0.094902    0.049193    0.091816
    73   -0.136413   -0.075788    0.061547
    74   -0.459124    3.647837   -2.628934
    75    0.067071    0.615232   -0.092297
    76   -0.014424    0.126595   -0.017914
    77    0.135249   -0.528174   -0.122945
    78    0.721015   -0.174620   -0.500027
    79   -0.077921   -0.124248   -0.044481
    80   -0.090164    0.230266    0.130830
    81    0.387666    0.143848    0.298496
    82   -0.007299    0.374991    0.140487
    83    0.100636   -0.282995   -0.260769
    84   -0.204090    0.159256   -0.074366
    85    0.014109    0.164948    0.108864
----------------------------------------
   Tot   -0.108355   -0.079722    0.093034
----------------------------------------
   Max    3.647837
   Res    0.620247    sqrt( Sum f_i^2 / 3N )
----------------------------------------
   Max    3.647837    constrained

Stress tensor Voigt[x,y,z,yz,xz,xy] (kbar):       -3.34       -2.60       -0.43        0.05        0.40       -0.29
(Free)E + p*V (eV/cell)    -8827.7509
Target enthalpy (eV/cell)    -8843.6593

mulliken: Atomic and Orbital Populations:

Species: C                   
Atom  Qatom  Qorb
               2s      2s      2py     2pz     2px     2py     2pz     2px     
               3Pdxy   3Pdyz   3Pdz2   3Pdxz   3Pdx2-y2
   1  3.936   0.465   0.440   0.514   0.613   0.537   0.446   0.295   0.436
              0.048   0.032   0.029   0.030   0.052
   2  3.765   0.320   0.494   0.386   0.660   0.372   0.537   0.285   0.578
              0.042   0.024   0.024   0.014   0.028
   3  3.780   0.312   0.495   0.213   0.610   0.638   0.682   0.327   0.369
              0.032   0.017   0.018   0.028   0.039
   4  3.935   0.393   0.468   0.512   0.644   0.529   0.474   0.263   0.461
              0.058   0.033   0.018   0.030   0.051
   5  3.964   0.429   0.456   0.527   0.596   0.588   0.451   0.333   0.393
              0.045   0.038   0.031   0.030   0.046
   6  3.802   0.354   0.482   0.220   0.589   0.637   0.676   0.338   0.373
              0.027   0.020   0.019   0.025   0.042
   7  3.950   0.682   0.363   0.480   0.717   0.684   0.357   0.203   0.333
              0.037   0.017   0.012   0.029   0.038
   8  3.920   0.413   0.460   0.492   0.605   0.558   0.482   0.319   0.405
              0.055   0.040   0.024   0.024   0.043
   9  3.967   0.429   0.455   0.514   0.617   0.585   0.462   0.325   0.390
              0.046   0.036   0.035   0.026   0.047
  10  4.023   0.466   0.442   0.563   0.674   0.577   0.425   0.289   0.402
              0.046   0.039   0.027   0.024   0.048
  11  3.761   0.305   0.499   0.121   0.681   0.621   0.770   0.268   0.366
              0.028   0.016   0.024   0.023   0.041
  12  3.758   0.302   0.497   0.442   0.568   0.375   0.532   0.352   0.554
              0.043   0.033   0.013   0.012   0.035
  13  3.769   0.335   0.485   0.442   0.612   0.364   0.524   0.317   0.555
              0.041   0.034   0.015   0.011   0.033
  14  3.775   0.323   0.494   0.122   0.625   0.616   0.770   0.307   0.376
              0.026   0.017   0.027   0.026   0.045
  15  3.782   0.329   0.490   0.169   0.660   0.633   0.713   0.294   0.360
              0.028   0.018   0.024   0.023   0.042
  16  3.752   0.336   0.491   0.409   0.573   0.299   0.560   0.338   0.603
              0.048   0.032   0.021   0.013   0.030
  17  4.103   0.722   0.340   0.691   0.831   0.882   0.291   0.097   0.122
              0.030   0.029   0.014   0.015   0.038
  18  4.017   0.470   0.442   0.568   0.659   0.574   0.423   0.285   0.411
              0.048   0.038   0.024   0.026   0.048
  19  3.944   0.463   0.445   0.516   0.611   0.536   0.463   0.320   0.403
              0.046   0.037   0.029   0.029   0.045
  20  3.934   0.410   0.461   0.509   0.636   0.557   0.470   0.300   0.406
              0.049   0.038   0.028   0.024   0.046
  21  3.792   0.308   0.503   0.152   0.576   0.618   0.754   0.352   0.383
              0.025   0.020   0.020   0.027   0.055
  22  3.804   0.354   0.486   0.203   0.651   0.607   0.700   0.262   0.405
              0.031   0.013   0.015   0.031   0.045
  23  3.796   0.305   0.505   0.147   0.679   0.674   0.738   0.265   0.351
              0.029   0.015   0.020   0.026   0.043
  24  3.977   0.429   0.454   0.543   0.657   0.576   0.432   0.266   0.429
              0.050   0.032   0.017   0.038   0.053
  25  3.937   0.393   0.468   0.510   0.627   0.586   0.467   0.299   0.402
              0.051   0.035   0.022   0.029   0.049
  26  3.979   0.439   0.449   0.538   0.651   0.587   0.445   0.290   0.394
              0.049   0.030   0.026   0.030   0.049
  27  3.781   0.315   0.496   0.170   0.673   0.632   0.717   0.260   0.383
              0.031   0.011   0.015   0.032   0.045
  28  3.777   0.332   0.487   0.460   0.592   0.362   0.501   0.322   0.590
              0.042   0.025   0.009   0.020   0.035
  29  4.015   0.484   0.439   0.587   0.712   0.587   0.415   0.206   0.408
              0.051   0.032   0.008   0.036   0.050
  30  3.960   0.445   0.445   0.535   0.694   0.533   0.436   0.243   0.451
              0.049   0.037   0.010   0.028   0.054
  31  3.950   0.418   0.458   0.567   0.665   0.534   0.426   0.252   0.450
              0.050   0.038   0.009   0.030   0.053
  32  3.951   0.419   0.458   0.561   0.666   0.543   0.433   0.253   0.438
              0.052   0.033   0.010   0.034   0.051
  33  3.958   0.453   0.442   0.526   0.698   0.534   0.447   0.241   0.440
              0.054   0.034   0.011   0.030   0.048
  34  3.788   0.343   0.484   0.585   0.701   0.147   0.434   0.217   0.742
              0.032   0.036   0.006   0.009   0.052
  35  3.767   0.333   0.485   0.253   0.721   0.444   0.663   0.214   0.522
              0.049   0.016   0.006   0.026   0.036
  36  3.761   0.336   0.486   0.233   0.714   0.457   0.679   0.205   0.516
              0.047   0.015   0.008   0.028   0.037
  37  3.797   0.326   0.490   0.596   0.721   0.135   0.433   0.212   0.750
              0.033   0.035   0.005   0.009   0.051
  38  3.788   0.339   0.485   0.378   0.713   0.353   0.578   0.210   0.596
              0.052   0.023   0.010   0.020   0.031
  39  3.769   0.334   0.484   0.159   0.711   0.549   0.729   0.224   0.446
              0.034   0.010   0.007   0.032   0.050
  40  3.761   0.335   0.486   0.529   0.692   0.183   0.464   0.223   0.715
              0.038   0.031   0.007   0.012   0.045
  41  3.797   0.327   0.489   0.383   0.730   0.340   0.573   0.209   0.614
              0.051   0.023   0.008   0.019   0.032
  42  4.119   0.574   0.405   0.668   0.771   0.656   0.340   0.185   0.343
              0.051   0.029   0.022   0.034   0.041
  43  3.928   0.450   0.445   0.496   0.659   0.519   0.462   0.265   0.450
              0.051   0.034   0.019   0.029   0.050
  44  3.929   0.458   0.443   0.527   0.604   0.519   0.421   0.320   0.451
              0.049   0.032   0.024   0.034   0.046
  45  3.944   0.419   0.458   0.583   0.639   0.533   0.406   0.287   0.436
              0.045   0.031   0.022   0.032   0.054
  46  3.951   0.416   0.457   0.582   0.651   0.533   0.405   0.289   0.437
              0.044   0.031   0.023   0.030   0.053
  47  3.784   0.359   0.479   0.562   0.552   0.261   0.429   0.354   0.649
              0.037   0.026   0.013   0.024   0.039
  48  3.774   0.334   0.483   0.226   0.635   0.572   0.665   0.303   0.421
              0.030   0.015   0.013   0.031   0.046
  49  3.760   0.336   0.485   0.445   0.679   0.279   0.510   0.257   0.634
              0.043   0.023   0.022   0.017   0.029
  50  3.797   0.327   0.489   0.555   0.617   0.281   0.440   0.314   0.642
              0.038   0.024   0.011   0.021   0.039
  51  3.799   0.328   0.489   0.566   0.694   0.195   0.439   0.255   0.699
              0.035   0.030   0.016   0.011   0.041
  52  3.784   0.341   0.486   0.558   0.643   0.210   0.447   0.272   0.689
              0.035   0.032   0.015   0.014   0.042
  53  3.769   0.330   0.486   0.402   0.628   0.394   0.546   0.295   0.555
              0.048   0.023   0.009   0.022   0.032
  54  3.763   0.337   0.485   0.189   0.674   0.518   0.702   0.258   0.463
              0.035   0.011   0.016   0.032   0.043

Species: H                   
Atom  Qatom  Qorb
               1s      1s      2Ppy    2Ppz    2Ppx    
  55  1.240   0.907   0.227   0.032   0.031   0.042
  56  1.245   0.908   0.231   0.024   0.038   0.045
  57  1.234   0.886   0.242   0.026   0.036   0.044
  58  1.241   0.909   0.226   0.049   0.038   0.020
  59  1.247   0.911   0.230   0.022   0.033   0.051
  60  1.244   0.912   0.225   0.034   0.039   0.034
  61  1.245   0.895   0.240   0.050   0.034   0.028
  62  1.242   0.877   0.253   0.025   0.034   0.053
  63  1.239   0.885   0.245   0.021   0.033   0.055
  64  1.239   0.906   0.227   0.042   0.037   0.027
  65  1.240   0.907   0.227   0.044   0.035   0.027
  66  1.245   0.907   0.232   0.017   0.035   0.054
  67  1.246   0.889   0.243   0.037   0.033   0.043
  68  1.240   0.908   0.226   0.050   0.037   0.019
  69  1.240   0.907   0.228   0.022   0.036   0.048
  70  1.245   0.907   0.232   0.033   0.034   0.038
  71  1.250   0.892   0.242   0.037   0.032   0.048
  72  1.242   0.865   0.261   0.058   0.034   0.024
  73  1.239   0.894   0.238   0.050   0.034   0.023
  74  1.107   0.965   0.085   0.034   0.014   0.009
  75  1.245   0.882   0.249   0.053   0.034   0.026
  76  1.233   0.898   0.231   0.027   0.036   0.041
  77  1.250   0.903   0.236   0.054   0.030   0.026
  78  1.243   0.906   0.232   0.027   0.039   0.040
  79  1.243   0.828   0.292   0.059   0.040   0.025
  80  1.239   0.899   0.236   0.052   0.033   0.019
  81  1.232   0.866   0.257   0.031   0.033   0.044
  82  1.243   0.899   0.240   0.054   0.032   0.019
  83  1.253   0.887   0.244   0.060   0.035   0.027
  84  1.243   0.906   0.230   0.052   0.033   0.022
  85  1.223   0.876   0.244   0.029   0.030   0.043

mulliken: Qtot =      247.000

Mulliken Atomic Populations:
Atom #   charge [q] valence [e]  Species
     1     0.064375    3.935625  C
     2     0.235203    3.764797  C
     3     0.220212    3.779788  C
     4     0.065487    3.934513  C
     5     0.036213    3.963787  C
     6     0.198171    3.801829  C
     7     0.049710    3.950290  C
     8     0.080351    3.919649  C
     9     0.033244    3.966756  C
    10    -0.023087    4.023087  C
    11     0.238525    3.761475  C
    12     0.241976    3.758024  C
    13     0.230945    3.769055  C
    14     0.225481    3.774519  C
    15     0.217928    3.782072  C
    16     0.247775    3.752225  C
    17    -0.102580    4.102580  C
    18    -0.016792    4.016792  C
    19     0.056226    3.943774  C
    20     0.065634    3.934366  C
    21     0.207902    3.792098  C
    22     0.196391    3.803609  C
    23     0.203928    3.796072  C
    24     0.022879    3.977121  C
    25     0.062844    3.937156  C
    26     0.021363    3.978637  C
    27     0.218918    3.781082  C
    28     0.222976    3.777024  C
    29    -0.015085    4.015085  C
    30     0.039803    3.960197  C
    31     0.049650    3.950350  C
    32     0.049270    3.950730  C
    33     0.041924    3.958076  C
    34     0.211904    3.788096  C
    35     0.232631    3.767369  C
    36     0.239406    3.760594  C
    37     0.203412    3.796588  C
    38     0.211849    3.788151  C
    39     0.231153    3.768847  C
    40     0.239335    3.760665  C
    41     0.202643    3.797357  C
    42    -0.119002    4.119002  C
    43     0.072023    3.927977  C
    44     0.071229    3.928771  C
    45     0.055787    3.944213  C
    46     0.048873    3.951127  C
    47     0.215733    3.784267  C
    48     0.226491    3.773509  C
    49     0.239722    3.760278  C
    50     0.202548    3.797452  C
    51     0.201075    3.798925  C
    52     0.215617    3.784383  C
    53     0.231044    3.768956  C
    54     0.236842    3.763158  C
    55    -0.239851    1.239851  H
    56    -0.245448    1.245448  H
    57    -0.234048    1.234048  H
    58    -0.241168    1.241168  H
    59    -0.246856    1.246856  H
    60    -0.243756    1.243756  H
    61    -0.245391    1.245391  H
    62    -0.242027    1.242027  H
    63    -0.238626    1.238626  H
    64    -0.238961    1.238961  H
    65    -0.240453    1.240453  H
    66    -0.244986    1.244986  H
    67    -0.246112    1.246112  H
    68    -0.239683    1.239683  H
    69    -0.240382    1.240382  H
    70    -0.244862    1.244862  H
    71    -0.250346    1.250346  H
    72    -0.242494    1.242494  H
    73    -0.238596    1.238596  H
    74    -0.107008    1.107008  H
    75    -0.244552    1.244552  H
    76    -0.233074    1.233074  H
    77    -0.249913    1.249913  H
    78    -0.243443    1.243443  H
    79    -0.242739    1.242739  H
    80    -0.238928    1.238928  H
    81    -0.231822    1.231822  H
    82    -0.242962    1.242962  H
    83    -0.253372    1.253372  H
    84    -0.242846    1.242846  H
    85    -0.223369    1.223369  H
--------------------
 Total    -0.000000

                     ====================================
                        Begin CG opt. move =     14
                     ====================================

outcoor: Atomic coordinates (Ang):                          
   -2.74094713   -1.51522923    0.66467265   1       1  C
   -2.66424307   -2.86394182    0.05874839   1       2  C
   -1.61689142   -3.28640801   -0.63389953   1       3  C
   -0.53367052   -2.42894379   -0.84229004   1       4  C
   -0.50182484   -1.05580627   -0.40237104   1       5  C
   -1.62552740   -0.69930406    0.38906680   1       6  C
    0.67820363   -3.08665960   -1.21350488   1       7  C
    1.73867446   -2.26568821   -1.68125460   1       8  C
    1.69175092   -0.82156030   -1.52694233   1       9  C
    0.61203482   -0.23826771   -0.76790471   1      10  C
    2.76786374   -2.98109036   -2.37307099   1      11  C
    3.75681160   -2.26093585   -2.91988498   1      12  C
    3.75275999   -0.84809734   -2.81151509   1      13  C
    2.76070778   -0.16310109   -2.15476123   1      14  C
   -1.65216240    4.21247233   -0.91949455   1      15  C
   -2.64318226    3.71363047   -1.66906689   1      16  C
   -2.57321123    2.32012582   -2.05986507   1      17  C
    0.63781023    1.18880678   -0.46287207   1      18  C
   -0.47296337    2.01586268   -0.84829212   1      19  C
   -0.53567294    3.40293579   -0.49014369   1      20  C
   -1.58593535    1.55625687   -1.69535873   1      21  C
    2.97771159    1.23264888    0.52532078   1      22  C
    0.50334408    3.98460960    0.23261512   1      23  C
    4.11780055    1.90956831    1.02648751   1      24  C
    1.62132279    3.25762634    0.53826211   1      25  C
    1.73995282    1.84394915    0.19580038   1      26  C
    2.71055593    3.91962165    1.17707585   1      27  C
    3.88624945    3.30262341    1.39219269   1      28  C
    5.44856458    1.36529848    1.06774943   1      29  C
    5.85227190   -0.03257183    1.15492086   1      30  C
    7.28589077   -0.12706538    0.96437654   1      31  C
    7.79816160    1.19842644    0.75259158   1      32  C
    6.68148269    2.12264585    0.81430421   1      33  C
    5.15890329   -1.24142191    1.37841209   1      34  C
    5.84155925   -2.45858847    1.38144035   1      35  C
    7.22457080   -2.51370058    1.17475755   1      36  C
    7.95180678   -1.33941420    0.96812734   1      37  C
    6.97861457    3.47481678    0.52867050   1      38  C
    8.28372869    3.88640791    0.25919690   1      39  C
    9.33890375    2.97019815    0.24379691   1      40  C
    9.09157128    1.61665596    0.48302366   1      41  C
   -3.97380997   -1.11857111    1.34980465   1      42  C
   -4.68916765    0.05984967    0.82315755   1      43  C
   -5.02158994   -2.11471800    1.56453958   1      44  C
   -6.25610250   -1.66517528    0.95498165   1      45  C
   -6.04990826   -0.32169671    0.50036628   1      46  C
   -5.03166011   -3.39753283    2.13233949   1      47  C
   -6.17679769   -4.19590397    2.08261579   1      48  C
   -7.34837442   -3.73610411    1.46544265   1      49  C
   -7.39143352   -2.46330219    0.90091795   1      50  C
   -6.94332059    0.55438291   -0.09423858   1      51  C
   -4.31718198    1.37023106    0.52520840   1      52  C
   -6.52758627    1.85663778   -0.37297144   1      53  C
   -5.23240545    2.25932254   -0.05431984   1      54  C
   -8.24539949   -4.37620316    1.42903339   2      55  H
   -8.30993602   -2.08274103    0.42496670   2      56  H
   -4.11324146   -3.75868218    2.61763185   2      57  H
   -6.16054847   -5.20380946    2.53155195   2      58  H
   -7.97303405    0.23045089   -0.31917374   2      59  H
   -7.23321818    2.56724606   -0.83034955   2      60  H
   -4.92511348    3.29925688   -0.25324955   2      61  H
   -3.30735056    1.71480623    0.78531468   2      62  H
    4.07357234   -1.22383821    1.55833843   2      63  H
    5.28284317   -3.39491799    1.55071920   2      64  H
    7.75117319   -3.48115417    1.17522342   2      65  H
    9.04014385   -1.36878910    0.80167589   2      66  H
    6.18333524    4.23263722    0.49264879   2      67  H
    8.48466363    4.95154223    0.04688205   2      68  H
   10.36235452    3.30948012    0.02250416   2      69  H
    9.91260337    0.88407175    0.44242573   2      70  H
   -3.49382709   -3.56962989    0.17890930   2      71  H
   -1.62970735    0.31841457    0.81632150   2      72  H
   -1.54126911   -4.29937978   -1.06456486   2      73  H
    0.86573946   -4.52929594   -0.49680477   2      74  H
    2.79373839    0.92089254   -2.10261574   2      75  H
    4.58451928   -0.29326581   -3.27904753   2      76  H
    2.65407830   -4.06112986   -2.40997789   2      77  H
    4.54508195   -2.78387087   -3.43965386   2      78  H
    3.12155150    0.17337700    0.26177009   2      79  H
    2.58932011    4.97721719    1.44457277   2      80  H
    4.69433411    3.86455416    1.86007371   2      81  H
    0.44816382    5.04479888    0.49491459   2      82  H
   -1.51918984    0.50429655   -2.01461922   2      83  H
   -1.61089136    5.26726787   -0.59004020   2      84  H
   -3.50115525    4.32558251   -2.00955587   2      85  H

outcell: Unit cell vectors (Ang):
       30.000000    0.000000    0.000000
        0.000000   20.000000    0.000000
        0.000000    0.000000   20.000000

outcell: Cell vector modules (Ang)   :   30.000000   20.000000   20.000000
outcell: Cell angles (23,13,12) (deg):     90.0000     90.0000     90.0000
outcell: Cell volume (Ang**3)        :  12000.0000
<dSpData1D:S at geom step 14
  <sparsity:sparsity for geom step 14
    nrows_g=857 nrows=857 sparsity=.3980 nnzs=292285, refcount: 7>
  <dData1D:(new from dSpData1D) n=292285, refcount: 1>
refcount: 1>
new_DM -- step:    15
Re-using DM from previous geometries...
Number of DMs in history: 1
 DM extrapolation coefficients: 
1   1.00000
New DM after history re-use:
<dSpData2D:SpM extrapolated using coords
  <sparsity:sparsity for geom step 14
    nrows_g=857 nrows=857 sparsity=.3980 nnzs=292285, refcount: 9>
  <dData2D:(temp array for extrapolation) n=292285 m=1, refcount: 1>
refcount: 1>
No. of atoms with KB's overlaping orbs in proc 0. Max # of overlaps:      85     201

InitMesh: MESH = 192 x 128 x 128 = 3145728
InitMesh: Mesh cutoff (required, used) =   100.000   113.204 Ry
New grid distribution [1]: sub = 2

        iscf     Eharris(eV)        E_KS(eV)     FreeEng(eV)     dDmax    Ef(eV) dHmax(eV)
   scf:    1    -8837.457841    -8841.462964    -8841.518361  0.174501 -4.066693  5.848948
   scf:    2    -8582.528646    -8761.190730    -8761.226571  0.314106 -3.438016 37.478961
   scf:    3    -8872.240287    -8837.058507    -8837.094346  0.315178 -4.230124 12.393808
   scf:    4    -8839.462963    -8838.293287    -8838.329181  0.029827 -4.199983 10.843462
   scf:    5    -8806.787835    -8835.295725    -8835.336177  0.752202 -4.074512 14.455206
   scf:    6    -8824.627768    -8840.513259    -8840.552655  0.698727 -4.134760  8.076672
   scf:    7    -8838.201896    -8839.567563    -8839.607614  0.070578 -4.104897 10.348685
   scf:    8    -8844.554379    -8843.495096    -8843.553675  0.247020 -4.108408  1.663185
   scf:    9    -8841.302966    -8842.983465    -8843.043549  0.185517 -4.096639  3.813266
mix: Pulay -- resetting history
mix: switching mixer --> Linear-Kick
   scf:   10    -8843.325927    -8843.291189    -8843.353729  0.061068 -4.104093  2.302838
mix: switching mixer --> Pulay
   scf:   11    -8816.271630    -8835.411680    -8835.447519  0.355442 -4.306087 14.172690
   scf:   12    -8839.480654    -8839.372286    -8839.411349  0.169164 -4.105304 10.111424
   scf:   13    -8843.859710    -8842.145637    -8842.193205  0.110254 -4.117716  6.198669
   scf:   14    -8843.144395    -8842.675654    -8842.726926  0.038813 -4.116531  4.946732
   scf:   15    -8843.148408    -8842.927216    -8842.980151  0.025783 -4.116257  4.185086
   scf:   16    -8843.305766    -8843.569134    -8843.630858  0.154512 -4.110173  0.614272
   scf:   17    -8843.538575    -8843.557936    -8843.619470  0.010762 -4.109569  0.909950
   scf:   18    -8843.130174    -8843.480079    -8843.538496  0.087431 -4.116622  1.734772
   scf:   19    -8843.620876    -8843.590130    -8843.650608  0.047222 -4.114345  0.290887
mix: Pulay -- resetting history
mix: switching mixer --> Linear-Kick
   scf:   20    -8843.577519    -8843.589813    -8843.650865  0.018466 -4.113676  0.272186
mix: switching mixer --> Pulay
   scf:   21    -8836.680045    -8841.341642    -8841.385045  0.251767 -4.122928  7.681268
   scf:   22    -8843.545964    -8843.592464    -8843.653292  0.246315 -4.113674  0.100140
   scf:   23    -8843.593063    -8843.592941    -8843.653747  0.002847 -4.113865  0.019606
   scf:   24    -8843.592796    -8843.592960    -8843.653690  0.002237 -4.114057  0.050149
   scf:   25    -8843.592963    -8843.592963    -8843.653676  0.000156 -4.114351  0.052344
   scf:   26    -8843.592737    -8843.592963    -8843.653754  0.002587 -4.114302  0.025506
   scf:   27    -8843.593040    -8843.593013    -8843.653779  0.000789 -4.114354  0.001205
   scf:   28    -8843.593008    -8843.593011    -8843.653779  0.000092 -4.114353  0.003448
   scf:   29    -8843.593019    -8843.593015    -8843.653780  0.000129 -4.114358  0.000728
mix: Pulay -- resetting history
mix: switching mixer --> Linear-Kick
   scf:   30    -8843.593016    -8843.593016    -8843.653780  0.000002 -4.114359  0.000892
mix: switching mixer --> Pulay
   scf:   31    -8843.592794    -8843.592931    -8843.653730  0.001207 -4.114288  0.035681
   scf:   32    -8843.593050    -8843.593015    -8843.653780  0.001177 -4.114357  0.000154
   scf:   33    -8843.593015    -8843.593015    -8843.653780  0.000006 -4.114358  0.000111
   scf:   34    -8843.593015    -8843.593015    -8843.653780  0.000002 -4.114358  0.000148
   scf:   35    -8843.593015    -8843.593015    -8843.653780  0.000005 -4.114359  0.000053
   scf:   36    -8843.593015    -8843.593015    -8843.653780  0.000002 -4.114359  0.000028

SCF Convergence by DM+H criterion
max |DM_out - DM_in|         :     0.0000018045
max |H_out - H_in|      (eV) :     0.0000279665
SCF cycle converged after 36 iterations

Using DM_out to compute the final energy and forces
No. of atoms with KB's overlaping orbs in proc 0. Max # of overlaps:      85     201

siesta: E_KS(eV) =            -8843.5930

siesta: Atomic forces (eV/Ang):
     1    0.610242   -1.172444   -0.175687
     2   -2.478393    0.743991    1.830926
     3    0.653923   -0.762704   -0.619889
     4    2.686709   -1.535267    0.081110
     5   -0.730719   -0.691308   -0.450492
     6   -0.298505    1.288310    0.588247
     7   -0.309917   -1.221434    2.220386
     8   -0.441131   -1.899727    0.424292
     9   -0.900951   -1.511847    0.318450
    10    0.639335    0.097151   -0.387996
    11   -1.424847    0.342716    1.286592
    12    1.296741    0.561294   -0.679480
    13    0.826007    0.189219   -0.472265
    14    0.139277    0.766848   -0.141129
    15    1.970897    0.862146    1.262121
    16   -2.096716   -1.395038   -1.664689
    17   -2.105463    2.953216   -0.327544
    18   -0.416001    0.608679    0.100169
    19   -0.609727   -0.055977   -0.221195
    20   -0.784504    0.064475   -0.324693
    21    2.932369   -2.602020    0.833327
    22    0.481980   -0.956556    0.042926
    23   -0.645049    0.384938   -0.141065
    24   -0.686027    0.949153    0.141523
    25    0.802367   -0.581104    0.195402
    26    0.320804    0.516043    0.247936
    27   -0.587238    0.422425   -0.139091
    28    1.391527   -0.785690    0.074931
    29    0.187826   -0.179574   -0.301863
    30    0.582586   -0.412189   -0.166797
    31   -0.864553    0.107960    0.133315
    32   -0.713758    0.574943    0.111088
    33    0.647315   -0.161945    0.006833
    34   -0.619707    0.538378    0.035262
    35   -0.251840   -0.472079    0.079025
    36    0.244885   -0.503145    0.002431
    37    0.475637   -0.125211   -0.026687
    38   -0.848041    0.168355    0.125351
    39    0.150960    0.468185   -0.111115
    40    0.476134    0.182448   -0.107419
    41    0.423639   -0.252375   -0.031183
    42   -0.123073   -0.239644   -1.542130
    43   -0.853908    0.064616   -0.091272
    44   -0.950033   -0.180756   -0.356005
    45    0.617634   -0.151096    0.634679
    46    0.671756    0.352106    0.420161
    47    0.806699   -0.002436    0.186905
    48    0.006531   -0.450000    0.230166
    49   -0.400951   -0.435131    0.064163
    50   -0.379559    0.247771   -0.162211
    51   -0.467434   -0.114915   -0.074343
    52    0.778138    0.097688    0.197864
    53   -0.370099    0.419197   -0.250353
    54    0.199073    0.517366   -0.106028
    55    0.010305   -0.068789    0.032721
    56   -0.068863   -0.042954   -0.038257
    57    0.080685   -0.196648    0.154436
    58    0.027867    0.028978    0.022637
    59   -0.039961   -0.005286   -0.073122
    60   -0.013645    0.082137   -0.034655
    61    0.042479   -0.009379    0.049864
    62    0.129827    0.225439   -0.013057
    63   -0.134987   -0.082255    0.058321
    64   -0.031171    0.032630   -0.001545
    65   -0.036751   -0.090640    0.014975
    66    0.095998   -0.068880    0.012030
    67   -0.127983    0.064029   -0.019769
    68   -0.043957   -0.045230    0.011489
    69    0.074783    0.046538   -0.005346
    70    0.091447   -0.048365   -0.009015
    71   -0.389080    0.090413    0.155342
    72    0.086278   -0.009075    0.066889
    73   -0.167501   -0.008319    0.099374
    74   -0.453114    3.740518   -2.684437
    75    0.089798    0.636891   -0.105060
    76   -0.071727    0.090598    0.014125
    77    0.194074   -0.543182   -0.154987
    78    0.779707   -0.173542   -0.537804
    79   -0.087219   -0.025211   -0.016742
    80   -0.073072    0.194744    0.126681
    81    0.348923    0.123858    0.277252
    82   -0.003337    0.364249    0.137296
    83    0.070178   -0.211948   -0.259171
    84   -0.236843    0.095884   -0.115384
    85    0.089910    0.092114    0.128117
----------------------------------------
   Tot   -0.104100   -0.082682    0.096155
----------------------------------------
   Max    3.740518
   Res    0.744374    sqrt( Sum f_i^2 / 3N )
----------------------------------------
   Max    3.740518    constrained

Stress tensor Voigt[x,y,z,yz,xz,xy] (kbar):       -3.32       -2.30       -0.43        0.13        0.37       -0.31
(Free)E + p*V (eV/cell)    -8828.5557
Target enthalpy (eV/cell)    -8843.6463

mulliken: Atomic and Orbital Populations:

Species: C                   
Atom  Qatom  Qorb
               2s      2s      2py     2pz     2px     2py     2pz     2px     
               3Pdxy   3Pdyz   3Pdz2   3Pdxz   3Pdx2-y2
   1  3.938   0.461   0.441   0.513   0.617   0.543   0.445   0.295   0.433
              0.048   0.032   0.029   0.030   0.052
   2  3.764   0.321   0.493   0.386   0.659   0.373   0.535   0.286   0.578
              0.042   0.025   0.025   0.014   0.028
   3  3.784   0.309   0.495   0.216   0.609   0.642   0.679   0.329   0.370
              0.032   0.017   0.018   0.028   0.039
   4  3.929   0.410   0.461   0.510   0.649   0.517   0.474   0.255   0.465
              0.058   0.033   0.017   0.030   0.051
   5  3.966   0.428   0.456   0.526   0.595   0.592   0.452   0.334   0.392
              0.045   0.038   0.031   0.030   0.047
   6  3.802   0.354   0.482   0.220   0.589   0.637   0.674   0.338   0.373
              0.027   0.020   0.019   0.025   0.042
   7  3.948   0.685   0.361   0.470   0.720   0.674   0.369   0.200   0.336
              0.037   0.017   0.012   0.028   0.037
   8  3.921   0.430   0.453   0.490   0.608   0.559   0.480   0.315   0.402
              0.054   0.040   0.024   0.024   0.043
   9  3.965   0.436   0.452   0.508   0.620   0.588   0.463   0.322   0.388
              0.045   0.035   0.035   0.026   0.047
  10  4.024   0.460   0.445   0.569   0.671   0.576   0.423   0.292   0.403
              0.046   0.039   0.027   0.025   0.048
  11  3.759   0.309   0.498   0.123   0.681   0.616   0.766   0.267   0.368
              0.027   0.016   0.024   0.023   0.041
  12  3.760   0.299   0.498   0.442   0.568   0.377   0.532   0.354   0.554
              0.043   0.033   0.013   0.012   0.035
  13  3.770   0.337   0.484   0.443   0.612   0.365   0.523   0.317   0.554
              0.041   0.034   0.015   0.011   0.033
  14  3.776   0.321   0.495   0.122   0.625   0.617   0.771   0.308   0.377
              0.026   0.017   0.027   0.026   0.045
  15  3.783   0.327   0.490   0.172   0.658   0.633   0.710   0.297   0.361
              0.028   0.019   0.024   0.023   0.042
  16  3.753   0.337   0.490   0.408   0.573   0.301   0.557   0.340   0.603
              0.047   0.032   0.021   0.012   0.031
  17  4.100   0.713   0.342   0.686   0.828   0.885   0.293   0.102   0.124
              0.030   0.029   0.014   0.015   0.039
  18  4.018   0.464   0.444   0.574   0.657   0.572   0.421   0.287   0.413
              0.049   0.038   0.024   0.026   0.048
  19  3.941   0.471   0.442   0.515   0.612   0.532   0.463   0.319   0.404
              0.046   0.036   0.029   0.029   0.045
  20  3.933   0.417   0.458   0.507   0.638   0.554   0.471   0.297   0.407
              0.049   0.038   0.028   0.024   0.046
  21  3.796   0.304   0.504   0.154   0.573   0.622   0.753   0.356   0.383
              0.024   0.020   0.020   0.027   0.056
  22  3.805   0.356   0.485   0.206   0.652   0.607   0.698   0.261   0.405
              0.031   0.013   0.015   0.031   0.045
  23  3.798   0.305   0.504   0.148   0.679   0.674   0.737   0.265   0.352
              0.029   0.015   0.020   0.026   0.044
  24  3.978   0.427   0.455   0.541   0.657   0.580   0.433   0.266   0.428
              0.050   0.032   0.017   0.039   0.054
  25  3.936   0.396   0.466   0.509   0.627   0.585   0.467   0.298   0.402
              0.051   0.035   0.022   0.029   0.049
  26  3.979   0.441   0.449   0.536   0.652   0.588   0.445   0.290   0.394
              0.049   0.030   0.026   0.030   0.049
  27  3.782   0.316   0.495   0.171   0.673   0.632   0.716   0.260   0.384
              0.031   0.011   0.015   0.032   0.045
  28  3.777   0.335   0.486   0.460   0.592   0.362   0.499   0.322   0.589
              0.042   0.025   0.008   0.021   0.035
  29  4.017   0.474   0.442   0.589   0.709   0.593   0.415   0.210   0.406
              0.052   0.032   0.008   0.036   0.051
  30  3.960   0.447   0.444   0.537   0.696   0.530   0.435   0.242   0.451
              0.049   0.037   0.010   0.028   0.054
  31  3.950   0.420   0.457   0.568   0.666   0.531   0.425   0.251   0.450
              0.050   0.038   0.009   0.030   0.053
  32  3.950   0.420   0.457   0.561   0.667   0.541   0.432   0.251   0.439
              0.053   0.033   0.010   0.034   0.051
  33  3.958   0.455   0.441   0.524   0.700   0.535   0.447   0.239   0.439
              0.054   0.034   0.011   0.030   0.048
  34  3.789   0.345   0.484   0.585   0.701   0.148   0.434   0.216   0.740
              0.032   0.036   0.006   0.009   0.052
  35  3.769   0.334   0.484   0.254   0.721   0.445   0.662   0.215   0.521
              0.049   0.016   0.006   0.026   0.036
  36  3.761   0.337   0.485   0.234   0.714   0.458   0.678   0.205   0.516
              0.047   0.015   0.008   0.028   0.037
  37  3.797   0.327   0.490   0.596   0.721   0.136   0.433   0.212   0.749
              0.033   0.035   0.005   0.009   0.051
  38  3.789   0.341   0.485   0.379   0.714   0.354   0.577   0.210   0.595
              0.052   0.023   0.010   0.020   0.031
  39  3.770   0.335   0.484   0.160   0.711   0.549   0.727   0.224   0.446
              0.034   0.010   0.007   0.032   0.050
  40  3.762   0.336   0.486   0.530   0.693   0.184   0.464   0.223   0.714
              0.038   0.031   0.007   0.012   0.045
  41  3.798   0.328   0.489   0.383   0.730   0.341   0.572   0.209   0.613
              0.051   0.023   0.008   0.019   0.032
  42  4.113   0.557   0.411   0.663   0.761   0.653   0.347   0.193   0.348
              0.052   0.029   0.022   0.035   0.042
  43  3.929   0.450   0.445   0.499   0.663   0.519   0.460   0.263   0.449
              0.051   0.034   0.018   0.029   0.050
  44  3.931   0.458   0.443   0.532   0.606   0.522   0.418   0.319   0.449
              0.049   0.032   0.024   0.034   0.046
  45  3.943   0.422   0.457   0.583   0.639   0.529   0.406   0.286   0.438
              0.045   0.031   0.022   0.032   0.054
  46  3.950   0.418   0.456   0.582   0.651   0.530   0.404   0.288   0.439
              0.044   0.031   0.023   0.030   0.053
  47  3.785   0.360   0.479   0.561   0.552   0.261   0.429   0.355   0.649
              0.037   0.026   0.013   0.024   0.040
  48  3.774   0.335   0.482   0.227   0.635   0.572   0.664   0.303   0.421
              0.030   0.015   0.013   0.031   0.046
  49  3.761   0.337   0.485   0.446   0.679   0.279   0.509   0.257   0.634
              0.043   0.023   0.022   0.017   0.029
  50  3.798   0.328   0.488   0.555   0.617   0.282   0.440   0.314   0.640
              0.038   0.024   0.011   0.020   0.039
  51  3.799   0.330   0.488   0.566   0.694   0.196   0.439   0.256   0.697
              0.035   0.030   0.016   0.011   0.041
  52  3.785   0.342   0.486   0.558   0.643   0.211   0.447   0.272   0.688
              0.035   0.032   0.015   0.014   0.042
  53  3.770   0.330   0.486   0.403   0.627   0.394   0.545   0.295   0.554
              0.048   0.023   0.009   0.022   0.032
  54  3.764   0.339   0.485   0.190   0.674   0.518   0.701   0.258   0.463
              0.035   0.011   0.016   0.033   0.042

Species: H                   
Atom  Qatom  Qorb
               1s      1s      2Ppy    2Ppz    2Ppx    
  55  1.239   0.907   0.227   0.032   0.031   0.042
  56  1.245   0.908   0.231   0.024   0.037   0.045
  57  1.234   0.886   0.241   0.026   0.036   0.044
  58  1.240   0.909   0.225   0.049   0.038   0.020
  59  1.246   0.910   0.230   0.021   0.033   0.051
  60  1.243   0.912   0.225   0.034   0.039   0.034
  61  1.245   0.894   0.239   0.050   0.034   0.027
  62  1.241   0.876   0.253   0.025   0.034   0.053
  63  1.238   0.885   0.244   0.021   0.032   0.055
  64  1.238   0.906   0.226   0.042   0.036   0.027
  65  1.240   0.907   0.227   0.044   0.035   0.026
  66  1.245   0.907   0.232   0.017   0.035   0.054
  67  1.246   0.890   0.243   0.037   0.033   0.043
  68  1.239   0.908   0.226   0.050   0.037   0.019
  69  1.240   0.907   0.227   0.022   0.036   0.048
  70  1.244   0.907   0.232   0.033   0.034   0.038
  71  1.250   0.892   0.241   0.037   0.032   0.048
  72  1.242   0.865   0.261   0.058   0.034   0.024
  73  1.238   0.894   0.237   0.050   0.034   0.022
  74  1.107   0.952   0.095   0.036   0.016   0.009
  75  1.245   0.882   0.250   0.053   0.034   0.026
  76  1.232   0.898   0.230   0.027   0.036   0.041
  77  1.251   0.904   0.236   0.054   0.030   0.026
  78  1.244   0.906   0.232   0.027   0.039   0.040
  79  1.242   0.827   0.291   0.059   0.039   0.025
  80  1.239   0.899   0.236   0.052   0.033   0.019
  81  1.231   0.866   0.257   0.031   0.033   0.044
  82  1.243   0.899   0.240   0.054   0.032   0.019
  83  1.252   0.887   0.243   0.060   0.035   0.027
  84  1.242   0.906   0.229   0.052   0.033   0.022
  85  1.222   0.876   0.244   0.029   0.030   0.043

mulliken: Qtot =      247.000

Mulliken Atomic Populations:
Atom #   charge [q] valence [e]  Species
     1     0.061505    3.938495  C
     2     0.235677    3.764323  C
     3     0.216010    3.783990  C
     4     0.071064    3.928936  C
     5     0.033924    3.966076  C
     6     0.197701    3.802299  C
     7     0.052001    3.947999  C
     8     0.079320    3.920680  C
     9     0.034546    3.965454  C
    10    -0.023787    4.023787  C
    11     0.241344    3.758656  C
    12     0.240463    3.759537  C
    13     0.230406    3.769594  C
    14     0.224171    3.775829  C
    15     0.217195    3.782805  C
    16     0.247423    3.752577  C
    17    -0.099816    4.099816  C
    18    -0.017957    4.017957  C
    19     0.058970    3.941030  C
    20     0.066504    3.933496  C
    21     0.203913    3.796087  C
    22     0.195103    3.804897  C
    23     0.202434    3.797566  C
    24     0.022315    3.977685  C
    25     0.063861    3.936139  C
    26     0.021445    3.978555  C
    27     0.218218    3.781782  C
    28     0.223310    3.776690  C
    29    -0.017201    4.017201  C
    30     0.040023    3.959977  C
    31     0.049717    3.950283  C
    32     0.049519    3.950481  C
    33     0.042081    3.957919  C
    34     0.211340    3.788660  C
    35     0.231478    3.768522  C
    36     0.238517    3.761483  C
    37     0.202769    3.797231  C
    38     0.211038    3.788962  C
    39     0.229940    3.770060  C
    40     0.238473    3.761527  C
    41     0.202010    3.797990  C
    42    -0.113235    4.113235  C
    43     0.070776    3.929224  C
    44     0.068843    3.931157  C
    45     0.056843    3.943157  C
    46     0.049757    3.950243  C
    47     0.215314    3.784686  C
    48     0.225572    3.774428  C
    49     0.239126    3.760874  C
    50     0.201889    3.798111  C
    51     0.200517    3.799483  C
    52     0.214794    3.785206  C
    53     0.230363    3.769637  C
    54     0.235670    3.764330  C
    55    -0.239074    1.239074  H
    56    -0.244763    1.244763  H
    57    -0.233564    1.233564  H
    58    -0.240308    1.240308  H
    59    -0.246195    1.246195  H
    60    -0.243054    1.243054  H
    61    -0.244605    1.244605  H
    62    -0.241344    1.241344  H
    63    -0.238213    1.238213  H
    64    -0.238495    1.238495  H
    65    -0.239985    1.239985  H
    66    -0.244582    1.244582  H
    67    -0.245560    1.245560  H
    68    -0.239079    1.239079  H
    69    -0.239918    1.239918  H
    70    -0.244447    1.244447  H
    71    -0.249821    1.249821  H
    72    -0.242114    1.242114  H
    73    -0.238080    1.238080  H
    74    -0.107369    1.107369  H
    75    -0.244541    1.244541  H
    76    -0.232147    1.232147  H
    77    -0.250576    1.250576  H
    78    -0.243734    1.243734  H
    79    -0.241574    1.241574  H
    80    -0.238671    1.238671  H
    81    -0.231320    1.231320  H
    82    -0.242985    1.242985  H
    83    -0.252430    1.252430  H
    84    -0.242193    1.242193  H
    85    -0.222459    1.222459  H
--------------------
 Total     0.000000

                     ====================================
                        Begin CG opt. move =     15
                     ====================================

outcoor: Atomic coordinates (Ang):                          
   -2.73986025   -1.51747745    0.66108571   1       1  C
   -2.66469701   -2.86281661    0.05890580   1       2  C
   -1.61304405   -3.28584685   -0.63555699   1       3  C
   -0.52956476   -2.42929038   -0.84558057   1       4  C
   -0.50156984   -1.05975136   -0.40148144   1       5  C
   -1.62476167   -0.69885629    0.38896996   1       6  C
    0.67397425   -3.07403643   -1.21658303   1       7  C
    1.74267258   -2.26248322   -1.68403432   1       8  C
    1.69057158   -0.82612432   -1.52662904   1       9  C
    0.61338813   -0.24096875   -0.76936118   1      10  C
    2.76216491   -2.97944192   -2.37057061   1      11  C
    3.75448234   -2.26085486   -2.91862853   1      12  C
    3.75311825   -0.84823921   -2.81180402   1      13  C
    2.75963934   -0.16475538   -2.15398480   1      14  C
   -1.64705315    4.21169481   -0.91611934   1      15  C
   -2.64491364    3.71096899   -1.67088117   1      16  C
   -2.57744229    2.32451363   -2.06132529   1      17  C
    0.63703601    1.19110426   -0.46271492   1      18  C
   -0.47405735    2.01710250   -0.84929396   1      19  C
   -0.53592573    3.40321271   -0.49063139   1      20  C
   -1.58043242    1.55516038   -1.69155360   1      21  C
    2.97720212    1.23245404    0.52465499   1      22  C
    0.50289593    3.98381471    0.23204065   1      23  C
    4.11508648    1.91178659    1.02643431   1      24  C
    1.62157741    3.25717872    0.53814919   1      25  C
    1.73974371    1.84549286    0.19625466   1      26  C
    2.70900673    3.91913922    1.17647850   1      27  C
    3.88582795    3.30156062    1.39210161   1      28  C
    5.44945613    1.36501530    1.06911336   1      29  C
    5.85445132   -0.03447626    1.15497267   1      30  C
    7.28457969   -0.12704347    0.96448326   1      31  C
    7.79723548    1.19921068    0.75255376   1      32  C
    6.68444694    2.12223253    0.81348637   1      33  C
    5.15901373   -1.24110529    1.37838903   1      34  C
    5.84137250   -2.45871805    1.38151086   1      35  C
    7.22490083   -2.51354728    1.17469450   1      36  C
    7.95173784   -1.33898204    0.96802608   1      37  C
    6.97857363    3.47459810    0.52861279   1      38  C
    8.28374539    3.88674938    0.25920828   1      39  C
    9.33893300    2.96997621    0.24382971   1      40  C
    9.09129638    1.61647661    0.48310988   1      41  C
   -3.97236447   -1.11580903    1.35703507   1      42  C
   -4.69164914    0.05956326    0.82118330   1      43  C
   -5.02461707   -2.11526016    1.56328909   1      44  C
   -6.25511461   -1.66565215    0.95475222   1      45  C
   -6.04896605   -0.32182522    0.50019899   1      46  C
   -5.03186838   -3.39707808    2.13236356   1      47  C
   -6.17682897   -4.19609621    2.08270702   1      48  C
   -7.34857702   -3.73599959    1.46523348   1      49  C
   -7.39118137   -2.46282804    0.90076687   1      50  C
   -6.94326803    0.55396789   -0.09411222   1      51  C
   -4.31744480    1.36993461    0.52545917   1      52  C
   -6.52779753    1.85635247   -0.37301686   1      53  C
   -5.23206056    2.25947911   -0.05412389   1      54  C
   -8.24452129   -4.37546506    1.42900973   2      55  H
   -8.30899072   -2.08307466    0.42550571   2      56  H
   -4.11416209   -3.75818203    2.61690115   2      57  H
   -6.16061501   -5.20279804    2.53103591   2      58  H
   -7.97200331    0.23085300   -0.31883430   2      59  H
   -7.23252208    2.56645542   -0.82986700   2      60  H
   -4.92556753    3.29816052   -0.25317412   2      61  H
   -3.30852758    1.71417405    0.78498835   2      62  H
    4.07498471   -1.22386818    1.55802011   2      63  H
    5.28349306   -3.39404255    1.55055540   2      64  H
    7.75071309   -3.48003869    1.17519105   2      65  H
    9.03903348   -1.36871976    0.80179959   2      66  H
    6.18470653    4.23180207    0.49266255   2      67  H
    8.48454328    4.95051632    0.04707680   2      68  H
   10.36119938    3.30910841    0.02271064   2      69  H
    9.91178577    0.88484612    0.44244944   2      70  H
   -3.49214979   -3.56911366    0.17845099   2      71  H
   -1.63002125    0.31742618    0.81572277   2      72  H
   -1.54133907   -4.29829908   -1.06422989   2      73  H
    0.86663269   -4.53628483   -0.49150158   2      74  H
    2.79388116    0.91959487   -2.10258076   2      75  H
    4.58376890   -0.29406367   -3.27856568   2      76  H
    2.65447767   -4.06006466   -2.41006232   2      77  H
    4.54401910   -2.78337706   -3.43887688   2      78  H
    3.12158206    0.17508968    0.26224955   2      79  H
    2.58975775    4.97617975    1.44420429   2      80  H
    4.69289378    3.86394942    1.85908746   2      81  H
    0.44823497    5.04373987    0.49453182   2      82  H
   -1.51979886    0.50583220   -2.01401339   2      83  H
   -1.61079731    5.26614170   -0.59034186   2      84  H
   -3.50021222    4.32422893   -2.00956345   2      85  H

outcell: Unit cell vectors (Ang):
       30.000000    0.000000    0.000000
        0.000000   20.000000    0.000000
        0.000000    0.000000   20.000000

outcell: Cell vector modules (Ang)   :   30.000000   20.000000   20.000000
outcell: Cell angles (23,13,12) (deg):     90.0000     90.0000     90.0000
outcell: Cell volume (Ang**3)        :  12000.0000
<dSpData1D:S at geom step 15
  <sparsity:sparsity for geom step 15
    nrows_g=857 nrows=857 sparsity=.3985 nnzs=292693, refcount: 7>
  <dData1D:(new from dSpData1D) n=292693, refcount: 1>
refcount: 1>
new_DM -- step:    16
Re-using DM from previous geometries...
Number of DMs in history: 1
 DM extrapolation coefficients: 
1   1.00000
New DM after history re-use:
<dSpData2D:SpM extrapolated using coords
  <sparsity:sparsity for geom step 15
    nrows_g=857 nrows=857 sparsity=.3985 nnzs=292693, refcount: 9>
  <dData2D:(temp array for extrapolation) n=292693 m=1, refcount: 1>
refcount: 1>
No. of atoms with KB's overlaping orbs in proc 0. Max # of overlaps:      85     203

InitMesh: MESH = 192 x 128 x 128 = 3145728
InitMesh: Mesh cutoff (required, used) =   100.000   113.204 Ry
New grid distribution [1]: sub = 2

        iscf     Eharris(eV)        E_KS(eV)     FreeEng(eV)     dDmax    Ef(eV) dHmax(eV)
   scf:    1    -8841.383996    -8842.939304    -8842.990976  0.098084 -4.145209  3.390754
   scf:    2    -8758.492032    -8816.932064    -8816.967903  0.631576 -3.258869 25.266600
   scf:    3    -8848.581034    -8835.612274    -8835.648366  0.118774 -4.006990 13.300092
   scf:    4    -8838.222178    -8836.956486    -8836.993708  0.046200 -4.032885 11.774004
   scf:    5    -8841.097778    -8839.140206    -8839.187498  0.056169 -4.089655  9.842167
   scf:    6    -8832.668965    -8841.758086    -8841.802413  0.468535 -4.147910  5.191836
   scf:    7    -8838.671162    -8840.413025    -8840.451919  0.096025 -4.152114  8.351707
   scf:    8    -8842.795141    -8841.760815    -8841.805130  0.084266 -4.141002  5.522799
   scf:    9    -8844.167186    -8843.257736    -8843.312376  0.082586 -4.121115  2.658926
mix: Pulay -- resetting history
mix: switching mixer --> Linear-Kick
   scf:   10    -8843.605021    -8843.449895    -8843.506863  0.028044 -4.120057  1.753736
mix: switching mixer --> Pulay
   scf:   11    -8808.741406    -8832.647463    -8832.683301  0.524545 -3.934137 16.217824
   scf:   12    -8847.001233    -8841.735197    -8841.792569  0.287440 -4.099693  5.811088
   scf:   13    -8844.152504    -8843.445761    -8843.507984  0.116984 -4.111577  2.012932
   scf:   14    -8843.207299    -8843.333628    -8843.396015  0.019333 -4.110268  2.606116
   scf:   15    -8843.683157    -8843.589033    -8843.650813  0.067781 -4.115720  0.571386
   scf:   16    -8843.582397    -8843.608812    -8843.669088  0.027617 -4.117347  0.319146
   scf:   17    -8843.609474    -8843.612489    -8843.673405  0.011462 -4.116983  0.053053
   scf:   18    -8843.612944    -8843.612871    -8843.673653  0.002015 -4.117265  0.011679
   scf:   19    -8843.612850    -8843.612866    -8843.673630  0.000511 -4.117429  0.025652
mix: Pulay -- resetting history
mix: switching mixer --> Linear-Kick
   scf:   20    -8843.612837    -8843.612862    -8843.673657  0.000668 -4.117470  0.004109
mix: switching mixer --> Pulay
   scf:   21    -8843.609556    -8843.611722    -8843.672667  0.005385 -4.117191  0.159379
   scf:   22    -8843.611939    -8843.612695    -8843.673496  0.006905 -4.117522  0.046769
   scf:   23    -8843.612899    -8843.612863    -8843.673656  0.001407 -4.117443  0.007810
   scf:   24    -8843.612860    -8843.612861    -8843.673657  0.000111 -4.117498  0.004126
   scf:   25    -8843.612857    -8843.612859    -8843.673658  0.000109 -4.117528  0.000684
   scf:   26    -8843.612858    -8843.612859    -8843.673658  0.000017 -4.117534  0.000122
   scf:   27    -8843.612859    -8843.612859    -8843.673658  0.000003 -4.117538  0.000020

SCF Convergence by DM+H criterion
max |DM_out - DM_in|         :     0.0000031312
max |H_out - H_in|      (eV) :     0.0000198483
SCF cycle converged after 27 iterations

Using DM_out to compute the final energy and forces
No. of atoms with KB's overlaping orbs in proc 0. Max # of overlaps:      85     203

siesta: E_KS(eV) =            -8843.6129

siesta: Atomic forces (eV/Ang):
     1    0.478699   -0.972838   -0.003994
     2   -2.187461    0.622488    1.628779
     3    0.391781   -0.697830   -0.462970
     4    2.301721   -1.390353    0.190493
     5   -0.649633   -0.453469   -0.458382
     6   -0.301044    1.151598    0.538116
     7    0.076069   -1.494705    2.075225
     8   -0.785382   -1.985556    0.592720
     9   -0.731778   -1.208607    0.250998
    10    0.497159    0.217643   -0.275167
    11   -1.080829    0.271381    1.074997
    12    1.288211    0.515400   -0.677201
    13    0.737026    0.160324   -0.419369
    14    0.159724    0.778025   -0.152039
    15    1.515424    0.751814    0.949993
    16   -1.744045   -1.155772   -1.384265
    17   -1.570722    2.398857   -0.168626
    18   -0.345109    0.428324    0.076766
    19   -0.539333   -0.116173   -0.182922
    20   -0.721631    0.064320   -0.281329
    21    2.298040   -2.160971    0.569336
    22    0.459307   -0.864960    0.065184
    23   -0.571257    0.387133   -0.105197
    24   -0.492617    0.777020    0.134799
    25    0.725660   -0.517600    0.183380
    26    0.295610    0.413728    0.207703
    27   -0.476095    0.404811   -0.103977
    28    1.283077   -0.683425    0.068508
    29    0.121235   -0.146383   -0.329297
    30    0.450981   -0.287325   -0.155588
    31   -0.743222    0.099983    0.118128
    32   -0.621559    0.496715    0.102832
    33    0.469291   -0.146127    0.040707
    34   -0.569938    0.475356    0.033641
    35   -0.218455   -0.426865    0.068753
    36    0.206476   -0.463755    0.005230
    37    0.437976   -0.132030   -0.020700
    38   -0.770685    0.164936    0.115807
    39    0.140800    0.412044   -0.102160
    40    0.429820    0.176965   -0.098980
    41    0.398455   -0.223859   -0.031987
    42   -0.153783   -0.344382   -1.700676
    43   -0.683594    0.061279   -0.002666
    44   -0.741763   -0.123578   -0.284258
    45    0.534848   -0.120939    0.590513
    46    0.585021    0.325322    0.390369
    47    0.743474   -0.022105    0.170867
    48    0.003345   -0.402386    0.204341
    49   -0.354417   -0.400746    0.067935
    50   -0.358544    0.205671   -0.142690
    51   -0.429478   -0.087448   -0.073842
    52    0.720127    0.101545    0.170654
    53   -0.325412    0.393564   -0.225139
    54    0.162941    0.464762   -0.106222
    55   -0.025089   -0.091133    0.030491
    56   -0.098907   -0.025833   -0.055686
    57    0.108214   -0.197373    0.168476
    58    0.028068   -0.013084    0.040633
    59   -0.076151   -0.020727   -0.079466
    60   -0.039788    0.105256   -0.050330
    61    0.056788    0.034182    0.042612
    62    0.162667    0.228905    0.000891
    63   -0.177030   -0.073076    0.065265
    64   -0.053660   -0.004206    0.004959
    65   -0.014988   -0.125977    0.014810
    66    0.130095   -0.064853    0.006092
    67   -0.169244    0.089573   -0.018343
    68   -0.035373   -0.001172    0.002910
    69    0.113509    0.056596   -0.012984
    70    0.114490   -0.074073   -0.009034
    71   -0.418995    0.062228    0.157947
    72    0.091791    0.027672    0.082462
    73   -0.147836   -0.050871    0.075506
    74   -0.457485    3.683532   -2.650133
    75    0.075485    0.623182   -0.097046
    76   -0.035651    0.113204   -0.006051
    77    0.157017   -0.534019   -0.134775
    78    0.742559   -0.174223   -0.513897
    79   -0.081439   -0.087500   -0.034220
    80   -0.083866    0.217145    0.129298
    81    0.373341    0.136448    0.290665
    82   -0.005788    0.371036    0.139341
    83    0.089390   -0.256805   -0.260252
    84   -0.216038    0.135995   -0.089364
    85    0.042163    0.137923    0.116007
----------------------------------------
   Tot   -0.107239   -0.081228    0.093919
----------------------------------------
   Max    3.683532
   Res    0.661889    sqrt( Sum f_i^2 / 3N )
----------------------------------------
   Max    3.683532    constrained

Stress tensor Voigt[x,y,z,yz,xz,xy] (kbar):       -3.33       -2.49       -0.43        0.08        0.39       -0.30
(Free)E + p*V (eV/cell)    -8828.0801
Target enthalpy (eV/cell)    -8843.6662

mulliken: Atomic and Orbital Populations:

Species: C                   
Atom  Qatom  Qorb
               2s      2s      2py     2pz     2px     2py     2pz     2px     
               3Pdxy   3Pdyz   3Pdz2   3Pdxz   3Pdx2-y2
   1  3.937   0.463   0.440   0.514   0.614   0.539   0.446   0.295   0.435
              0.048   0.032   0.029   0.030   0.052
   2  3.765   0.320   0.494   0.386   0.659   0.373   0.536   0.285   0.578
              0.042   0.024   0.024   0.014   0.028
   3  3.781   0.311   0.495   0.214   0.610   0.640   0.681   0.328   0.370
              0.032   0.017   0.018   0.028   0.039
   4  3.932   0.400   0.465   0.511   0.646   0.524   0.474   0.260   0.462
              0.058   0.033   0.018   0.030   0.051
   5  3.965   0.429   0.456   0.527   0.596   0.589   0.452   0.333   0.393
              0.045   0.038   0.031   0.030   0.046
   6  3.802   0.354   0.482   0.220   0.589   0.637   0.675   0.338   0.373
              0.027   0.020   0.019   0.025   0.042
   7  3.950   0.683   0.362   0.476   0.719   0.680   0.361   0.201   0.334
              0.037   0.017   0.012   0.029   0.038
   8  3.920   0.419   0.458   0.491   0.606   0.558   0.481   0.318   0.404
              0.054   0.040   0.024   0.024   0.043
   9  3.966   0.432   0.454   0.512   0.618   0.586   0.462   0.324   0.389
              0.046   0.036   0.035   0.026   0.047
  10  4.023   0.464   0.443   0.565   0.673   0.577   0.424   0.290   0.402
              0.046   0.039   0.027   0.025   0.048
  11  3.760   0.306   0.499   0.122   0.681   0.619   0.768   0.267   0.367
              0.028   0.016   0.024   0.023   0.041
  12  3.759   0.301   0.497   0.442   0.568   0.375   0.532   0.353   0.554
              0.043   0.033   0.013   0.012   0.035
  13  3.769   0.336   0.485   0.442   0.612   0.364   0.523   0.317   0.555
              0.041   0.034   0.015   0.011   0.033
  14  3.775   0.322   0.494   0.122   0.625   0.617   0.770   0.307   0.376
              0.026   0.017   0.027   0.026   0.045
  15  3.782   0.328   0.490   0.170   0.659   0.633   0.712   0.295   0.361
              0.028   0.018   0.024   0.023   0.042
  16  3.752   0.336   0.491   0.409   0.573   0.300   0.559   0.339   0.603
              0.048   0.032   0.021   0.013   0.030
  17  4.102   0.719   0.341   0.689   0.830   0.883   0.292   0.099   0.123
              0.030   0.029   0.014   0.015   0.038
  18  4.017   0.468   0.443   0.570   0.658   0.574   0.422   0.286   0.412
              0.048   0.038   0.024   0.026   0.048
  19  3.943   0.466   0.444   0.516   0.611   0.535   0.463   0.320   0.403
              0.046   0.037   0.029   0.029   0.045
  20  3.934   0.412   0.460   0.509   0.636   0.556   0.470   0.299   0.407
              0.049   0.038   0.028   0.024   0.046
  21  3.794   0.306   0.503   0.153   0.575   0.620   0.754   0.354   0.383
              0.024   0.020   0.020   0.027   0.055
  22  3.804   0.355   0.486   0.204   0.652   0.607   0.699   0.262   0.405
              0.031   0.013   0.015   0.031   0.045
  23  3.797   0.305   0.504   0.148   0.679   0.674   0.738   0.265   0.352
              0.029   0.015   0.020   0.026   0.043
  24  3.977   0.428   0.455   0.542   0.657   0.578   0.433   0.266   0.429
              0.050   0.032   0.017   0.038   0.053
  25  3.937   0.394   0.467   0.509   0.627   0.586   0.467   0.299   0.402
              0.051   0.035   0.022   0.029   0.049
  26  3.979   0.440   0.449   0.537   0.651   0.588   0.445   0.290   0.394
              0.049   0.030   0.026   0.030   0.049
  27  3.781   0.315   0.496   0.170   0.673   0.632   0.717   0.260   0.383
              0.031   0.011   0.015   0.032   0.045
  28  3.777   0.333   0.487   0.460   0.592   0.362   0.500   0.322   0.590
              0.042   0.025   0.009   0.021   0.035
  29  4.016   0.480   0.440   0.588   0.711   0.589   0.415   0.208   0.407
              0.051   0.032   0.008   0.036   0.050
  30  3.960   0.445   0.445   0.536   0.695   0.532   0.436   0.243   0.451
              0.049   0.037   0.010   0.028   0.054
  31  3.950   0.419   0.458   0.567   0.665   0.533   0.426   0.252   0.450
              0.050   0.038   0.009   0.030   0.053
  32  3.951   0.419   0.458   0.561   0.667   0.542   0.432   0.252   0.438
              0.053   0.033   0.010   0.034   0.051
  33  3.958   0.454   0.442   0.526   0.699   0.534   0.447   0.240   0.440
              0.054   0.034   0.011   0.030   0.048
  34  3.788   0.343   0.484   0.585   0.701   0.148   0.434   0.217   0.741
              0.032   0.036   0.006   0.009   0.052
  35  3.768   0.333   0.485   0.253   0.721   0.444   0.663   0.214   0.522
              0.049   0.016   0.006   0.026   0.036
  36  3.761   0.336   0.485   0.233   0.714   0.457   0.679   0.205   0.516
              0.047   0.015   0.008   0.028   0.037
  37  3.797   0.326   0.490   0.596   0.721   0.136   0.433   0.212   0.750
              0.033   0.035   0.005   0.009   0.051
  38  3.788   0.340   0.485   0.378   0.713   0.353   0.578   0.210   0.595
              0.052   0.023   0.010   0.020   0.031
  39  3.769   0.335   0.484   0.160   0.711   0.549   0.728   0.224   0.446
              0.034   0.010   0.007   0.032   0.050
  40  3.761   0.335   0.486   0.529   0.692   0.183   0.464   0.223   0.714
              0.038   0.031   0.007   0.012   0.045
  41  3.798   0.327   0.489   0.383   0.730   0.340   0.573   0.209   0.614
              0.051   0.023   0.008   0.019   0.032
  42  4.117   0.568   0.407   0.666   0.768   0.655   0.343   0.188   0.345
              0.051   0.029   0.022   0.034   0.041
  43  3.928   0.450   0.445   0.497   0.661   0.519   0.461   0.264   0.449
              0.051   0.034   0.019   0.029   0.050
  44  3.930   0.458   0.443   0.529   0.605   0.520   0.420   0.320   0.450
              0.049   0.032   0.024   0.034   0.046
  45  3.944   0.420   0.458   0.583   0.639   0.531   0.406   0.286   0.437
              0.045   0.031   0.022   0.032   0.054
  46  3.951   0.417   0.457   0.582   0.651   0.532   0.404   0.289   0.438
              0.044   0.031   0.023   0.030   0.053
  47  3.784   0.360   0.479   0.562   0.552   0.261   0.429   0.354   0.649
              0.037   0.026   0.013   0.024   0.040
  48  3.774   0.335   0.483   0.227   0.635   0.572   0.665   0.303   0.421
              0.030   0.015   0.013   0.031   0.046
  49  3.760   0.336   0.485   0.445   0.679   0.279   0.509   0.257   0.634
              0.043   0.023   0.022   0.017   0.029
  50  3.798   0.327   0.489   0.555   0.617   0.282   0.440   0.314   0.641
              0.038   0.024   0.011   0.021   0.039
  51  3.799   0.329   0.489   0.566   0.694   0.195   0.439   0.255   0.698
              0.035   0.030   0.016   0.011   0.041
  52  3.785   0.341   0.486   0.558   0.643   0.210   0.447   0.272   0.689
              0.035   0.032   0.015   0.014   0.042
  53  3.769   0.330   0.486   0.402   0.628   0.394   0.546   0.295   0.554
              0.048   0.023   0.009   0.022   0.032
  54  3.764   0.338   0.485   0.189   0.674   0.518   0.702   0.258   0.463
              0.035   0.011   0.016   0.033   0.042

Species: H                   
Atom  Qatom  Qorb
               1s      1s      2Ppy    2Ppz    2Ppx    
  55  1.240   0.907   0.227   0.032   0.031   0.042
  56  1.245   0.908   0.231   0.024   0.038   0.045
  57  1.234   0.886   0.242   0.026   0.036   0.044
  58  1.241   0.909   0.225   0.049   0.038   0.020
  59  1.247   0.910   0.230   0.022   0.033   0.051
  60  1.243   0.912   0.225   0.034   0.039   0.034
  61  1.245   0.894   0.240   0.050   0.034   0.028
  62  1.242   0.877   0.253   0.025   0.034   0.053
  63  1.238   0.885   0.245   0.021   0.033   0.055
  64  1.239   0.906   0.227   0.042   0.037   0.027
  65  1.240   0.907   0.227   0.044   0.035   0.026
  66  1.245   0.907   0.232   0.017   0.035   0.054
  67  1.246   0.889   0.243   0.037   0.033   0.043
  68  1.239   0.908   0.226   0.050   0.037   0.019
  69  1.240   0.907   0.228   0.022   0.036   0.048
  70  1.245   0.907   0.232   0.033   0.034   0.038
  71  1.250   0.892   0.242   0.037   0.032   0.048
  72  1.242   0.865   0.261   0.058   0.034   0.024
  73  1.238   0.894   0.238   0.050   0.034   0.023
  74  1.107   0.960   0.089   0.035   0.015   0.009
  75  1.245   0.882   0.249   0.053   0.034   0.026
  76  1.233   0.898   0.231   0.027   0.036   0.041
  77  1.250   0.904   0.236   0.054   0.030   0.026
  78  1.244   0.906   0.232   0.027   0.039   0.040
  79  1.242   0.827   0.292   0.059   0.040   0.025
  80  1.239   0.899   0.236   0.052   0.033   0.019
  81  1.232   0.866   0.257   0.031   0.033   0.044
  82  1.243   0.899   0.240   0.054   0.032   0.019
  83  1.253   0.887   0.244   0.060   0.035   0.027
  84  1.243   0.906   0.230   0.052   0.033   0.022
  85  1.223   0.876   0.244   0.029   0.030   0.043

mulliken: Qtot =      247.000

Mulliken Atomic Populations:
Atom #   charge [q] valence [e]  Species
     1     0.063326    3.936674  C
     2     0.235365    3.764635  C
     3     0.218648    3.781352  C
     4     0.067603    3.932397  C
     5     0.035335    3.964665  C
     6     0.197994    3.802006  C
     7     0.050416    3.949584  C
     8     0.080018    3.919982  C
     9     0.033710    3.966290  C
    10    -0.023323    4.023323  C
    11     0.239563    3.760437  C
    12     0.241413    3.758587  C
    13     0.230742    3.769258  C
    14     0.224990    3.775010  C
    15     0.217654    3.782346  C
    16     0.247651    3.752349  C
    17    -0.101593    4.101593  C
    18    -0.017236    4.017236  C
    19     0.057237    3.942763  C
    20     0.065962    3.934038  C
    21     0.206432    3.793568  C
    22     0.195915    3.804085  C
    23     0.203371    3.796629  C
    24     0.022663    3.977337  C
    25     0.063222    3.936778  C
    26     0.021390    3.978610  C
    27     0.218657    3.781343  C
    28     0.223101    3.776899  C
    29    -0.015855    4.015855  C
    30     0.039885    3.960115  C
    31     0.049676    3.950324  C
    32     0.049365    3.950635  C
    33     0.041980    3.958020  C
    34     0.211697    3.788303  C
    35     0.232206    3.767794  C
    36     0.239079    3.760921  C
    37     0.203174    3.796826  C
    38     0.211551    3.788449  C
    39     0.230705    3.769295  C
    40     0.239018    3.760982  C
    41     0.202408    3.797592  C
    42    -0.116865    4.116865  C
    43     0.071567    3.928433  C
    44     0.070358    3.929642  C
    45     0.056182    3.943818  C
    46     0.049203    3.950797  C
    47     0.215579    3.784421  C
    48     0.226152    3.773848  C
    49     0.239504    3.760496  C
    50     0.202305    3.797695  C
    51     0.200868    3.799132  C
    52     0.215316    3.784684  C
    53     0.230794    3.769206  C
    54     0.236411    3.763589  C
    55    -0.239563    1.239563  H
    56    -0.245195    1.245195  H
    57    -0.233868    1.233868  H
    58    -0.240850    1.240850  H
    59    -0.246611    1.246611  H
    60    -0.243496    1.243496  H
    61    -0.245100    1.245100  H
    62    -0.241771    1.241771  H
    63    -0.238472    1.238472  H
    64    -0.238789    1.238789  H
    65    -0.240279    1.240279  H
    66    -0.244837    1.244837  H
    67    -0.245906    1.245906  H
    68    -0.239459    1.239459  H
    69    -0.240210    1.240210  H
    70    -0.244708    1.244708  H
    71    -0.250156    1.250156  H
    72    -0.242354    1.242354  H
    73    -0.238411    1.238411  H
    74    -0.107028    1.107028  H
    75    -0.244549    1.244549  H
    76    -0.232733    1.232733  H
    77    -0.250159    1.250159  H
    78    -0.243551    1.243551  H
    79    -0.242309    1.242309  H
    80    -0.238834    1.238834  H
    81    -0.231637    1.231637  H
    82    -0.242972    1.242972  H
    83    -0.253033    1.253033  H
    84    -0.242609    1.242609  H
    85    -0.223036    1.223036  H
--------------------
 Total    -0.000000

cgvc: Finished line minimization    2.  Mean atomic displacement =    0.0096

                     ====================================
                        Begin CG opt. move =     16
                     ====================================

outcoor: Atomic coordinates (Ang):                          
   -2.73935432   -1.51846429    0.66483523   1       1  C
   -2.67174338   -2.86185640    0.06434198   1       2  C
   -1.61573320   -3.28883541   -0.63541021   1       3  C
   -0.52595677   -2.43370815   -0.84147319   1       4  C
   -0.50407145   -1.05717183   -0.40399114   1       5  C
   -1.62660032   -0.69536575    0.39092213   1       6  C
    0.67867311   -3.09242033   -1.20621693   1       7  C
    1.73577702   -2.27267403   -1.67907962   1       8  C
    1.68929232   -0.82549233   -1.52609456   1       9  C
    0.61367801   -0.23738647   -0.76877941   1      10  C
    2.76442692   -2.98023812   -2.36949701   1      11  C
    3.76135622   -2.25916739   -2.92227562   1      12  C
    3.75527700   -0.84753902   -2.81294309   1      13  C
    2.76130958   -0.16034417   -2.15532225   1      14  C
   -1.64720203    4.21509602   -0.91639346   1      15  C
   -2.64909488    3.70978662   -1.67373816   1      16  C
   -2.57840492    2.32815975   -2.06037320   1      17  C
    0.63666146    1.19016684   -0.46261580   1      18  C
   -0.47476435    2.01540223   -0.84887194   1      19  C
   -0.53814218    3.40314337   -0.49108720   1      20  C
   -1.57830294    1.54887924   -1.69358783   1      21  C
    2.97931618    1.22968388    0.52557767   1      22  C
    0.50140157    3.98598001    0.23228159   1      23  C
    4.11623985    1.91213143    1.02695369   1      24  C
    1.62380580    3.25586832    0.53889830   1      25  C
    1.74097970    1.84529607    0.19649233   1      26  C
    2.70899480    3.92103750    1.17674764   1      27  C
    3.89068264    3.30032537    1.39243276   1      28  C
    5.44893768    1.36480899    1.06654994   1      29  C
    5.85371568   -0.03346632    1.15438325   1      30  C
    7.28339930   -0.12672262    0.96477753   1      31  C
    7.79606959    1.20009608    0.75294707   1      32  C
    6.68295087    2.12216364    0.81448440   1      33  C
    5.15693786   -1.23980273    1.37852892   1      34  C
    5.84081716   -2.46005008    1.38167333   1      35  C
    7.22526465   -2.51530296    1.17477863   1      36  C
    7.95331635   -1.33988950    0.96806113   1      37  C
    6.97596622    3.47539474    0.52907159   1      38  C
    8.28421207    3.88780814    0.25884502   1      39  C
    9.34038045    2.97081763    0.24345490   1      40  C
    9.09295507    1.61589493    0.48290942   1      41  C
   -3.97440988   -1.11989120    1.34360067   1      42  C
   -4.69139654    0.06007449    0.82324542   1      43  C
   -5.02399205   -2.11511633    1.56362349   1      44  C
   -6.25431173   -1.66556775    0.95702369   1      45  C
   -6.04794270   -0.32057162    0.50171697   1      46  C
   -5.02909309   -3.39763120    2.13292591   1      47  C
   -6.17678465   -4.19727832    2.08331403   1      48  C
   -7.34958329   -3.73748740    1.46568656   1      49  C
   -7.39267894   -2.46261820    0.90043467   1      50  C
   -6.94480014    0.55410258   -0.09449873   1      51  C
   -4.31469256    1.37059485    0.52578295   1      52  C
   -6.52869497    1.85800526   -0.37374346   1      53  C
   -5.23186205    2.26091315   -0.05469477   1      54  C
   -8.24552894   -4.37655285    1.42913941   2      55  H
   -8.31032263   -2.08281348    0.42474871   2      56  H
   -4.11282406   -3.75938552    2.61824715   2      57  H
   -6.16044867   -5.20390417    2.53171705   2      58  H
   -7.97334660    0.23035985   -0.31946371   2      59  H
   -7.23338922    2.56764690   -0.83054635   2      60  H
   -4.92489587    3.29942832   -0.25310672   2      61  H
   -3.30673330    1.71562450    0.78533378   2      62  H
    4.07289411   -1.22408805    1.55857852   2      63  H
    5.28262668   -3.39497549    1.55074430   2      64  H
    7.75114426   -3.48164223    1.17527595   2      65  H
    9.04064582   -1.36901554    0.80169076   2      66  H
    6.18268581    4.23298631    0.49258504   2      67  H
    8.48454790    4.95158863    0.04688248   2      68  H
   10.36280165    3.30969302    0.02244936   2      69  H
    9.91303729    0.88377895    0.44239350   2      70  H
   -3.49535044   -3.56944127    0.17947500   2      71  H
   -1.62937625    0.31855831    0.81663452   2      72  H
   -1.54177408   -4.29960785   -1.06432167   2      73  H
    0.86412227   -4.51628483   -0.50617919   2      74  H
    2.79399096    0.92309943   -2.10295120   2      75  H
    4.58443356   -0.29283729   -3.27909203   2      76  H
    2.65459865   -4.06301869   -2.41043723   2      77  H
    4.54768783   -2.78449429   -3.44145933   2      78  H
    3.12126994    0.17299190    0.26162884   2      79  H
    2.58901019    4.97801495    1.44503553   2      80  H
    4.69568882    3.86505313    1.86112177   2      81  H
    0.44814042    5.04612692    0.49541260   2      82  H
   -1.51885249    0.50333792   -2.01554400   2      83  H
   -1.61163893    5.26779091   -0.59033269   2      84  H
   -3.50105661    4.32612336   -2.00915655   2      85  H

outcell: Unit cell vectors (Ang):
       30.000000    0.000000    0.000000
        0.000000   20.000000    0.000000
        0.000000    0.000000   20.000000

outcell: Cell vector modules (Ang)   :   30.000000   20.000000   20.000000
outcell: Cell angles (23,13,12) (deg):     90.0000     90.0000     90.0000
outcell: Cell volume (Ang**3)        :  12000.0000
<dSpData1D:S at geom step 16
  <sparsity:sparsity for geom step 16
    nrows_g=857 nrows=857 sparsity=.3983 nnzs=292541, refcount: 7>
  <dData1D:(new from dSpData1D) n=292541, refcount: 1>
refcount: 1>
new_DM -- step:    17
Re-using DM from previous geometries...
Number of DMs in history: 1
 DM extrapolation coefficients: 
1   1.00000
New DM after history re-use:
<dSpData2D:SpM extrapolated using coords
  <sparsity:sparsity for geom step 16
    nrows_g=857 nrows=857 sparsity=.3983 nnzs=292541, refcount: 9>
  <dData2D:(temp array for extrapolation) n=292541 m=1, refcount: 1>
refcount: 1>
No. of atoms with KB's overlaping orbs in proc 0. Max # of overlaps:      85     201

InitMesh: MESH = 192 x 128 x 128 = 3145728
InitMesh: Mesh cutoff (required, used) =   100.000   113.204 Ry
New grid distribution [1]: sub = 2

        iscf     Eharris(eV)        E_KS(eV)     FreeEng(eV)     dDmax    Ef(eV) dHmax(eV)
   scf:    1    -8841.460861    -8843.015187    -8843.071895  0.130944 -4.097103  4.141768
   scf:    2    -8753.776550    -8815.604616    -8815.640455  0.555179 -3.294882 22.005861
   scf:    3    -8853.492324    -8840.425266    -8840.464032  0.378501 -4.000204  7.948491
   scf:    4    -8841.515064    -8841.376780    -8841.419474  0.105104 -4.062282  5.885881
   scf:    5    -8844.388063    -8843.291833    -8843.344032  0.144741 -4.094235  3.171201
   scf:    6    -8842.075769    -8843.646627    -8843.706441  0.165937 -4.107888  2.267136
   scf:    7    -8843.113748    -8843.819149    -8843.878643  0.109835 -4.101639  1.474629
   scf:    8    -8843.473225    -8843.886804    -8843.946989  0.089122 -4.108133  1.025429
   scf:    9    -8843.955200    -8843.927755    -8843.988675  0.019324 -4.105974  0.858246
mix: Pulay -- resetting history
mix: switching mixer --> Linear-Kick
   scf:   10    -8843.968540    -8843.977157    -8844.037772  0.028743 -4.104084  0.078412
mix: switching mixer --> Pulay
   scf:   11    -8842.948142    -8843.641406    -8843.699173  0.085914 -4.109720  2.425797
   scf:   12    -8841.417872    -8843.049676    -8843.099446  0.101432 -4.114455  3.523964
   scf:   13    -8844.066102    -8843.975628    -8844.035945  0.097511 -4.104971  0.210194
   scf:   14    -8843.974209    -8843.977069    -8844.037868  0.009291 -4.104410  0.085908
   scf:   15    -8843.977649    -8843.977584    -8844.038231  0.003105 -4.104605  0.015978
   scf:   16    -8843.977494    -8843.977571    -8844.038166  0.000723 -4.104812  0.029623
   scf:   17    -8843.977365    -8843.977545    -8844.038236  0.001233 -4.104792  0.013614
   scf:   18    -8843.977618    -8843.977593    -8844.038247  0.000503 -4.104821  0.003789
   scf:   19    -8843.977581    -8843.977587    -8844.038248  0.000096 -4.104806  0.001288
mix: Pulay -- resetting history
mix: switching mixer --> Linear-Kick
   scf:   20    -8843.977585    -8843.977586    -8844.038248  0.000033 -4.104785  0.000637
mix: switching mixer --> Pulay
   scf:   21    -8843.977471    -8843.977538    -8844.038232  0.000350 -4.104755  0.013766
   scf:   22    -8843.977618    -8843.977588    -8844.038247  0.000527 -4.104808  0.005449
   scf:   23    -8843.977580    -8843.977585    -8844.038249  0.000189 -4.104796  0.000248
   scf:   24    -8843.977585    -8843.977585    -8844.038249  0.000027 -4.104777  0.000232
   scf:   25    -8843.977585    -8843.977585    -8844.038249  0.000013 -4.104768  0.000059
   scf:   26    -8843.977585    -8843.977585    -8844.038249  0.000003 -4.104766  0.000042

SCF Convergence by DM+H criterion
max |DM_out - DM_in|         :     0.0000033952
max |H_out - H_in|      (eV) :     0.0000418675
SCF cycle converged after 26 iterations

Using DM_out to compute the final energy and forces
No. of atoms with KB's overlaping orbs in proc 0. Max # of overlaps:      85     201

siesta: E_KS(eV) =            -8843.9776

siesta: Atomic forces (eV/Ang):
     1    0.506119   -0.951889   -0.086567
     2   -1.674642    0.473365    1.311155
     3    0.230100   -0.415544   -0.233302
     4    2.175631   -1.424287    0.248707
     5   -0.611841   -0.588252   -0.404590
     6   -0.211722    0.968184    0.407692
     7   -0.123746   -1.409444    2.167846
     8   -0.384119   -1.635248    0.448665
     9   -0.667722   -1.369864    0.188406
    10    0.463858    0.010190   -0.320876
    11   -0.977017    0.353845    1.001160
    12    0.873828    0.352434   -0.435455
    13    0.691969    0.230245   -0.388558
    14    0.039539    0.484086   -0.097521
    15    1.326044    0.530975    0.777684
    16   -1.439120   -0.961866   -1.142356
    17   -1.291705    2.002003   -0.129536
    18   -0.284634    0.577403    0.140313
    19   -0.582878   -0.114744   -0.218181
    20   -0.668552    0.131025   -0.242677
    21    1.996389   -1.688230    0.547492
    22    0.366771   -0.753414    0.048895
    23   -0.440639    0.205413   -0.095893
    24   -0.506550    0.711934    0.109260
    25    0.521793   -0.341841    0.136645
    26    0.328024    0.335802    0.205214
    27   -0.216559    0.240564   -0.061687
    28    0.986445   -0.481659    0.046093
    29    0.146830   -0.144140   -0.287085
    30    0.422796   -0.352060   -0.150860
    31   -0.652696    0.031949    0.107110
    32   -0.514413    0.478163    0.089228
    33    0.501892   -0.085213    0.006264
    34   -0.483096    0.366166    0.027590
    35   -0.233429   -0.308116    0.062359
    36    0.195481   -0.401929    0.001649
    37    0.332376   -0.088746   -0.008380
    38   -0.623896    0.166555    0.092797
    39    0.046096    0.348668   -0.073794
    40    0.384352    0.138549   -0.086773
    41    0.295736   -0.174862   -0.019789
    42   -0.167936   -0.239239   -1.447048
    43   -0.663557    0.122466   -0.088906
    44   -0.763607   -0.206883   -0.306288
    45    0.416010   -0.120719    0.544694
    46    0.466640    0.328894    0.367872
    47    0.608749   -0.047998    0.145187
    48    0.058054   -0.329942    0.197094
    49   -0.314271   -0.327553    0.047008
    50   -0.269446    0.175945   -0.087182
    51   -0.336352   -0.063390   -0.041659
    52    0.593507    0.118674    0.131766
    53   -0.292457    0.323803   -0.193719
    54    0.192175    0.387520   -0.062552
    55   -0.028001   -0.099238    0.031579
    56   -0.092072   -0.024826   -0.053068
    57    0.128184   -0.200870    0.168753
    58    0.028406   -0.013421    0.042270
    59   -0.069853   -0.021577   -0.076931
    60   -0.043689    0.114498   -0.055707
    61    0.055036    0.038050    0.039675
    62    0.181371    0.231769    0.000098
    63   -0.172897   -0.067379    0.062967
    64   -0.056302   -0.008487    0.006245
    65   -0.016018   -0.130489    0.014912
    66    0.125543   -0.063493    0.007605
    67   -0.169384    0.090084   -0.019849
    68   -0.034334    0.001727    0.001799
    69    0.110332    0.060283   -0.013631
    70    0.109636   -0.072544   -0.008788
    71   -0.499297    0.033604    0.180906
    72    0.073979    0.100548    0.109180
    73   -0.175418   -0.094986    0.066615
    74   -0.462353    3.788061   -2.701318
    75    0.078894    0.646581   -0.100401
    76   -0.001907    0.138624   -0.024815
    77    0.200982   -0.459516   -0.146174
    78    0.782687   -0.185391   -0.540526
    79   -0.063203   -0.099766   -0.030201
    80   -0.078918    0.207088    0.125698
    81    0.370845    0.113727    0.278895
    82   -0.009138    0.354428    0.132879
    83    0.086726   -0.355028   -0.302457
    84   -0.212283    0.181398   -0.080036
    85   -0.021017    0.147991    0.086432
----------------------------------------
   Tot   -0.102863   -0.080802    0.097220
----------------------------------------
   Max    3.788061
   Res    0.596962    sqrt( Sum f_i^2 / 3N )
----------------------------------------
   Max    3.788061    constrained

Stress tensor Voigt[x,y,z,yz,xz,xy] (kbar):       -2.95       -2.16       -0.35        0.05        0.37       -0.32
(Free)E + p*V (eV/cell)    -8830.3947
Target enthalpy (eV/cell)    -8844.0308

mulliken: Atomic and Orbital Populations:

Species: C                   
Atom  Qatom  Qorb
               2s      2s      2py     2pz     2px     2py     2pz     2px     
               3Pdxy   3Pdyz   3Pdz2   3Pdxz   3Pdx2-y2
   1  3.940   0.458   0.442   0.516   0.617   0.542   0.444   0.295   0.433
              0.048   0.032   0.029   0.030   0.053
   2  3.764   0.322   0.493   0.385   0.660   0.372   0.538   0.284   0.578
              0.042   0.024   0.024   0.014   0.028
   3  3.781   0.316   0.493   0.215   0.611   0.636   0.679   0.325   0.371
              0.032   0.017   0.017   0.029   0.039
   4  3.932   0.410   0.461   0.509   0.650   0.521   0.474   0.255   0.463
              0.058   0.033   0.017   0.030   0.051
   5  3.964   0.434   0.454   0.524   0.596   0.589   0.453   0.332   0.392
              0.045   0.038   0.031   0.030   0.046
   6  3.802   0.354   0.482   0.219   0.589   0.636   0.676   0.338   0.372
              0.027   0.020   0.019   0.025   0.042
   7  3.943   0.670   0.367   0.459   0.717   0.675   0.383   0.203   0.337
              0.037   0.017   0.012   0.028   0.038
   8  3.923   0.428   0.454   0.490   0.609   0.563   0.481   0.315   0.400
              0.054   0.039   0.024   0.024   0.043
   9  3.965   0.440   0.451   0.507   0.622   0.586   0.463   0.321   0.389
              0.045   0.035   0.034   0.026   0.047
  10  4.024   0.462   0.444   0.569   0.672   0.575   0.422   0.291   0.403
              0.046   0.039   0.027   0.025   0.048
  11  3.760   0.313   0.496   0.123   0.683   0.616   0.765   0.265   0.367
              0.027   0.016   0.024   0.023   0.041
  12  3.759   0.303   0.497   0.440   0.570   0.377   0.533   0.351   0.552
              0.043   0.033   0.013   0.012   0.034
  13  3.769   0.335   0.485   0.442   0.612   0.364   0.524   0.317   0.555
              0.042   0.034   0.015   0.011   0.033
  14  3.775   0.325   0.494   0.123   0.627   0.616   0.770   0.306   0.376
              0.026   0.017   0.027   0.026   0.045
  15  3.781   0.331   0.489   0.170   0.659   0.631   0.712   0.294   0.360
              0.028   0.018   0.024   0.023   0.042
  16  3.753   0.335   0.491   0.408   0.574   0.300   0.561   0.338   0.603
              0.048   0.032   0.021   0.013   0.030
  17  4.101   0.720   0.341   0.691   0.830   0.880   0.292   0.098   0.123
              0.030   0.029   0.014   0.015   0.038
  18  4.018   0.466   0.443   0.573   0.658   0.573   0.421   0.287   0.412
              0.049   0.038   0.024   0.026   0.048
  19  3.943   0.467   0.444   0.515   0.611   0.535   0.463   0.320   0.403
              0.046   0.037   0.029   0.029   0.045
  20  3.935   0.414   0.459   0.508   0.637   0.556   0.470   0.298   0.407
              0.049   0.038   0.028   0.024   0.046
  21  3.791   0.308   0.503   0.151   0.577   0.617   0.756   0.351   0.383
              0.025   0.020   0.020   0.027   0.055
  22  3.804   0.357   0.485   0.204   0.653   0.606   0.699   0.261   0.405
              0.031   0.013   0.015   0.031   0.045
  23  3.796   0.309   0.503   0.148   0.680   0.672   0.737   0.263   0.352
              0.029   0.015   0.020   0.025   0.043
  24  3.978   0.427   0.455   0.544   0.656   0.578   0.432   0.267   0.429
              0.050   0.032   0.017   0.039   0.053
  25  3.937   0.397   0.466   0.510   0.628   0.584   0.467   0.298   0.403
              0.051   0.035   0.022   0.029   0.049
  26  3.978   0.442   0.449   0.537   0.652   0.586   0.445   0.290   0.395
              0.049   0.030   0.026   0.030   0.049
  27  3.781   0.318   0.495   0.170   0.675   0.631   0.716   0.258   0.384
              0.031   0.011   0.015   0.032   0.045
  28  3.777   0.336   0.486   0.460   0.593   0.362   0.501   0.321   0.588
              0.042   0.025   0.009   0.020   0.035
  29  4.015   0.478   0.441   0.588   0.710   0.590   0.415   0.209   0.407
              0.051   0.032   0.008   0.036   0.050
  30  3.961   0.445   0.445   0.536   0.694   0.532   0.436   0.243   0.451
              0.049   0.037   0.010   0.028   0.054
  31  3.950   0.420   0.457   0.565   0.666   0.533   0.427   0.251   0.450
              0.050   0.038   0.009   0.030   0.053
  32  3.951   0.421   0.457   0.561   0.668   0.541   0.432   0.251   0.439
              0.052   0.033   0.010   0.034   0.051
  33  3.959   0.453   0.442   0.526   0.699   0.536   0.447   0.240   0.440
              0.054   0.034   0.011   0.030   0.048
  34  3.788   0.345   0.484   0.584   0.702   0.148   0.434   0.216   0.741
              0.032   0.036   0.006   0.009   0.052
  35  3.768   0.335   0.484   0.253   0.722   0.444   0.662   0.213   0.522
              0.049   0.016   0.006   0.026   0.036
  36  3.761   0.337   0.485   0.234   0.715   0.457   0.679   0.205   0.516
              0.047   0.015   0.008   0.028   0.037
  37  3.797   0.328   0.489   0.595   0.723   0.136   0.433   0.211   0.749
              0.033   0.035   0.005   0.009   0.051
  38  3.788   0.341   0.484   0.378   0.715   0.353   0.578   0.209   0.595
              0.052   0.023   0.010   0.020   0.031
  39  3.769   0.336   0.483   0.160   0.712   0.548   0.728   0.223   0.446
              0.034   0.010   0.007   0.032   0.050
  40  3.761   0.336   0.485   0.529   0.693   0.183   0.464   0.222   0.714
              0.038   0.031   0.007   0.012   0.045
  41  3.797   0.329   0.488   0.382   0.731   0.340   0.573   0.207   0.613
              0.051   0.023   0.008   0.019   0.032
  42  4.109   0.557   0.411   0.660   0.759   0.650   0.349   0.194   0.350
              0.052   0.029   0.022   0.035   0.042
  43  3.931   0.449   0.445   0.499   0.663   0.521   0.460   0.263   0.448
              0.051   0.034   0.018   0.029   0.050
  44  3.933   0.456   0.444   0.532   0.606   0.523   0.418   0.319   0.449
              0.049   0.032   0.024   0.034   0.046
  45  3.943   0.422   0.457   0.581   0.639   0.530   0.407   0.286   0.437
              0.045   0.031   0.022   0.032   0.054
  46  3.950   0.419   0.456   0.580   0.650   0.531   0.405   0.289   0.439
              0.044   0.031   0.023   0.030   0.053
  47  3.784   0.361   0.478   0.561   0.552   0.261   0.429   0.354   0.649
              0.037   0.026   0.013   0.024   0.039
  48  3.774   0.336   0.482   0.227   0.636   0.571   0.664   0.302   0.421
              0.030   0.015   0.013   0.031   0.046
  49  3.760   0.337   0.485   0.445   0.680   0.279   0.509   0.257   0.634
              0.043   0.023   0.022   0.017   0.029
  50  3.797   0.330   0.488   0.554   0.618   0.282   0.440   0.314   0.641
              0.038   0.024   0.011   0.020   0.039
  51  3.799   0.331   0.488   0.565   0.695   0.196   0.439   0.255   0.697
              0.035   0.030   0.016   0.011   0.041
  52  3.784   0.343   0.485   0.557   0.644   0.210   0.447   0.271   0.689
              0.035   0.032   0.015   0.014   0.041
  53  3.769   0.331   0.486   0.402   0.628   0.394   0.546   0.294   0.554
              0.048   0.023   0.009   0.022   0.032
  54  3.763   0.339   0.485   0.189   0.675   0.517   0.701   0.258   0.463
              0.035   0.011   0.016   0.032   0.042

Species: H                   
Atom  Qatom  Qorb
               1s      1s      2Ppy    2Ppz    2Ppx    
  55  1.240   0.906   0.227   0.032   0.031   0.043
  56  1.245   0.908   0.231   0.024   0.038   0.045
  57  1.234   0.886   0.242   0.026   0.036   0.044
  58  1.241   0.908   0.226   0.049   0.038   0.020
  59  1.247   0.910   0.230   0.022   0.033   0.051
  60  1.243   0.911   0.226   0.034   0.039   0.034
  61  1.245   0.894   0.240   0.050   0.034   0.028
  62  1.242   0.876   0.253   0.025   0.034   0.053
  63  1.239   0.885   0.245   0.021   0.033   0.055
  64  1.239   0.906   0.227   0.042   0.037   0.027
  65  1.240   0.907   0.227   0.044   0.035   0.027
  66  1.245   0.907   0.232   0.017   0.035   0.054
  67  1.246   0.889   0.243   0.037   0.033   0.044
  68  1.240   0.908   0.226   0.050   0.037   0.019
  69  1.240   0.907   0.228   0.022   0.036   0.048
  70  1.245   0.907   0.232   0.033   0.034   0.038
  71  1.251   0.892   0.243   0.037   0.032   0.048
  72  1.243   0.865   0.262   0.058   0.034   0.024
  73  1.239   0.895   0.238   0.050   0.034   0.023
  74  1.110   0.946   0.102   0.037   0.016   0.009
  75  1.245   0.881   0.250   0.053   0.034   0.026
  76  1.233   0.898   0.231   0.027   0.036   0.041
  77  1.250   0.904   0.235   0.054   0.030   0.026
  78  1.244   0.906   0.233   0.027   0.039   0.040
  79  1.243   0.827   0.292   0.059   0.040   0.026
  80  1.239   0.899   0.236   0.052   0.033   0.019
  81  1.231   0.866   0.257   0.031   0.033   0.044
  82  1.243   0.899   0.240   0.054   0.032   0.019
  83  1.255   0.887   0.245   0.060   0.035   0.027
  84  1.243   0.906   0.230   0.052   0.033   0.022
  85  1.224   0.876   0.244   0.029   0.031   0.043

mulliken: Qtot =      247.000

Mulliken Atomic Populations:
Atom #   charge [q] valence [e]  Species
     1     0.060255    3.939745  C
     2     0.235744    3.764256  C
     3     0.219461    3.780539  C
     4     0.068457    3.931543  C
     5     0.035992    3.964008  C
     6     0.198374    3.801626  C
     7     0.056927    3.943073  C
     8     0.077064    3.922936  C
     9     0.034810    3.965190  C
    10    -0.023991    4.023991  C
    11     0.240136    3.759864  C
    12     0.240670    3.759330  C
    13     0.231336    3.768664  C
    14     0.224973    3.775027  C
    15     0.219095    3.780905  C
    16     0.246821    3.753179  C
    17    -0.101052    4.101052  C
    18    -0.017539    4.017539  C
    19     0.057171    3.942829  C
    20     0.064906    3.935094  C
    21     0.208703    3.791297  C
    22     0.196074    3.803926  C
    23     0.204414    3.795586  C
    24     0.021870    3.978130  C
    25     0.062567    3.937433  C
    26     0.021607    3.978393  C
    27     0.218857    3.781143  C
    28     0.222906    3.777094  C
    29    -0.015310    4.015310  C
    30     0.039172    3.960828  C
    31     0.049533    3.950467  C
    32     0.049242    3.950758  C
    33     0.041328    3.958672  C
    34     0.211800    3.788200  C
    35     0.232184    3.767816  C
    36     0.238907    3.761093  C
    37     0.203288    3.796712  C
    38     0.211647    3.788353  C
    39     0.230620    3.769380  C
    40     0.238803    3.761197  C
    41     0.202530    3.797470  C
    42    -0.109009    4.109009  C
    43     0.069374    3.930626  C
    44     0.067383    3.932617  C
    45     0.056611    3.943389  C
    46     0.049761    3.950239  C
    47     0.215686    3.784314  C
    48     0.226369    3.773631  C
    49     0.239618    3.760382  C
    50     0.202603    3.797397  C
    51     0.201033    3.798967  C
    52     0.215545    3.784455  C
    53     0.230992    3.769008  C
    54     0.236631    3.763369  C
    55    -0.239559    1.239559  H
    56    -0.245092    1.245092  H
    57    -0.234022    1.234022  H
    58    -0.240775    1.240775  H
    59    -0.246529    1.246529  H
    60    -0.243474    1.243474  H
    61    -0.245111    1.245111  H
    62    -0.241855    1.241855  H
    63    -0.238625    1.238625  H
    64    -0.239102    1.239102  H
    65    -0.240481    1.240481  H
    66    -0.244947    1.244947  H
    67    -0.246130    1.246130  H
    68    -0.239651    1.239651  H
    69    -0.240354    1.240354  H
    70    -0.244805    1.244805  H
    71    -0.250843    1.250843  H
    72    -0.243210    1.243210  H
    73    -0.239304    1.239304  H
    74    -0.110321    1.110321  H
    75    -0.244835    1.244835  H
    76    -0.233085    1.233085  H
    77    -0.249667    1.249667  H
    78    -0.244037    1.244037  H
    79    -0.242513    1.242513  H
    80    -0.238934    1.238934  H
    81    -0.231499    1.231499  H
    82    -0.242879    1.242879  H
    83    -0.254664    1.254664  H
    84    -0.243136    1.243136  H
    85    -0.223518    1.223518  H
--------------------
 Total    -0.000000

                     ====================================
                        Begin CG opt. move =     17
                     ====================================

outcoor: Atomic coordinates (Ang):                          
   -2.73884839   -1.51945113    0.66858475   1       1  C
   -2.67878974   -2.86089620    0.06977816   1       2  C
   -1.61842235   -3.29182398   -0.63526342   1       3  C
   -0.52234878   -2.43812591   -0.83736582   1       4  C
   -0.50657306   -1.05459229   -0.40650083   1       5  C
   -1.62843898   -0.69187521    0.39287430   1       6  C
    0.68337198   -3.11080424   -1.19585083   1       7  C
    1.72888146   -2.28286484   -1.67412491   1       8  C
    1.68801307   -0.82486034   -1.52556007   1       9  C
    0.61396790   -0.23380419   -0.76819765   1      10  C
    2.76668892   -2.98103432   -2.36842341   1      11  C
    3.76823009   -2.25747992   -2.92592271   1      12  C
    3.75743575   -0.84683882   -2.81408215   1      13  C
    2.76297983   -0.15593295   -2.15665970   1      14  C
   -1.64735092    4.21849723   -0.91666757   1      15  C
   -2.65327612    3.70860426   -1.67659516   1      16  C
   -2.57936756    2.33180586   -2.05942111   1      17  C
    0.63628691    1.18922942   -0.46251669   1      18  C
   -0.47547135    2.01370196   -0.84844992   1      19  C
   -0.54035864    3.40307404   -0.49154300   1      20  C
   -1.57617346    1.54259811   -1.69562206   1      21  C
    2.98143024    1.22691372    0.52650035   1      22  C
    0.49990720    3.98814532    0.23252253   1      23  C
    4.11739323    1.91247626    1.02747308   1      24  C
    1.62603419    3.25455793    0.53964742   1      25  C
    1.74221568    1.84509928    0.19673000   1      26  C
    2.70898287    3.92293577    1.17701678   1      27  C
    3.89553733    3.29909012    1.39276392   1      28  C
    5.44841923    1.36460269    1.06398652   1      29  C
    5.85298004   -0.03245639    1.15379384   1      30  C
    7.28221890   -0.12640176    0.96507180   1      31  C
    7.79490370    1.20098148    0.75334039   1      32  C
    6.68145480    2.12209475    0.81548243   1      33  C
    5.15486198   -1.23850017    1.37866880   1      34  C
    5.84026183   -2.46138211    1.38183579   1      35  C
    7.22562847   -2.51705863    1.17486276   1      36  C
    7.95489486   -1.34079695    0.96809618   1      37  C
    6.97335880    3.47619138    0.52953040   1      38  C
    8.28467876    3.88886690    0.25848176   1      39  C
    9.34182790    2.97165906    0.24308009   1      40  C
    9.09461375    1.61531325    0.48270896   1      41  C
   -3.97645529   -1.12397337    1.33016626   1      42  C
   -4.69114394    0.06058571    0.82530755   1      43  C
   -5.02336702   -2.11497251    1.56395789   1      44  C
   -6.25350884   -1.66548335    0.95929515   1      45  C
   -6.04691935   -0.31931801    0.50323494   1      46  C
   -5.02631779   -3.39818432    2.13348827   1      47  C
   -6.17674033   -4.19846042    2.08392103   1      48  C
   -7.35058957   -3.73897521    1.46613964   1      49  C
   -7.39417651   -2.46240835    0.90010248   1      50  C
   -6.94633224    0.55423726   -0.09488525   1      51  C
   -4.31194032    1.37125508    0.52610672   1      52  C
   -6.52959241    1.85965805   -0.37447006   1      53  C
   -5.23166354    2.26234719   -0.05526564   1      54  C
   -8.24653659   -4.37764064    1.42926908   2      55  H
   -8.31165454   -2.08255229    0.42399171   2      56  H
   -4.11148604   -3.76058902    2.61959315   2      57  H
   -6.16028234   -5.20501030    2.53239819   2      58  H
   -7.97468989    0.22986670   -0.32009312   2      59  H
   -7.23425637    2.56883838   -0.83122571   2      60  H
   -4.92422421    3.30069613   -0.25303931   2      61  H
   -3.30493902    1.71707495    0.78567922   2      62  H
    4.07080352   -1.22430791    1.55913693   2      63  H
    5.28176031   -3.39590844    1.55093320   2      64  H
    7.75157542   -3.48324577    1.17536085   2      65  H
    9.04225817   -1.36931131    0.80158193   2      66  H
    6.18066509    4.23417056    0.49250752   2      67  H
    8.48455252    4.95266093    0.04668817   2      68  H
   10.36440392    3.31027763    0.02218808   2      69  H
    9.91428881    0.88271177    0.44233756   2      70  H
   -3.49855110   -3.56976888    0.18049900   2      71  H
   -1.62873125    0.31969045    0.81754626   2      72  H
   -1.54220908   -4.30091661   -1.06441345   2      73  H
    0.86161186   -4.49628483   -0.52085679   2      74  H
    2.79410077    0.92660399   -2.10332165   2      75  H
    4.58509823   -0.29161090   -3.27961837   2      76  H
    2.65471962   -4.06597273   -2.41081214   2      77  H
    4.55135657   -2.78561153   -3.44404178   2      78  H
    3.12095782    0.17089412    0.26100812   2      79  H
    2.58826263    4.97985014    1.44586677   2      80  H
    4.69848385    3.86615683    1.86315609   2      81  H
    0.44804587    5.04851396    0.49629337   2      82  H
   -1.51790613    0.50084365   -2.01707461   2      83  H
   -1.61248056    5.26944012   -0.59032353   2      84  H
   -3.50190100    4.32801778   -2.00874965   2      85  H

outcell: Unit cell vectors (Ang):
       30.000000    0.000000    0.000000
        0.000000   20.000000    0.000000
        0.000000    0.000000   20.000000

outcell: Cell vector modules (Ang)   :   30.000000   20.000000   20.000000
outcell: Cell angles (23,13,12) (deg):     90.0000     90.0000     90.0000
outcell: Cell volume (Ang**3)        :  12000.0000
<dSpData1D:S at geom step 17
  <sparsity:sparsity for geom step 17
    nrows_g=857 nrows=857 sparsity=.3989 nnzs=292953, refcount: 7>
  <dData1D:(new from dSpData1D) n=292953, refcount: 1>
refcount: 1>
new_DM -- step:    18
Re-using DM from previous geometries...
Number of DMs in history: 1
 DM extrapolation coefficients: 
1   1.00000
New DM after history re-use:
<dSpData2D:SpM extrapolated using coords
  <sparsity:sparsity for geom step 17
    nrows_g=857 nrows=857 sparsity=.3989 nnzs=292953, refcount: 9>
  <dData2D:(temp array for extrapolation) n=292953 m=1, refcount: 1>
refcount: 1>
No. of atoms with KB's overlaping orbs in proc 0. Max # of overlaps:      85     201

InitMesh: MESH = 192 x 128 x 128 = 3145728
InitMesh: Mesh cutoff (required, used) =   100.000   113.204 Ry
New grid distribution [1]: sub = 2

        iscf     Eharris(eV)        E_KS(eV)     FreeEng(eV)     dDmax    Ef(eV) dHmax(eV)
   scf:    1    -8842.009054    -8843.421104    -8843.477708  0.122126 -4.085049  3.925792
   scf:    2    -8757.838010    -8817.070176    -8817.106025  0.555562 -3.270357 21.187946
   scf:    3    -8853.715063    -8840.845081    -8840.884990  0.353407 -3.987136  7.692999
   scf:    4    -8843.590390    -8842.492465    -8842.538493  0.087772 -4.066052  4.599818
   scf:    5    -8844.528639    -8843.761336    -8843.814878  0.111724 -4.083338  2.806320
   scf:    6    -8842.361197    -8843.937908    -8843.997248  0.153636 -4.095671  2.375414
   scf:    7    -8843.354266    -8844.126696    -8844.186128  0.111468 -4.088893  1.585239
   scf:    8    -8843.978821    -8844.253570    -8844.313877  0.081820 -4.094793  0.763950
   scf:    9    -8844.267264    -8844.261344    -8844.321931  0.006924 -4.093502  0.760200
mix: Pulay -- resetting history
mix: switching mixer --> Linear-Kick
   scf:   10    -8844.290729    -8844.301784    -8844.362290  0.025864 -4.091555  0.097781
mix: switching mixer --> Pulay
   scf:   11    -8842.354183    -8843.666058    -8843.720693  0.126603 -4.099067  3.649455
   scf:   12    -8842.687093    -8843.675845    -8843.727678  0.113349 -4.098175  2.647780
   scf:   13    -8844.347458    -8844.301931    -8844.362244  0.068216 -4.092336  0.113281
   scf:   14    -8844.300867    -8844.302242    -8844.362860  0.005450 -4.092017  0.062309
   scf:   15    -8844.302585    -8844.302544    -8844.363047  0.002408 -4.092168  0.015024
   scf:   16    -8844.302503    -8844.302546    -8844.363017  0.000709 -4.092291  0.022470
   scf:   17    -8844.302455    -8844.302531    -8844.363060  0.000585 -4.092296  0.005325
   scf:   18    -8844.302562    -8844.302549    -8844.363062  0.000223 -4.092309  0.002788
   scf:   19    -8844.302535    -8844.302542    -8844.363062  0.000114 -4.092295  0.001043
mix: Pulay -- resetting history
mix: switching mixer --> Linear-Kick
   scf:   20    -8844.302545    -8844.302544    -8844.363062  0.000027 -4.092278  0.000483
mix: switching mixer --> Pulay
   scf:   21    -8844.302509    -8844.302529    -8844.363057  0.000285 -4.092278  0.009429
   scf:   22    -8844.302564    -8844.302550    -8844.363058  0.000216 -4.092311  0.010917
   scf:   23    -8844.302531    -8844.302543    -8844.363062  0.000361 -4.092290  0.000139
   scf:   24    -8844.302543    -8844.302543    -8844.363062  0.000019 -4.092275  0.000350
   scf:   25    -8844.302544    -8844.302543    -8844.363062  0.000017 -4.092264  0.000035
   scf:   26    -8844.302543    -8844.302543    -8844.363062  0.000002 -4.092262  0.000031

SCF Convergence by DM+H criterion
max |DM_out - DM_in|         :     0.0000022304
max |H_out - H_in|      (eV) :     0.0000305735
SCF cycle converged after 26 iterations

Using DM_out to compute the final energy and forces
No. of atoms with KB's overlaping orbs in proc 0. Max # of overlaps:      85     201

siesta: E_KS(eV) =            -8844.3025

siesta: Atomic forces (eV/Ang):
     1    0.537771   -0.930319   -0.169103
     2   -1.175026    0.328172    1.002106
     3    0.082170   -0.139722   -0.012634
     4    2.047316   -1.461555    0.304662
     5   -0.571981   -0.719754   -0.346993
     6   -0.123403    0.783252    0.277380
     7   -0.323293   -1.298023    2.239051
     8    0.010909   -1.304680    0.302701
     9   -0.609194   -1.516292    0.132496
    10    0.430814   -0.199531   -0.367395
    11   -0.883013    0.428992    0.931090
    12    0.470766    0.196378   -0.199381
    13    0.647330    0.299967   -0.358241
    14   -0.074872    0.194784   -0.045732
    15    1.145631    0.313082    0.611874
    16   -1.144168   -0.766605   -0.907019
    17   -1.024977    1.606757   -0.098230
    18   -0.224572    0.729702    0.204306
    19   -0.626904   -0.114220   -0.253856
    20   -0.616780    0.197824   -0.204839
    21    1.708154   -1.217676    0.534281
    22    0.274654   -0.641963    0.032655
    23   -0.314342    0.027342   -0.087554
    24   -0.520521    0.646174    0.083613
    25    0.323663   -0.169115    0.091798
    26    0.360086    0.257965    0.202665
    27    0.034619    0.080564   -0.021146
    28    0.698223   -0.283966    0.026028
    29    0.172254   -0.142097   -0.244967
    30    0.394598   -0.416964   -0.146103
    31   -0.562786   -0.034914    0.096148
    32   -0.408365    0.459325    0.075824
    33    0.534579   -0.024323   -0.028170
    34   -0.397334    0.258821    0.021498
    35   -0.247549   -0.191409    0.055989
    36    0.184544   -0.340428   -0.001880
    37    0.227588   -0.046316    0.003855
    38   -0.479125    0.167786    0.070200
    39   -0.046399    0.286262   -0.045886
    40    0.339149    0.100378   -0.074640
    41    0.193923   -0.125655   -0.007759
    42   -0.188396   -0.132049   -1.193161
    43   -0.642769    0.182459   -0.174541
    44   -0.784937   -0.289580   -0.327881
    45    0.297409   -0.120770    0.498966
    46    0.348530    0.332498    0.345149
    47    0.475511   -0.072815    0.119703
    48    0.111558   -0.258641    0.189837
    49   -0.274187   -0.255178    0.026364
    50   -0.180921    0.146535   -0.031918
    51   -0.243811   -0.039509   -0.009503
    52    0.467428    0.134792    0.093396
    53   -0.259534    0.254592   -0.162428
    54    0.220688    0.311567   -0.019483
    55   -0.030931   -0.107369    0.032657
    56   -0.085283   -0.023784   -0.050465
    57    0.148189   -0.204318    0.169123
    58    0.028780   -0.013841    0.043960
    59   -0.063536   -0.022397   -0.074367
    60   -0.047588    0.123771   -0.061099
    61    0.053177    0.041921    0.036781
    62    0.200503    0.234954   -0.000770
    63   -0.168579   -0.061893    0.060679
    64   -0.058878   -0.012729    0.007497
    65   -0.017004   -0.135119    0.015001
    66    0.121005   -0.062156    0.009088
    67   -0.169518    0.090451   -0.021353
    68   -0.033295    0.004761    0.000681
    69    0.107131    0.063947   -0.014275
    70    0.104844   -0.071034   -0.008553
    71   -0.579873    0.004109    0.203592
    72    0.056426    0.174521    0.136605
    73   -0.202479   -0.139479    0.057501
    74   -0.462443    3.865298   -2.736561
    75    0.082038    0.670072   -0.103458
    76    0.031849    0.164216   -0.043578
    77    0.244491   -0.385944   -0.157256
    78    0.822469   -0.196840   -0.566801
    79   -0.045125   -0.112236   -0.026390
    80   -0.074202    0.196878    0.121934
    81    0.367993    0.090744    0.266996
    82   -0.012560    0.337970    0.126485
    83    0.084169   -0.457005   -0.345646
    84   -0.208541    0.227446   -0.070389
    85   -0.084218    0.158485    0.057271
----------------------------------------
   Tot   -0.100282   -0.084701    0.098084
----------------------------------------
   Max    3.865298
   Res    0.546779    sqrt( Sum f_i^2 / 3N )
----------------------------------------
   Max    3.865298    constrained

Stress tensor Voigt[x,y,z,yz,xz,xy] (kbar):       -2.58       -1.85       -0.27        0.02        0.35       -0.33
(Free)E + p*V (eV/cell)    -8832.6067
Target enthalpy (eV/cell)    -8844.3556

mulliken: Atomic and Orbital Populations:

Species: C                   
Atom  Qatom  Qorb
               2s      2s      2py     2pz     2px     2py     2pz     2px     
               3Pdxy   3Pdyz   3Pdz2   3Pdxz   3Pdx2-y2
   1  3.943   0.453   0.444   0.518   0.620   0.546   0.443   0.295   0.431
              0.048   0.032   0.028   0.030   0.053
   2  3.764   0.324   0.493   0.384   0.660   0.371   0.539   0.283   0.578
              0.042   0.024   0.024   0.015   0.028
   3  3.780   0.320   0.492   0.217   0.613   0.633   0.677   0.323   0.372
              0.032   0.017   0.017   0.029   0.039
   4  3.931   0.420   0.457   0.507   0.654   0.518   0.474   0.250   0.464
              0.058   0.033   0.017   0.030   0.051
   5  3.963   0.439   0.452   0.521   0.596   0.589   0.454   0.331   0.392
              0.045   0.038   0.030   0.030   0.046
   6  3.801   0.354   0.483   0.218   0.589   0.636   0.678   0.338   0.372
              0.027   0.021   0.019   0.025   0.041
   7  3.935   0.655   0.372   0.440   0.716   0.670   0.405   0.206   0.340
              0.037   0.017   0.012   0.028   0.038
   8  3.926   0.437   0.450   0.489   0.611   0.567   0.480   0.313   0.396
              0.053   0.039   0.024   0.024   0.044
   9  3.964   0.448   0.447   0.503   0.625   0.586   0.463   0.317   0.388
              0.045   0.035   0.034   0.026   0.047
  10  4.025   0.461   0.444   0.574   0.671   0.573   0.421   0.291   0.404
              0.046   0.039   0.027   0.025   0.048
  11  3.759   0.320   0.494   0.125   0.685   0.614   0.761   0.263   0.366
              0.027   0.016   0.024   0.023   0.041
  12  3.760   0.305   0.496   0.439   0.572   0.378   0.534   0.350   0.551
              0.043   0.033   0.013   0.012   0.034
  13  3.768   0.334   0.485   0.442   0.611   0.364   0.524   0.317   0.555
              0.042   0.034   0.015   0.011   0.033
  14  3.775   0.328   0.493   0.123   0.628   0.615   0.770   0.304   0.375
              0.026   0.017   0.027   0.025   0.045
  15  3.779   0.333   0.488   0.169   0.659   0.630   0.712   0.293   0.360
              0.028   0.018   0.024   0.023   0.041
  16  3.754   0.334   0.492   0.407   0.575   0.300   0.563   0.337   0.602
              0.048   0.032   0.021   0.013   0.030
  17  4.100   0.721   0.340   0.693   0.829   0.877   0.292   0.098   0.123
              0.031   0.029   0.014   0.015   0.038
  18  4.018   0.464   0.444   0.576   0.657   0.572   0.420   0.287   0.413
              0.049   0.038   0.024   0.026   0.048
  19  3.943   0.468   0.443   0.515   0.611   0.535   0.463   0.320   0.403
              0.046   0.037   0.029   0.029   0.045
  20  3.936   0.417   0.458   0.508   0.638   0.557   0.470   0.298   0.407
              0.049   0.038   0.027   0.024   0.046
  21  3.789   0.310   0.502   0.150   0.579   0.614   0.758   0.349   0.382
              0.025   0.020   0.020   0.026   0.054
  22  3.804   0.358   0.485   0.204   0.654   0.606   0.700   0.260   0.405
              0.031   0.013   0.015   0.030   0.045
  23  3.795   0.313   0.501   0.148   0.682   0.669   0.736   0.261   0.352
              0.029   0.015   0.020   0.025   0.043
  24  3.979   0.425   0.456   0.545   0.656   0.579   0.431   0.267   0.429
              0.050   0.032   0.017   0.039   0.053
  25  3.938   0.399   0.465   0.510   0.630   0.582   0.467   0.297   0.404
              0.051   0.035   0.022   0.028   0.049
  26  3.978   0.444   0.448   0.538   0.652   0.585   0.444   0.289   0.396
              0.049   0.030   0.026   0.030   0.048
  27  3.781   0.321   0.493   0.170   0.677   0.629   0.715   0.256   0.384
              0.031   0.011   0.015   0.032   0.045
  28  3.777   0.338   0.485   0.459   0.594   0.362   0.501   0.320   0.587
              0.042   0.025   0.009   0.020   0.035
  29  4.015   0.476   0.442   0.588   0.709   0.590   0.415   0.210   0.407
              0.051   0.032   0.008   0.036   0.050
  30  3.962   0.444   0.445   0.537   0.694   0.533   0.435   0.243   0.451
              0.049   0.037   0.010   0.028   0.054
  31  3.951   0.422   0.456   0.563   0.668   0.534   0.428   0.250   0.449
              0.050   0.038   0.009   0.030   0.053
  32  3.951   0.423   0.456   0.561   0.668   0.540   0.432   0.251   0.439
              0.052   0.033   0.010   0.034   0.051
  33  3.959   0.453   0.442   0.526   0.699   0.537   0.447   0.240   0.439
              0.054   0.034   0.011   0.030   0.048
  34  3.788   0.347   0.483   0.584   0.704   0.148   0.434   0.214   0.740
              0.032   0.036   0.006   0.009   0.052
  35  3.768   0.337   0.483   0.252   0.724   0.443   0.662   0.212   0.522
              0.049   0.016   0.006   0.026   0.036
  36  3.761   0.338   0.485   0.234   0.716   0.457   0.678   0.204   0.516
              0.047   0.015   0.008   0.028   0.037
  37  3.797   0.330   0.488   0.594   0.724   0.136   0.433   0.210   0.749
              0.033   0.035   0.005   0.009   0.051
  38  3.788   0.343   0.484   0.378   0.716   0.352   0.578   0.208   0.594
              0.051   0.023   0.010   0.020   0.031
  39  3.769   0.338   0.483   0.160   0.714   0.547   0.727   0.222   0.446
              0.034   0.010   0.007   0.032   0.050
  40  3.761   0.337   0.485   0.529   0.694   0.184   0.463   0.222   0.714
              0.038   0.031   0.007   0.012   0.046
  41  3.797   0.331   0.488   0.381   0.733   0.340   0.573   0.206   0.612
              0.051   0.023   0.008   0.019   0.032
  42  4.101   0.547   0.415   0.653   0.749   0.645   0.354   0.200   0.355
              0.052   0.029   0.022   0.035   0.043
  43  3.933   0.447   0.446   0.500   0.666   0.524   0.458   0.262   0.447
              0.051   0.034   0.018   0.029   0.050
  44  3.936   0.455   0.444   0.535   0.608   0.526   0.416   0.319   0.447
              0.049   0.032   0.024   0.034   0.046
  45  3.943   0.424   0.456   0.579   0.639   0.529   0.408   0.285   0.438
              0.045   0.030   0.022   0.032   0.054
  46  3.950   0.420   0.456   0.578   0.650   0.530   0.406   0.289   0.439
              0.044   0.031   0.023   0.030   0.053
  47  3.784   0.362   0.478   0.560   0.553   0.261   0.429   0.354   0.648
              0.037   0.026   0.013   0.023   0.039
  48  3.773   0.338   0.482   0.227   0.637   0.570   0.664   0.302   0.421
              0.030   0.015   0.013   0.031   0.046
  49  3.760   0.339   0.484   0.445   0.680   0.279   0.509   0.256   0.634
              0.043   0.023   0.022   0.017   0.029
  50  3.797   0.332   0.487   0.553   0.619   0.282   0.440   0.313   0.640
              0.038   0.024   0.011   0.020   0.039
  51  3.799   0.333   0.487   0.564   0.695   0.196   0.438   0.254   0.697
              0.035   0.030   0.016   0.011   0.041
  52  3.784   0.345   0.485   0.556   0.644   0.210   0.448   0.270   0.689
              0.035   0.032   0.015   0.014   0.041
  53  3.769   0.332   0.485   0.402   0.628   0.393   0.545   0.294   0.554
              0.048   0.023   0.009   0.022   0.032
  54  3.763   0.341   0.484   0.190   0.675   0.517   0.701   0.257   0.463
              0.035   0.010   0.016   0.032   0.042

Species: H                   
Atom  Qatom  Qorb
               1s      1s      2Ppy    2Ppz    2Ppx    
  55  1.240   0.906   0.227   0.032   0.031   0.043
  56  1.245   0.907   0.231   0.024   0.038   0.045
  57  1.234   0.885   0.242   0.027   0.036   0.044
  58  1.241   0.908   0.226   0.049   0.038   0.020
  59  1.246   0.910   0.230   0.022   0.033   0.051
  60  1.243   0.911   0.226   0.034   0.039   0.034
  61  1.245   0.894   0.240   0.050   0.034   0.028
  62  1.242   0.876   0.253   0.025   0.034   0.054
  63  1.239   0.885   0.245   0.021   0.033   0.056
  64  1.239   0.906   0.227   0.042   0.037   0.027
  65  1.241   0.907   0.227   0.044   0.035   0.027
  66  1.245   0.907   0.232   0.017   0.035   0.054
  67  1.246   0.889   0.243   0.037   0.033   0.044
  68  1.240   0.908   0.226   0.050   0.037   0.019
  69  1.240   0.907   0.227   0.022   0.036   0.048
  70  1.245   0.907   0.232   0.034   0.034   0.038
  71  1.252   0.891   0.244   0.037   0.032   0.048
  72  1.244   0.865   0.262   0.058   0.034   0.025
  73  1.240   0.895   0.238   0.050   0.035   0.023
  74  1.115   0.932   0.115   0.039   0.018   0.010
  75  1.245   0.881   0.250   0.053   0.035   0.026
  76  1.233   0.898   0.231   0.027   0.036   0.041
  77  1.249   0.904   0.235   0.054   0.030   0.026
  78  1.245   0.905   0.233   0.027   0.039   0.040
  79  1.243   0.827   0.292   0.059   0.040   0.026
  80  1.239   0.899   0.236   0.052   0.033   0.019
  81  1.231   0.865   0.257   0.031   0.034   0.044
  82  1.243   0.898   0.240   0.054   0.032   0.019
  83  1.256   0.887   0.246   0.060   0.035   0.028
  84  1.244   0.905   0.231   0.052   0.033   0.022
  85  1.224   0.876   0.245   0.029   0.031   0.043

mulliken: Qtot =      247.000

Mulliken Atomic Populations:
Atom #   charge [q] valence [e]  Species
     1     0.057024    3.942976  C
     2     0.236234    3.763766  C
     3     0.220206    3.779794  C
     4     0.069179    3.930821  C
     5     0.036684    3.963316  C
     6     0.198799    3.801201  C
     7     0.064850    3.935150  C
     8     0.074058    3.925942  C
     9     0.035800    3.964200  C
    10    -0.024691    4.024691  C
    11     0.240621    3.759379  C
    12     0.239987    3.760013  C
    13     0.231916    3.768084  C
    14     0.225015    3.774985  C
    15     0.220530    3.779470  C
    16     0.246017    3.753983  C
    17    -0.100442    4.100442  C
    18    -0.017832    4.017832  C
    19     0.057106    3.942894  C
    20     0.063872    3.936128  C
    21     0.210949    3.789051  C
    22     0.196233    3.803767  C
    23     0.205446    3.794554  C
    24     0.021083    3.978917  C
    25     0.061926    3.938074  C
    26     0.021825    3.978175  C
    27     0.219056    3.780944  C
    28     0.222708    3.777292  C
    29    -0.014765    4.014765  C
    30     0.038472    3.961528  C
    31     0.049387    3.950613  C
    32     0.049123    3.950877  C
    33     0.040682    3.959318  C
    34     0.211901    3.788099  C
    35     0.232165    3.767835  C
    36     0.238743    3.761257  C
    37     0.203401    3.796599  C
    38     0.211736    3.788264  C
    39     0.230534    3.769466  C
    40     0.238592    3.761408  C
    41     0.202653    3.797347  C
    42    -0.100983    4.100983  C
    43     0.067079    3.932921  C
    44     0.064326    3.935674  C
    45     0.057018    3.942982  C
    46     0.050310    3.949690  C
    47     0.215800    3.784200  C
    48     0.226587    3.773413  C
    49     0.239736    3.760264  C
    50     0.202902    3.797098  C
    51     0.201203    3.798797  C
    52     0.215788    3.784212  C
    53     0.231198    3.768802  C
    54     0.236855    3.763145  C
    55    -0.239556    1.239556  H
    56    -0.244989    1.244989  H
    57    -0.234171    1.234171  H
    58    -0.240697    1.240697  H
    59    -0.246446    1.246446  H
    60    -0.243450    1.243450  H
    61    -0.245122    1.245122  H
    62    -0.241944    1.241944  H
    63    -0.238774    1.238774  H
    64    -0.239403    1.239403  H
    65    -0.240677    1.240677  H
    66    -0.245057    1.245057  H
    67    -0.246351    1.246351  H
    68    -0.239841    1.239841  H
    69    -0.240495    1.240495  H
    70    -0.244900    1.244900  H
    71    -0.251509    1.251509  H
    72    -0.244065    1.244065  H
    73    -0.240170    1.240170  H
    74    -0.114939    1.114939  H
    75    -0.245116    1.245116  H
    76    -0.233426    1.233426  H
    77    -0.249189    1.249189  H
    78    -0.244532    1.244532  H
    79    -0.242714    1.242714  H
    80    -0.239024    1.239024  H
    81    -0.231356    1.231356  H
    82    -0.242773    1.242773  H
    83    -0.256276    1.256276  H
    84    -0.243645    1.243645  H
    85    -0.224002    1.224002  H
--------------------
 Total    -0.000000

                     ====================================
                        Begin CG opt. move =     18
                     ====================================

outcoor: Atomic coordinates (Ang):                          
   -2.73834246   -1.52043797    0.67233427   1       1  C
   -2.68583611   -2.85993599    0.07521434   1       2  C
   -1.62111150   -3.29481255   -0.63511664   1       3  C
   -0.51874080   -2.44254368   -0.83325844   1       4  C
   -0.50907467   -1.05201276   -0.40901053   1       5  C
   -1.63027763   -0.68838468    0.39482646   1       6  C
    0.68807084   -3.12918814   -1.18548474   1       7  C
    1.72198590   -2.29305565   -1.66917021   1       8  C
    1.68673381   -0.82422835   -1.52502558   1       9  C
    0.61425778   -0.23022190   -0.76761588   1      10  C
    2.76895093   -2.98183052   -2.36734981   1      11  C
    3.77510397   -2.25579244   -2.92956980   1      12  C
    3.75959450   -0.84613863   -2.81522121   1      13  C
    2.76465007   -0.15152174   -2.15799715   1      14  C
   -1.64749980    4.22189844   -0.91694169   1      15  C
   -2.65745736    3.70742189   -1.67945215   1      16  C
   -2.58033019    2.33545198   -2.05846901   1      17  C
    0.63591236    1.18829200   -0.46241758   1      18  C
   -0.47617835    2.01200169   -0.84802790   1      19  C
   -0.54257509    3.40300470   -0.49199881   1      20  C
   -1.57404398    1.53631698   -1.69765629   1      21  C
    2.98354430    1.22414356    0.52742303   1      22  C
    0.49841283    3.99031062    0.23276347   1      23  C
    4.11854660    1.91282110    1.02799246   1      24  C
    1.62826257    3.25324754    0.54039654   1      25  C
    1.74345167    1.84490249    0.19696767   1      26  C
    2.70897093    3.92483405    1.17728592   1      27  C
    3.90039202    3.29785487    1.39309507   1      28  C
    5.44790078    1.36439639    1.06142310   1      29  C
    5.85224440   -0.03144646    1.15320442   1      30  C
    7.28103851   -0.12608090    0.96536606   1      31  C
    7.79373781    1.20186688    0.75373370   1      32  C
    6.67995873    2.12202585    0.81648045   1      33  C
    5.15278610   -1.23719760    1.37880869   1      34  C
    5.83970649   -2.46271414    1.38199825   1      35  C
    7.22599229   -2.51881431    1.17494688   1      36  C
    7.95647337   -1.34170440    0.96813123   1      37  C
    6.97075139    3.47698802    0.52998920   1      38  C
    8.28514545    3.88992566    0.25811850   1      39  C
    9.34327535    2.97250049    0.24270528   1      40  C
    9.09627244    1.61473157    0.48250849   1      41  C
   -3.97850071   -1.12805553    1.31673185   1      42  C
   -4.69089134    0.06109694    0.82736967   1      43  C
   -5.02274199   -2.11482869    1.56429230   1      44  C
   -6.25270596   -1.66539895    0.96156661   1      45  C
   -6.04589599   -0.31806441    0.50475292   1      46  C
   -5.02354250   -3.39873744    2.13405063   1      47  C
   -6.17669602   -4.19964253    2.08452804   1      48  C
   -7.35159584   -3.74046302    1.46659273   1      49  C
   -7.39567408   -2.46219851    0.89977028   1      50  C
   -6.94786434    0.55437195   -0.09527177   1      51  C
   -4.30918808    1.37191531    0.52643050   1      52  C
   -6.53048985    1.86131084   -0.37519666   1      53  C
   -5.23146503    2.26378123   -0.05583651   1      54  C
   -8.24754424   -4.37872844    1.42939876   2      55  H
   -8.31298644   -2.08229110    0.42323470   2      56  H
   -4.11014801   -3.76179251    2.62093915   2      57  H
   -6.16011601   -5.20611643    2.53307933   2      58  H
   -7.97603318    0.22937355   -0.32072253   2      59  H
   -7.23512351    2.57002986   -0.83190507   2      60  H
   -4.92355256    3.30196393   -0.25297191   2      61  H
   -3.30314475    1.71852539    0.78602465   2      62  H
    4.06871292   -1.22452778    1.55969534   2      63  H
    5.28089393   -3.39684138    1.55112210   2      64  H
    7.75200659   -3.48484931    1.17544574   2      65  H
    9.04387052   -1.36960708    0.80147310   2      66  H
    6.17864437    4.23535480    0.49243001   2      67  H
    8.48455715    4.95373324    0.04649385   2      68  H
   10.36600619    3.31086223    0.02192679   2      69  H
    9.91554033    0.88164460    0.44228162   2      70  H
   -3.50175175   -3.57009648    0.18152301   2      71  H
   -1.62808625    0.32082259    0.81845800   2      72  H
   -1.54264408   -4.30222538   -1.06450523   2      73  H
    0.85910144   -4.47628483   -0.53553440   2      74  H
    2.79421057    0.93010855   -2.10369209   2      75  H
    4.58576289   -0.29038452   -3.28014472   2      76  H
    2.65484060   -4.06892676   -2.41118706   2      77  H
    4.55502531   -2.78672876   -3.44662424   2      78  H
    3.12064570    0.16879634    0.26038740   2      79  H
    2.58751507    4.98168533    1.44669801   2      80  H
    4.70127888    3.86726053    1.86519041   2      81  H
    0.44795131    5.05090100    0.49717415   2      82  H
   -1.51695976    0.49834937   -2.01860522   2      83  H
   -1.61332218    5.27108932   -0.59031437   2      84  H
   -3.50274539    4.32991220   -2.00834275   2      85  H

outcell: Unit cell vectors (Ang):
       30.000000    0.000000    0.000000
        0.000000   20.000000    0.000000
        0.000000    0.000000   20.000000

outcell: Cell vector modules (Ang)   :   30.000000   20.000000   20.000000
outcell: Cell angles (23,13,12) (deg):     90.0000     90.0000     90.0000
outcell: Cell volume (Ang**3)        :  12000.0000
<dSpData1D:S at geom step 18
  <sparsity:sparsity for geom step 18
    nrows_g=857 nrows=857 sparsity=.4002 nnzs=293909, refcount: 7>
  <dData1D:(new from dSpData1D) n=293909, refcount: 1>
refcount: 1>
new_DM -- step:    19
Re-using DM from previous geometries...
Number of DMs in history: 1
 DM extrapolation coefficients: 
1   1.00000
New DM after history re-use:
<dSpData2D:SpM extrapolated using coords
  <sparsity:sparsity for geom step 18
    nrows_g=857 nrows=857 sparsity=.4002 nnzs=293909, refcount: 9>
  <dData2D:(temp array for extrapolation) n=293909 m=1, refcount: 1>
refcount: 1>
No. of atoms with KB's overlaping orbs in proc 0. Max # of overlaps:      85     201

InitMesh: MESH = 192 x 128 x 128 = 3145728
InitMesh: Mesh cutoff (required, used) =   100.000   113.204 Ry
New grid distribution [1]: sub = 2

        iscf     Eharris(eV)        E_KS(eV)     FreeEng(eV)     dDmax    Ef(eV) dHmax(eV)
   scf:    1    -8842.506530    -8843.783093    -8843.839594  0.113491 -4.073245  3.708437
   scf:    2    -8762.635030    -8818.754599    -8818.790553  0.555023 -3.251014 20.295819
   scf:    3    -8853.629321    -8841.170077    -8841.210760  0.329009 -3.977152  7.442741
   scf:    4    -8845.416423    -8843.693350    -8843.744633  0.097548 -4.066692  3.465682
   scf:    5    -8841.953139    -8844.044744    -8844.099254  0.211256 -4.083116  3.574225
   scf:    6    -8844.075123    -8844.312302    -8844.372453  0.102971 -4.081822  2.043690
   scf:    7    -8843.533022    -8844.349444    -8844.408598  0.102860 -4.075728  1.896428
   scf:    8    -8844.352309    -8844.556359    -8844.616872  0.080675 -4.081216  0.654826
   scf:    9    -8844.577172    -8844.572130    -8844.632102  0.008789 -4.080461  0.540369
mix: Pulay -- resetting history
mix: switching mixer --> Linear-Kick
   scf:   10    -8844.569809    -8844.584644    -8844.645041  0.024613 -4.079188  0.173317
mix: switching mixer --> Pulay
   scf:   11    -8840.004489    -8843.092366    -8843.140415  0.197088 -4.089550  5.773339
   scf:   12    -8844.700916    -8844.570630    -8844.629942  0.175189 -4.080376  0.521048
   scf:   13    -8844.584165    -8844.586439    -8844.646830  0.017914 -4.079462  0.060164
   scf:   14    -8844.585869    -8844.586558    -8844.646865  0.004443 -4.079841  0.069842
   scf:   15    -8844.586745    -8844.586676    -8844.647018  0.001189 -4.079988  0.034194
   scf:   16    -8844.586606    -8844.586691    -8844.647063  0.001591 -4.080025  0.011769
   scf:   17    -8844.586709    -8844.586707    -8844.647070  0.000559 -4.080072  0.004716
   scf:   18    -8844.586703    -8844.586705    -8844.647071  0.000140 -4.080067  0.000824
   scf:   19    -8844.586705    -8844.586705    -8844.647071  0.000033 -4.080054  0.000578
mix: Pulay -- resetting history
mix: switching mixer --> Linear-Kick
   scf:   20    -8844.586705    -8844.586705    -8844.647071  0.000012 -4.080046  0.000392
mix: switching mixer --> Pulay
   scf:   21    -8844.586648    -8844.586681    -8844.647062  0.000516 -4.080014  0.015140
   scf:   22    -8844.586719    -8844.586705    -8844.647071  0.000516 -4.080051  0.000377
   scf:   23    -8844.586705    -8844.586705    -8844.647071  0.000006 -4.080048  0.000260
   scf:   24    -8844.586704    -8844.586705    -8844.647071  0.000009 -4.080043  0.000035
   scf:   25    -8844.586705    -8844.586705    -8844.647071  0.000004 -4.080040  0.000030

SCF Convergence by DM+H criterion
max |DM_out - DM_in|         :     0.0000037262
max |H_out - H_in|      (eV) :     0.0000302249
SCF cycle converged after 25 iterations

Using DM_out to compute the final energy and forces
No. of atoms with KB's overlaping orbs in proc 0. Max # of overlaps:      85     201

siesta: E_KS(eV) =            -8844.5867

siesta: Atomic forces (eV/Ang):
     1    0.573602   -0.908214   -0.251390
     2   -0.687949    0.186602    0.701605
     3   -0.052301    0.129257    0.198976
     4    1.916358   -1.501664    0.358766
     5   -0.530050   -0.847979   -0.285831
     6   -0.036518    0.597094    0.147341
     7   -0.522953   -1.145536    2.286143
     8    0.399329   -0.993956    0.154932
     9   -0.555469   -1.648582    0.082739
    10    0.398040   -0.411483   -0.414756
    11   -0.798442    0.496965    0.864692
    12    0.078752    0.047479    0.030958
    13    0.603150    0.369306   -0.328461
    14   -0.184139   -0.090325    0.003700
    15    0.974092    0.097795    0.452377
    16   -0.859704   -0.569793   -0.678633
    17   -0.770170    1.213705   -0.074314
    18   -0.165024    0.885266    0.268824
    19   -0.671288   -0.114560   -0.289927
    20   -0.566186    0.264703   -0.167766
    21    1.433617   -0.749098    0.529308
    22    0.183059   -0.530473    0.016490
    23   -0.192543   -0.146803   -0.080161
    24   -0.534616    0.579837    0.057897
    25    0.130840    0.000648    0.048729
    26    0.391909    0.180300    0.200107
    27    0.277292   -0.075629    0.017484
    28    0.417788   -0.089088    0.008291
    29    0.197698   -0.140080   -0.202943
    30    0.366428   -0.481909   -0.141335
    31   -0.473369   -0.100471    0.085199
    32   -0.303427    0.440080    0.062641
    33    0.567532    0.036620   -0.062614
    34   -0.312760    0.153371    0.015392
    35   -0.260829   -0.076597    0.049639
    36    0.173611   -0.279274   -0.005367
    37    0.123637   -0.004877    0.016037
    38   -0.336338    0.168393    0.048046
    39   -0.136828    0.224799   -0.018413
    40    0.294238    0.062540   -0.062559
    41    0.093160   -0.076725    0.004173
    42   -0.214866   -0.022761   -0.940352
    43   -0.621121    0.241108   -0.259546
    44   -0.805788   -0.371601   -0.349113
    45    0.179216   -0.121082    0.453372
    46    0.230888    0.336360    0.322172
    47    0.343426   -0.096517    0.094236
    48    0.163883   -0.188282    0.182488
    49   -0.234154   -0.183548    0.005994
    50   -0.093076    0.117543    0.023028
    51   -0.151520   -0.015497    0.022631
    52    0.341955    0.149934    0.055832
    53   -0.226499    0.185748   -0.131192
    54    0.248341    0.236574    0.022957
    55   -0.033889   -0.115530    0.033728
    56   -0.078482   -0.022716   -0.047867
    57    0.168307   -0.207690    0.169425
    58    0.029092   -0.014159    0.045587
    59   -0.057288   -0.023212   -0.071790
    60   -0.051602    0.133114   -0.066553
    61    0.051410    0.045880    0.033887
    62    0.220066    0.238220   -0.001645
    63   -0.164064   -0.056511    0.058366
    64   -0.061516   -0.016917    0.008746
    65   -0.018071   -0.139711    0.015103
    66    0.116433   -0.060691    0.010568
    67   -0.169862    0.090862   -0.022805
    68   -0.032245    0.007664   -0.000412
    69    0.103969    0.067589   -0.014906
    70    0.100071   -0.069492   -0.008312
    71   -0.660568   -0.026426    0.225893
    72    0.038934    0.249483    0.164680
    73   -0.228953   -0.184402    0.048157
    74   -0.457057    3.905863   -2.751521
    75    0.085323    0.694120   -0.106453
    76    0.065743    0.190000   -0.062446
    77    0.287664   -0.313814   -0.168137
    78    0.862318   -0.208635   -0.592995
    79   -0.027162   -0.124595   -0.022631
    80   -0.069458    0.186878    0.118277
    81    0.364768    0.067677    0.254935
    82   -0.015902    0.321526    0.120160
    83    0.081613   -0.562691   -0.390274
    84   -0.204532    0.274063   -0.060333
    85   -0.147323    0.169440    0.028605
----------------------------------------
   Tot   -0.098346   -0.085193    0.095561
----------------------------------------
   Max    3.905863
   Res    0.513618    sqrt( Sum f_i^2 / 3N )
----------------------------------------
   Max    3.905863    constrained

Stress tensor Voigt[x,y,z,yz,xz,xy] (kbar):       -2.22       -1.56       -0.20       -0.01        0.34       -0.35
(Free)E + p*V (eV/cell)    -8834.7132
Target enthalpy (eV/cell)    -8844.6396

mulliken: Atomic and Orbital Populations:

Species: C                   
Atom  Qatom  Qorb
               2s      2s      2py     2pz     2px     2py     2pz     2px     
               3Pdxy   3Pdyz   3Pdz2   3Pdxz   3Pdx2-y2
   1  3.946   0.448   0.446   0.521   0.623   0.550   0.442   0.294   0.429
              0.048   0.033   0.028   0.030   0.053
   2  3.763   0.325   0.492   0.383   0.660   0.369   0.540   0.281   0.578
              0.042   0.024   0.025   0.015   0.028
   3  3.779   0.325   0.490   0.218   0.615   0.629   0.675   0.321   0.374
              0.031   0.017   0.017   0.029   0.039
   4  3.930   0.430   0.453   0.504   0.658   0.515   0.473   0.245   0.464
              0.057   0.033   0.017   0.030   0.051
   5  3.963   0.444   0.450   0.518   0.597   0.588   0.454   0.330   0.392
              0.045   0.038   0.030   0.030   0.046
   6  3.801   0.354   0.483   0.217   0.589   0.636   0.679   0.337   0.372
              0.027   0.021   0.019   0.025   0.041
   7  3.926   0.638   0.377   0.420   0.714   0.664   0.429   0.208   0.343
              0.037   0.017   0.012   0.028   0.037
   8  3.929   0.446   0.446   0.487   0.614   0.571   0.479   0.311   0.392
              0.052   0.039   0.024   0.024   0.044
   9  3.963   0.456   0.444   0.499   0.628   0.586   0.463   0.314   0.387
              0.045   0.034   0.034   0.026   0.047
  10  4.025   0.459   0.445   0.578   0.670   0.571   0.419   0.292   0.405
              0.047   0.039   0.027   0.025   0.048
  11  3.759   0.327   0.491   0.128   0.687   0.612   0.757   0.261   0.366
              0.027   0.016   0.024   0.022   0.041
  12  3.761   0.307   0.496   0.437   0.574   0.379   0.535   0.348   0.549
              0.043   0.033   0.013   0.012   0.034
  13  3.768   0.333   0.485   0.442   0.611   0.364   0.524   0.317   0.554
              0.042   0.034   0.015   0.011   0.033
  14  3.775   0.330   0.492   0.123   0.630   0.614   0.770   0.303   0.375
              0.026   0.017   0.027   0.025   0.044
  15  3.778   0.336   0.488   0.169   0.659   0.629   0.712   0.291   0.359
              0.028   0.018   0.024   0.023   0.041
  16  3.755   0.333   0.492   0.406   0.576   0.300   0.565   0.336   0.602
              0.049   0.032   0.020   0.013   0.030
  17  4.100   0.721   0.340   0.695   0.829   0.874   0.292   0.098   0.124
              0.031   0.029   0.014   0.015   0.037
  18  4.018   0.462   0.444   0.579   0.657   0.571   0.418   0.288   0.413
              0.049   0.038   0.024   0.026   0.048
  19  3.943   0.469   0.442   0.515   0.611   0.534   0.462   0.320   0.403
              0.046   0.037   0.029   0.029   0.044
  20  3.937   0.419   0.457   0.508   0.639   0.557   0.469   0.297   0.407
              0.049   0.038   0.027   0.024   0.046
  21  3.787   0.312   0.501   0.149   0.581   0.611   0.759   0.347   0.382
              0.025   0.020   0.020   0.026   0.054
  22  3.804   0.359   0.484   0.203   0.655   0.605   0.700   0.260   0.404
              0.031   0.013   0.015   0.030   0.045
  23  3.794   0.317   0.500   0.148   0.683   0.667   0.735   0.260   0.353
              0.029   0.015   0.020   0.025   0.043
  24  3.980   0.423   0.457   0.546   0.655   0.580   0.431   0.268   0.429
              0.050   0.032   0.017   0.039   0.053
  25  3.939   0.401   0.464   0.510   0.631   0.580   0.466   0.296   0.405
              0.051   0.035   0.022   0.028   0.048
  26  3.978   0.445   0.447   0.538   0.653   0.584   0.444   0.289   0.396
              0.049   0.030   0.026   0.030   0.048
  27  3.781   0.325   0.492   0.170   0.678   0.627   0.715   0.255   0.385
              0.031   0.011   0.015   0.032   0.045
  28  3.777   0.341   0.485   0.459   0.595   0.362   0.502   0.319   0.586
              0.042   0.025   0.009   0.020   0.035
  29  4.014   0.473   0.442   0.588   0.709   0.591   0.415   0.211   0.406
              0.051   0.032   0.008   0.036   0.050
  30  3.962   0.443   0.446   0.538   0.694   0.533   0.435   0.244   0.451
              0.049   0.037   0.010   0.028   0.054
  31  3.951   0.424   0.456   0.561   0.669   0.534   0.429   0.249   0.449
              0.050   0.038   0.009   0.030   0.053
  32  3.951   0.425   0.455   0.561   0.669   0.538   0.432   0.250   0.440
              0.052   0.033   0.010   0.034   0.051
  33  3.960   0.452   0.442   0.526   0.699   0.538   0.446   0.241   0.439
              0.054   0.034   0.011   0.030   0.048
  34  3.788   0.349   0.482   0.583   0.705   0.148   0.434   0.213   0.740
              0.032   0.036   0.006   0.009   0.052
  35  3.768   0.339   0.483   0.252   0.725   0.443   0.661   0.211   0.521
              0.049   0.016   0.006   0.026   0.036
  36  3.761   0.339   0.484   0.234   0.717   0.456   0.678   0.204   0.516
              0.047   0.015   0.008   0.028   0.037
  37  3.796   0.332   0.488   0.593   0.725   0.136   0.433   0.208   0.748
              0.033   0.035   0.005   0.009   0.051
  38  3.788   0.345   0.483   0.377   0.717   0.352   0.578   0.206   0.594
              0.051   0.023   0.010   0.020   0.031
  39  3.770   0.340   0.482   0.160   0.715   0.546   0.727   0.221   0.446
              0.034   0.010   0.007   0.032   0.050
  40  3.762   0.338   0.485   0.529   0.695   0.184   0.463   0.221   0.714
              0.038   0.031   0.007   0.012   0.046
  41  3.797   0.333   0.487   0.381   0.734   0.340   0.573   0.205   0.612
              0.050   0.023   0.008   0.019   0.032
  42  4.093   0.537   0.419   0.647   0.740   0.641   0.360   0.206   0.360
              0.052   0.030   0.021   0.035   0.043
  43  3.935   0.446   0.446   0.502   0.669   0.526   0.457   0.261   0.446
              0.051   0.034   0.018   0.029   0.050
  44  3.939   0.454   0.445   0.538   0.610   0.529   0.414   0.319   0.446
              0.049   0.031   0.024   0.034   0.046
  45  3.943   0.426   0.455   0.578   0.640   0.528   0.410   0.285   0.439
              0.045   0.030   0.022   0.032   0.054
  46  3.949   0.422   0.455   0.577   0.649   0.529   0.407   0.289   0.440
              0.044   0.031   0.023   0.030   0.053
  47  3.784   0.363   0.478   0.559   0.553   0.262   0.429   0.355   0.648
              0.037   0.026   0.013   0.023   0.039
  48  3.773   0.339   0.481   0.228   0.637   0.569   0.663   0.301   0.421
              0.030   0.015   0.013   0.031   0.046
  49  3.760   0.340   0.484   0.444   0.681   0.279   0.509   0.256   0.634
              0.043   0.023   0.022   0.017   0.029
  50  3.797   0.334   0.486   0.553   0.619   0.283   0.440   0.312   0.639
              0.038   0.024   0.011   0.020   0.038
  51  3.799   0.335   0.486   0.564   0.696   0.197   0.438   0.253   0.696
              0.035   0.030   0.016   0.011   0.041
  52  3.784   0.346   0.484   0.555   0.644   0.210   0.448   0.269   0.689
              0.035   0.032   0.015   0.014   0.041
  53  3.769   0.333   0.485   0.402   0.629   0.393   0.545   0.293   0.554
              0.048   0.023   0.009   0.022   0.032
  54  3.763   0.343   0.484   0.190   0.676   0.516   0.701   0.256   0.463
              0.035   0.010   0.016   0.032   0.042

Species: H                   
Atom  Qatom  Qorb
               1s      1s      2Ppy    2Ppz    2Ppx    
  55  1.240   0.906   0.228   0.032   0.031   0.043
  56  1.245   0.907   0.232   0.024   0.038   0.045
  57  1.234   0.885   0.242   0.027   0.036   0.044
  58  1.241   0.908   0.226   0.049   0.038   0.020
  59  1.246   0.909   0.231   0.022   0.033   0.051
  60  1.243   0.911   0.226   0.034   0.039   0.034
  61  1.245   0.894   0.240   0.050   0.034   0.028
  62  1.242   0.875   0.254   0.025   0.034   0.054
  63  1.239   0.885   0.245   0.021   0.033   0.056
  64  1.240   0.907   0.227   0.042   0.037   0.027
  65  1.241   0.907   0.227   0.044   0.035   0.027
  66  1.245   0.907   0.232   0.017   0.035   0.054
  67  1.247   0.889   0.243   0.037   0.033   0.044
  68  1.240   0.908   0.226   0.050   0.037   0.019
  69  1.241   0.907   0.227   0.022   0.036   0.048
  70  1.245   0.907   0.232   0.034   0.034   0.038
  71  1.252   0.890   0.244   0.037   0.032   0.048
  72  1.245   0.865   0.263   0.058   0.034   0.025
  73  1.241   0.895   0.238   0.050   0.035   0.023
  74  1.121   0.919   0.129   0.042   0.020   0.011
  75  1.245   0.881   0.250   0.054   0.035   0.026
  76  1.234   0.898   0.231   0.027   0.036   0.041
  77  1.249   0.905   0.234   0.054   0.030   0.026
  78  1.245   0.905   0.233   0.027   0.039   0.040
  79  1.243   0.826   0.292   0.059   0.040   0.026
  80  1.239   0.899   0.236   0.052   0.033   0.019
  81  1.231   0.865   0.257   0.031   0.034   0.044
  82  1.243   0.898   0.240   0.054   0.032   0.019
  83  1.258   0.887   0.247   0.061   0.035   0.028
  84  1.244   0.905   0.231   0.052   0.033   0.022
  85  1.224   0.876   0.245   0.029   0.031   0.043

mulliken: Qtot =      247.000

Mulliken Atomic Populations:
Atom #   charge [q] valence [e]  Species
     1     0.053622    3.946378  C
     2     0.236831    3.763169  C
     3     0.220867    3.779133  C
     4     0.069834    3.930166  C
     5     0.037384    3.962616  C
     6     0.199271    3.800729  C
     7     0.074091    3.925909  C
     8     0.071080    3.928920  C
     9     0.036653    3.963347  C
    10    -0.025421    4.025421  C
    11     0.241011    3.758989  C
    12     0.239379    3.760621  C
    13     0.232467    3.767533  C
    14     0.225140    3.774860  C
    15     0.221959    3.778041  C
    16     0.245240    3.754760  C
    17    -0.099755    4.099755  C
    18    -0.018113    4.018113  C
    19     0.057035    3.942965  C
    20     0.062869    3.937131  C
    21     0.213179    3.786821  C
    22     0.196397    3.803603  C
    23     0.206466    3.793534  C
    24     0.020300    3.979700  C
    25     0.061298    3.938702  C
    26     0.022049    3.977951  C
    27     0.219246    3.780754  C
    28     0.222509    3.777491  C
    29    -0.014220    4.014220  C
    30     0.037782    3.962218  C
    31     0.049238    3.950762  C
    32     0.049003    3.950997  C
    33     0.040042    3.959958  C
    34     0.212002    3.787998  C
    35     0.232148    3.767852  C
    36     0.238584    3.761416  C
    37     0.203514    3.796486  C
    38     0.211820    3.788180  C
    39     0.230449    3.769551  C
    40     0.238387    3.761613  C
    41     0.202776    3.797224  C
    42    -0.092802    4.092802  C
    43     0.064694    3.935306  C
    44     0.061192    3.938808  C
    45     0.057400    3.942600  C
    46     0.050849    3.949151  C
    47     0.215924    3.784076  C
    48     0.226804    3.773196  C
    49     0.239859    3.760141  C
    50     0.203200    3.796800  C
    51     0.201378    3.798622  C
    52     0.216047    3.783953  C
    53     0.231410    3.768590  C
    54     0.237083    3.762917  C
    55    -0.239552    1.239552  H
    56    -0.244885    1.244885  H
    57    -0.234314    1.234314  H
    58    -0.240616    1.240616  H
    59    -0.246364    1.246364  H
    60    -0.243424    1.243424  H
    61    -0.245133    1.245133  H
    62    -0.242040    1.242040  H
    63    -0.238918    1.238918  H
    64    -0.239692    1.239692  H
    65    -0.240868    1.240868  H
    66    -0.245164    1.245164  H
    67    -0.246571    1.246571  H
    68    -0.240028    1.240028  H
    69    -0.240632    1.240632  H
    70    -0.244991    1.244991  H
    71    -0.252153    1.252153  H
    72    -0.244920    1.244920  H
    73    -0.241009    1.241009  H
    74    -0.120866    1.120866  H
    75    -0.245398    1.245398  H
    76    -0.233760    1.233760  H
    77    -0.248731    1.248731  H
    78    -0.245036    1.245036  H
    79    -0.242912    1.242912  H
    80    -0.239103    1.239103  H
    81    -0.231204    1.231204  H
    82    -0.242655    1.242655  H
    83    -0.257878    1.257878  H
    84    -0.244138    1.244138  H
    85    -0.224490    1.224490  H
--------------------
 Total     0.000000

                     ====================================
                        Begin CG opt. move =     19
                     ====================================

outcoor: Atomic coordinates (Ang):                          
   -2.73783653   -1.52142481    0.67608379   1       1  C
   -2.69288248   -2.85897578    0.08065052   1       2  C
   -1.62380065   -3.29780112   -0.63496986   1       3  C
   -0.51513281   -2.44696144   -0.82915107   1       4  C
   -0.51157628   -1.04943323   -0.41152023   1       5  C
   -1.63211628   -0.68489414    0.39677863   1       6  C
    0.69276970   -3.14757204   -1.17511864   1       7  C
    1.71509034   -2.30324646   -1.66421550   1       8  C
    1.68545456   -0.82359636   -1.52449109   1       9  C
    0.61454766   -0.22663962   -0.76703411   1      10  C
    2.77121293   -2.98262672   -2.36627621   1      11  C
    3.78197785   -2.25410497   -2.93321689   1      12  C
    3.76175325   -0.84543844   -2.81636028   1      13  C
    2.76632032   -0.14711053   -2.15933460   1      14  C
   -1.64764869    4.22529965   -0.91721581   1      15  C
   -2.66163861    3.70623953   -1.68230915   1      16  C
   -2.58129283    2.33909810   -2.05751692   1      17  C
    0.63553781    1.18735458   -0.46231847   1      18  C
   -0.47688536    2.01030142   -0.84760588   1      19  C
   -0.54479154    3.40293536   -0.49245461   1      20  C
   -1.57191450    1.53003584   -1.69969052   1      21  C
    2.98565836    1.22137340    0.52834571   1      22  C
    0.49691847    3.99247592    0.23300441   1      23  C
    4.11969997    1.91316594    1.02851184   1      24  C
    1.63049096    3.25193715    0.54114566   1      25  C
    1.74468766    1.84470571    0.19720535   1      26  C
    2.70895900    3.92673233    1.17755506   1      27  C
    3.90524671    3.29661962    1.39342623   1      28  C
    5.44738233    1.36419009    1.05885968   1      29  C
    5.85150877   -0.03043652    1.15261500   1      30  C
    7.27985812   -0.12576004    0.96566033   1      31  C
    7.79257192    1.20275228    0.75412702   1      32  C
    6.67846266    2.12195696    0.81747848   1      33  C
    5.15071023   -1.23589504    1.37894857   1      34  C
    5.83915115   -2.46404617    1.38216071   1      35  C
    7.22635611   -2.52056998    1.17503101   1      36  C
    7.95805188   -1.34261185    0.96816628   1      37  C
    6.96814398    3.47778466    0.53044800   1      38  C
    8.28561213    3.89098442    0.25775524   1      39  C
    9.34472281    2.97334192    0.24233047   1      40  C
    9.09793112    1.61414989    0.48230803   1      41  C
   -3.98054612   -1.13213770    1.30329745   1      42  C
   -4.69063874    0.06160816    0.82943180   1      43  C
   -5.02211697   -2.11468487    1.56462670   1      44  C
   -6.25190307   -1.66531455    0.96383808   1      45  C
   -6.04487264   -0.31681080    0.50627090   1      46  C
   -5.02076721   -3.39929057    2.13461299   1      47  C
   -6.17665170   -4.20082463    2.08513505   1      48  C
   -7.35260212   -3.74195083    1.46704581   1      49  C
   -7.39717165   -2.46198867    0.89943808   1      50  C
   -6.94939645    0.55450663   -0.09565829   1      51  C
   -4.30643584    1.37257555    0.52675427   1      52  C
   -6.53138729    1.86296363   -0.37592326   1      53  C
   -5.23126652    2.26521527   -0.05640738   1      54  C
   -8.24855189   -4.37981623    1.42952843   2      55  H
   -8.31431835   -2.08202992    0.42247770   2      56  H
   -4.10880999   -3.76299600    2.62228515   2      57  H
   -6.15994968   -5.20722256    2.53376047   2      58  H
   -7.97737647    0.22888040   -0.32135194   2      59  H
   -7.23599066    2.57122134   -0.83258442   2      60  H
   -4.92288090    3.30323174   -0.25290450   2      61  H
   -3.30135047    1.71997584    0.78637009   2      62  H
    4.06662232   -1.22474765    1.56025374   2      63  H
    5.28002755   -3.39777433    1.55131100   2      64  H
    7.75243775   -3.48645286    1.17553064   2      65  H
    9.04548287   -1.36990286    0.80136427   2      66  H
    6.17662365    4.23653904    0.49235250   2      67  H
    8.48456177    4.95480555    0.04629954   2      68  H
   10.36760846    3.31144684    0.02166551   2      69  H
    9.91679185    0.88057742    0.44222569   2      70  H
   -3.50495240   -3.57042409    0.18254701   2      71  H
   -1.62744125    0.32195472    0.81936975   2      72  H
   -1.54307909   -4.30353415   -1.06459701   2      73  H
    0.85659102   -4.45628483   -0.55021201   2      74  H
    2.79432037    0.93361311   -2.10406253   2      75  H
    4.58642755   -0.28915813   -3.28067107   2      76  H
    2.65496158   -4.07188079   -2.41156197   2      77  H
    4.55869404   -2.78784600   -3.44920669   2      78  H
    3.12033358    0.16669856    0.25976669   2      79  H
    2.58676751    4.98352052    1.44752926   2      80  H
    4.70407392    3.86836424    1.86722473   2      81  H
    0.44785676    5.05328805    0.49805492   2      82  H
   -1.51601339    0.49585509   -2.02013584   2      83  H
   -1.61416380    5.27273853   -0.59030520   2      84  H
   -3.50358978    4.33180663   -2.00793585   2      85  H

outcell: Unit cell vectors (Ang):
       30.000000    0.000000    0.000000
        0.000000   20.000000    0.000000
        0.000000    0.000000   20.000000

outcell: Cell vector modules (Ang)   :   30.000000   20.000000   20.000000
outcell: Cell angles (23,13,12) (deg):     90.0000     90.0000     90.0000
outcell: Cell volume (Ang**3)        :  12000.0000
<dSpData1D:S at geom step 19
  <sparsity:sparsity for geom step 19
    nrows_g=857 nrows=857 sparsity=.4001 nnzs=293843, refcount: 7>
  <dData1D:(new from dSpData1D) n=293843, refcount: 1>
refcount: 1>
new_DM -- step:    20
Re-using DM from previous geometries...
Number of DMs in history: 1
 DM extrapolation coefficients: 
1   1.00000
New DM after history re-use:
<dSpData2D:SpM extrapolated using coords
  <sparsity:sparsity for geom step 19
    nrows_g=857 nrows=857 sparsity=.4001 nnzs=293843, refcount: 9>
  <dData2D:(temp array for extrapolation) n=293843 m=1, refcount: 1>
refcount: 1>
No. of atoms with KB's overlaping orbs in proc 0. Max # of overlaps:      85     201

InitMesh: MESH = 192 x 128 x 128 = 3145728
InitMesh: Mesh cutoff (required, used) =   100.000   113.204 Ry
New grid distribution [1]: sub = 2

        iscf     Eharris(eV)        E_KS(eV)     FreeEng(eV)     dDmax    Ef(eV) dHmax(eV)
   scf:    1    -8842.950984    -8844.099332    -8844.155736  0.105065 -4.061710  3.490284
   scf:    2    -8769.366064    -8821.058090    -8821.094752  0.553715 -3.241040 19.230114
   scf:    3    -8852.953381    -8841.442363    -8841.483226  0.316758 -3.969326  7.245775
   scf:    4    -8845.846566    -8844.157475    -8844.210228  0.098066 -4.057658  3.054327
   scf:    5    -8844.145123    -8844.398295    -8844.459649  0.053527 -4.061534  3.270962
   scf:    6    -8842.070747    -8844.139317    -8844.195036  0.193265 -4.075706  3.060144
   scf:    7    -8844.017600    -8844.717724    -8844.777911  0.133155 -4.065388  1.403042
   scf:    8    -8844.734906    -8844.817819    -8844.877927  0.060659 -4.068859  0.350734
   scf:    9    -8844.821576    -8844.827695    -8844.887982  0.015992 -4.067420  0.119280
mix: Pulay -- resetting history
mix: switching mixer --> Linear-Kick
   scf:   10    -8844.822842    -8844.827162    -8844.887339  0.008622 -4.068135  0.127378
mix: switching mixer --> Pulay
   scf:   11    -8841.208637    -8843.639830    -8843.695698  0.173790 -4.055857  4.911959
   scf:   12    -8844.811102    -8844.828315    -8844.888425  0.171918 -4.067902  0.082213
   scf:   13    -8844.828500    -8844.828430    -8844.888587  0.001030 -4.067855  0.049709
   scf:   14    -8844.828099    -8844.828403    -8844.888644  0.002817 -4.067871  0.034601
   scf:   15    -8844.828341    -8844.828474    -8844.888637  0.002355 -4.068161  0.038406
   scf:   16    -8844.828439    -8844.828487    -8844.888694  0.001298 -4.068107  0.001290
   scf:   17    -8844.828493    -8844.828490    -8844.888694  0.000135 -4.068145  0.003244
   scf:   18    -8844.828486    -8844.828488    -8844.888694  0.000072 -4.068137  0.001249
   scf:   19    -8844.828485    -8844.828487    -8844.888694  0.000052 -4.068126  0.000244
mix: Pulay -- resetting history
mix: switching mixer --> Linear-Kick
   scf:   20    -8844.828487    -8844.828487    -8844.888694  0.000010 -4.068119  0.000085
mix: switching mixer --> Pulay
   scf:   21    -8844.828493    -8844.828490    -8844.888694  0.000121 -4.068125  0.003594
   scf:   22    -8844.828483    -8844.828487    -8844.888694  0.000113 -4.068125  0.000249
   scf:   23    -8844.828487    -8844.828487    -8844.888694  0.000008 -4.068124  0.000077
   scf:   24    -8844.828487    -8844.828487    -8844.888694  0.000006 -4.068120  0.000115
   scf:   25    -8844.828487    -8844.828487    -8844.888694  0.000005 -4.068118  0.000025

SCF Convergence by DM+H criterion
max |DM_out - DM_in|         :     0.0000049935
max |H_out - H_in|      (eV) :     0.0000254802
SCF cycle converged after 25 iterations

Using DM_out to compute the final energy and forces
No. of atoms with KB's overlaping orbs in proc 0. Max # of overlaps:      85     201

siesta: E_KS(eV) =            -8844.8285

siesta: Atomic forces (eV/Ang):
     1    0.613220   -0.885319   -0.333175
     2   -0.213203    0.048650    0.409851
     3   -0.174453    0.391980    0.402170
     4    1.782918   -1.545129    0.411108
     5   -0.486212   -0.972904   -0.221331
     6    0.049107    0.409858    0.017552
     7   -0.722120   -0.940595    2.304236
     8    0.780712   -0.704364    0.005505
     9   -0.506292   -1.766938    0.038922
    10    0.365406   -0.625814   -0.463112
    11   -0.722782    0.557614    0.801646
    12   -0.302870   -0.094457    0.255766
    13    0.559443    0.438435   -0.299191
    14   -0.288225   -0.371322    0.050718
    15    0.810971   -0.115119    0.298866
    16   -0.584851   -0.371183   -0.456589
    17   -0.526308    0.822241   -0.057565
    18   -0.105866    1.044039    0.333868
    19   -0.716146   -0.115881   -0.326392
    20   -0.516685    0.331462   -0.131447
    21    1.172214   -0.282218    0.532004
    22    0.091820   -0.419133    0.000361
    23   -0.074863   -0.317552   -0.073684
    24   -0.548712    0.512882    0.032150
    25   -0.056743    0.167603    0.007385
    26    0.423476    0.102696    0.197498
    27    0.511926   -0.227632    0.054475
    28    0.144028    0.103361   -0.007789
    29    0.223007   -0.138106   -0.160993
    30    0.338274   -0.546958   -0.136570
    31   -0.384538   -0.164864    0.074300
    32   -0.199528    0.420377    0.049689
    33    0.600560    0.097579   -0.097011
    34   -0.229371    0.049811    0.009288
    35   -0.273158    0.036147    0.043320
    36    0.162627   -0.218441   -0.008775
    37    0.020389    0.035534    0.028185
    38   -0.195586    0.168251    0.026361
    39   -0.225286    0.164171    0.008657
    40    0.249666    0.025061   -0.050550
    41   -0.006557   -0.027552    0.015949
    42   -0.246405    0.088410   -0.690409
    43   -0.598589    0.298151   -0.343931
    44   -0.826143   -0.452876   -0.370019
    45    0.061238   -0.121663    0.407850
    46    0.113708    0.340394    0.298968
    47    0.212611   -0.119169    0.068847
    48    0.215061   -0.118880    0.175092
    49   -0.194319   -0.112688   -0.014130
    50   -0.005866    0.088696    0.077782
    51   -0.060114    0.008253    0.054648
    52    0.216890    0.164237    0.018917
    53   -0.193670    0.117638   -0.100192
    54    0.275374    0.162660    0.064907
    55   -0.036868   -0.123599    0.034748
    56   -0.071771   -0.021647   -0.045261
    57    0.188486   -0.211255    0.169940
    58    0.029379   -0.014512    0.047224
    59   -0.051086   -0.023960   -0.069210
    60   -0.055712    0.142368   -0.072011
    61    0.049637    0.049836    0.030945
    62    0.239403    0.241352   -0.002215
    63   -0.159548   -0.051189    0.056075
    64   -0.064184   -0.021191    0.010005
    65   -0.019025   -0.144283    0.015181
    66    0.111922   -0.059393    0.012014
    67   -0.170083    0.091014   -0.024290
    68   -0.031187    0.010597   -0.001495
    69    0.100933    0.071267   -0.015563
    70    0.095332   -0.067980   -0.008071
    71   -0.741519   -0.057738    0.247867
    72    0.022189    0.325921    0.193339
    73   -0.254842   -0.229674    0.038610
    74   -0.445569    3.897045   -2.740545
    75    0.088515    0.718270   -0.109329
    76    0.099694    0.215988   -0.081349
    77    0.330650   -0.242755   -0.178994
    78    0.901889   -0.220744   -0.618910
    79   -0.009476   -0.136774   -0.018872
    80   -0.064854    0.176907    0.114569
    81    0.361142    0.044410    0.242632
    82   -0.019425    0.305125    0.113756
    83    0.079091   -0.672004   -0.436032
    84   -0.200763    0.321546   -0.050026
    85   -0.210299    0.180802    0.000436
----------------------------------------
   Tot   -0.098762   -0.086814    0.089150
----------------------------------------
   Max    3.897045
   Res    0.498820    sqrt( Sum f_i^2 / 3N )
----------------------------------------
   Max    3.897045    constrained

Stress tensor Voigt[x,y,z,yz,xz,xy] (kbar):       -1.87       -1.28       -0.13       -0.03        0.32       -0.36
(Free)E + p*V (eV/cell)    -8836.7041
Target enthalpy (eV/cell)    -8844.8812

mulliken: Atomic and Orbital Populations:

Species: C                   
Atom  Qatom  Qorb
               2s      2s      2py     2pz     2px     2py     2pz     2px     
               3Pdxy   3Pdyz   3Pdz2   3Pdxz   3Pdx2-y2
   1  3.950   0.444   0.447   0.524   0.626   0.554   0.441   0.294   0.427
              0.049   0.033   0.028   0.030   0.054
   2  3.762   0.327   0.492   0.381   0.660   0.368   0.542   0.280   0.579
              0.042   0.024   0.025   0.015   0.028
   3  3.779   0.330   0.488   0.220   0.616   0.626   0.673   0.319   0.375
              0.031   0.016   0.017   0.029   0.039
   4  3.930   0.440   0.449   0.502   0.662   0.512   0.473   0.239   0.464
              0.057   0.033   0.016   0.030   0.051
   5  3.962   0.449   0.448   0.516   0.597   0.588   0.455   0.329   0.392
              0.045   0.038   0.030   0.029   0.047
   6  3.800   0.354   0.483   0.217   0.589   0.636   0.680   0.337   0.372
              0.027   0.021   0.019   0.025   0.041
   7  3.916   0.620   0.384   0.398   0.711   0.659   0.455   0.212   0.346
              0.037   0.017   0.012   0.027   0.037
   8  3.932   0.454   0.443   0.486   0.616   0.575   0.478   0.309   0.388
              0.051   0.038   0.025   0.024   0.045
   9  3.963   0.464   0.441   0.496   0.631   0.587   0.462   0.311   0.386
              0.044   0.034   0.034   0.026   0.046
  10  4.026   0.457   0.445   0.582   0.669   0.569   0.417   0.293   0.406
              0.047   0.040   0.027   0.025   0.048
  11  3.759   0.334   0.489   0.130   0.689   0.610   0.753   0.258   0.365
              0.027   0.015   0.024   0.022   0.042
  12  3.761   0.309   0.495   0.435   0.576   0.381   0.536   0.347   0.548
              0.043   0.033   0.013   0.012   0.034
  13  3.767   0.333   0.486   0.442   0.610   0.364   0.524   0.318   0.554
              0.042   0.035   0.015   0.011   0.032
  14  3.775   0.332   0.491   0.124   0.632   0.613   0.769   0.301   0.374
              0.026   0.017   0.026   0.025   0.044
  15  3.777   0.339   0.487   0.169   0.659   0.628   0.713   0.290   0.359
              0.028   0.018   0.023   0.023   0.041
  16  3.756   0.332   0.493   0.406   0.577   0.300   0.567   0.335   0.601
              0.049   0.032   0.020   0.013   0.030
  17  4.099   0.722   0.340   0.697   0.829   0.871   0.292   0.098   0.124
              0.031   0.029   0.013   0.015   0.037
  18  4.018   0.460   0.445   0.582   0.656   0.570   0.417   0.289   0.414
              0.049   0.039   0.024   0.026   0.048
  19  3.943   0.470   0.442   0.514   0.610   0.534   0.462   0.321   0.404
              0.046   0.037   0.029   0.029   0.044
  20  3.938   0.421   0.456   0.508   0.640   0.557   0.469   0.297   0.407
              0.049   0.038   0.027   0.024   0.046
  21  3.785   0.314   0.501   0.147   0.583   0.609   0.761   0.344   0.381
              0.025   0.020   0.020   0.026   0.053
  22  3.803   0.360   0.484   0.203   0.655   0.604   0.700   0.259   0.404
              0.031   0.013   0.015   0.030   0.044
  23  3.793   0.321   0.498   0.148   0.684   0.664   0.734   0.258   0.353
              0.029   0.014   0.019   0.025   0.043
  24  3.980   0.422   0.457   0.548   0.654   0.580   0.430   0.269   0.429
              0.051   0.032   0.017   0.039   0.053
  25  3.939   0.404   0.463   0.510   0.632   0.578   0.466   0.295   0.406
              0.051   0.035   0.022   0.028   0.048
  26  3.978   0.447   0.446   0.538   0.653   0.582   0.443   0.288   0.397
              0.049   0.030   0.026   0.030   0.048
  27  3.781   0.328   0.491   0.171   0.680   0.625   0.714   0.253   0.385
              0.031   0.011   0.015   0.031   0.045
  28  3.778   0.343   0.484   0.458   0.596   0.362   0.502   0.318   0.584
              0.042   0.025   0.009   0.020   0.035
  29  4.014   0.471   0.443   0.588   0.708   0.592   0.415   0.212   0.406
              0.051   0.032   0.008   0.036   0.050
  30  3.963   0.443   0.446   0.539   0.694   0.534   0.435   0.244   0.451
              0.049   0.038   0.010   0.028   0.054
  31  3.951   0.426   0.455   0.560   0.670   0.534   0.430   0.248   0.449
              0.050   0.038   0.009   0.030   0.053
  32  3.951   0.427   0.454   0.561   0.670   0.537   0.432   0.249   0.440
              0.052   0.033   0.010   0.034   0.051
  33  3.961   0.452   0.442   0.526   0.699   0.539   0.446   0.241   0.439
              0.054   0.034   0.011   0.030   0.048
  34  3.788   0.351   0.482   0.582   0.706   0.148   0.434   0.212   0.739
              0.032   0.035   0.006   0.009   0.051
  35  3.768   0.341   0.482   0.252   0.727   0.442   0.661   0.210   0.521
              0.049   0.016   0.006   0.026   0.036
  36  3.762   0.340   0.484   0.234   0.718   0.456   0.678   0.203   0.516
              0.047   0.015   0.008   0.028   0.037
  37  3.796   0.334   0.487   0.592   0.727   0.137   0.433   0.207   0.748
              0.033   0.035   0.006   0.009   0.051
  38  3.788   0.347   0.482   0.377   0.718   0.352   0.578   0.205   0.593
              0.051   0.023   0.010   0.020   0.031
  39  3.770   0.342   0.481   0.161   0.717   0.545   0.726   0.219   0.445
              0.034   0.010   0.007   0.032   0.050
  40  3.762   0.339   0.484   0.528   0.696   0.184   0.463   0.220   0.713
              0.038   0.031   0.007   0.012   0.046
  41  3.797   0.335   0.486   0.380   0.735   0.340   0.573   0.204   0.611
              0.050   0.022   0.008   0.019   0.032
  42  4.084   0.528   0.423   0.640   0.731   0.636   0.366   0.212   0.365
              0.053   0.030   0.021   0.035   0.044
  43  3.938   0.445   0.446   0.504   0.672   0.528   0.455   0.260   0.445
              0.051   0.034   0.018   0.029   0.050
  44  3.942   0.452   0.445   0.540   0.612   0.533   0.412   0.318   0.445
              0.049   0.031   0.024   0.034   0.046
  45  3.942   0.428   0.454   0.576   0.640   0.526   0.411   0.284   0.440
              0.045   0.030   0.022   0.032   0.054
  46  3.949   0.424   0.454   0.575   0.649   0.528   0.408   0.289   0.441
              0.044   0.031   0.023   0.031   0.053
  47  3.784   0.365   0.477   0.559   0.553   0.262   0.429   0.355   0.648
              0.037   0.026   0.013   0.023   0.039
  48  3.773   0.341   0.480   0.228   0.638   0.568   0.662   0.300   0.421
              0.030   0.015   0.013   0.031   0.046
  49  3.760   0.341   0.484   0.444   0.681   0.279   0.508   0.255   0.634
              0.043   0.023   0.022   0.017   0.029
  50  3.797   0.336   0.485   0.552   0.620   0.283   0.440   0.311   0.638
              0.038   0.024   0.011   0.020   0.038
  51  3.798   0.336   0.486   0.563   0.697   0.197   0.438   0.253   0.695
              0.035   0.030   0.016   0.011   0.041
  52  3.784   0.348   0.484   0.554   0.645   0.210   0.449   0.268   0.689
              0.035   0.032   0.015   0.014   0.041
  53  3.768   0.334   0.485   0.402   0.629   0.393   0.545   0.293   0.554
              0.048   0.022   0.009   0.022   0.032
  54  3.763   0.344   0.483   0.190   0.677   0.515   0.700   0.255   0.463
              0.035   0.010   0.016   0.032   0.042

Species: H                   
Atom  Qatom  Qorb
               1s      1s      2Ppy    2Ppz    2Ppx    
  55  1.240   0.906   0.228   0.032   0.031   0.043
  56  1.245   0.907   0.232   0.024   0.038   0.045
  57  1.234   0.885   0.243   0.027   0.036   0.044
  58  1.241   0.908   0.226   0.049   0.038   0.020
  59  1.246   0.909   0.231   0.022   0.033   0.051
  60  1.243   0.910   0.226   0.034   0.039   0.034
  61  1.245   0.893   0.240   0.050   0.034   0.028
  62  1.242   0.875   0.254   0.025   0.035   0.054
  63  1.239   0.885   0.244   0.021   0.033   0.056
  64  1.240   0.907   0.227   0.042   0.037   0.027
  65  1.241   0.908   0.227   0.045   0.035   0.027
  66  1.245   0.907   0.232   0.017   0.035   0.054
  67  1.247   0.889   0.244   0.037   0.033   0.044
  68  1.240   0.908   0.226   0.050   0.037   0.019
  69  1.241   0.907   0.227   0.022   0.036   0.048
  70  1.245   0.907   0.232   0.034   0.034   0.038
  71  1.253   0.889   0.245   0.038   0.033   0.048
  72  1.246   0.865   0.264   0.058   0.034   0.025
  73  1.242   0.896   0.238   0.050   0.035   0.023
  74  1.128   0.907   0.143   0.044   0.022   0.012
  75  1.246   0.880   0.251   0.054   0.035   0.026
  76  1.234   0.898   0.231   0.027   0.036   0.041
  77  1.248   0.905   0.233   0.054   0.030   0.026
  78  1.246   0.905   0.234   0.028   0.039   0.040
  79  1.243   0.826   0.292   0.059   0.040   0.026
  80  1.239   0.899   0.236   0.052   0.033   0.019
  81  1.231   0.865   0.257   0.031   0.034   0.044
  82  1.243   0.898   0.240   0.054   0.032   0.019
  83  1.259   0.886   0.248   0.061   0.036   0.028
  84  1.245   0.905   0.232   0.052   0.034   0.022
  85  1.225   0.876   0.246   0.029   0.031   0.043

mulliken: Qtot =      247.000

Mulliken Atomic Populations:
Atom #   charge [q] valence [e]  Species
     1     0.050063    3.949937  C
     2     0.237559    3.762441  C
     3     0.221456    3.778544  C
     4     0.070494    3.929506  C
     5     0.038076    3.961924  C
     6     0.199796    3.800204  C
     7     0.084468    3.915532  C
     8     0.068266    3.931734  C
     9     0.037324    3.962676  C
    10    -0.026173    4.026173  C
    11     0.241302    3.758698  C
    12     0.238835    3.761165  C
    13     0.232992    3.767008  C
    14     0.225327    3.774673  C
    15     0.223378    3.776622  C
    16     0.244489    3.755511  C
    17    -0.098987    4.098987  C
    18    -0.018384    4.018384  C
    19     0.056960    3.943040  C
    20     0.061895    3.938105  C
    21     0.215390    3.784610  C
    22     0.196566    3.803434  C
    23     0.207474    3.792526  C
    24     0.019522    3.980478  C
    25     0.060682    3.939318  C
    26     0.022275    3.977725  C
    27     0.219425    3.780575  C
    28     0.222313    3.777687  C
    29    -0.013672    4.013672  C
    30     0.037101    3.962899  C
    31     0.049085    3.950915  C
    32     0.048885    3.951115  C
    33     0.039405    3.960595  C
    34     0.212101    3.787899  C
    35     0.232134    3.767866  C
    36     0.238432    3.761568  C
    37     0.203626    3.796374  C
    38     0.211899    3.788101  C
    39     0.230362    3.769638  C
    40     0.238187    3.761813  C
    41     0.202897    3.797103  C
    42    -0.084490    4.084490  C
    43     0.062226    3.937774  C
    44     0.057997    3.942003  C
    45     0.057753    3.942247  C
    46     0.051371    3.948629  C
    47     0.216053    3.783947  C
    48     0.227021    3.772979  C
    49     0.239986    3.760014  C
    50     0.203496    3.796504  C
    51     0.201557    3.798443  C
    52     0.216322    3.783678  C
    53     0.231630    3.768370  C
    54     0.237315    3.762685  C
    55    -0.239550    1.239550  H
    56    -0.244782    1.244782  H
    57    -0.234455    1.234455  H
    58    -0.240533    1.240533  H
    59    -0.246280    1.246280  H
    60    -0.243397    1.243397  H
    61    -0.245145    1.245145  H
    62    -0.242143    1.242143  H
    63    -0.239058    1.239058  H
    64    -0.239969    1.239969  H
    65    -0.241053    1.241053  H
    66    -0.245270    1.245270  H
    67    -0.246789    1.246789  H
    68    -0.240213    1.240213  H
    69    -0.240766    1.240766  H
    70    -0.245079    1.245079  H
    71    -0.252783    1.252783  H
    72    -0.245773    1.245773  H
    73    -0.241816    1.241816  H
    74    -0.128113    1.128113  H
    75    -0.245676    1.245676  H
    76    -0.234086    1.234086  H
    77    -0.248282    1.248282  H
    78    -0.245544    1.245544  H
    79    -0.243106    1.243106  H
    80    -0.239173    1.239173  H
    81    -0.231042    1.231042  H
    82    -0.242525    1.242525  H
    83    -0.259466    1.259466  H
    84    -0.244616    1.244616  H
    85    -0.224981    1.224981  H
--------------------
 Total     0.000000

                     ====================================
                        Begin CG opt. move =     20
                     ====================================

outcoor: Atomic coordinates (Ang):                          
   -2.73733060   -1.52241165    0.67983332   1       1  C
   -2.69992885   -2.85801557    0.08608670   1       2  C
   -1.62648980   -3.30078969   -0.63482308   1       3  C
   -0.51152482   -2.45137920   -0.82504369   1       4  C
   -0.51407789   -1.04685370   -0.41402992   1       5  C
   -1.63395494   -0.68140360    0.39873079   1       6  C
    0.69746856   -3.16595594   -1.16475254   1       7  C
    1.70819477   -2.31343727   -1.65926080   1       8  C
    1.68417530   -0.82296437   -1.52395661   1       9  C
    0.61483755   -0.22305734   -0.76645234   1      10  C
    2.77347494   -2.98342292   -2.36520261   1      11  C
    3.78885173   -2.25241750   -2.93686397   1      12  C
    3.76391200   -0.84473824   -2.81749934   1      13  C
    2.76799056   -0.14269931   -2.16067205   1      14  C
   -1.64779757    4.22870086   -0.91748992   1      15  C
   -2.66581985    3.70505716   -1.68516614   1      16  C
   -2.58225546    2.34274421   -2.05656483   1      17  C
    0.63516327    1.18641716   -0.46221935   1      18  C
   -0.47759236    2.00860115   -0.84718386   1      19  C
   -0.54700799    3.40286602   -0.49291042   1      20  C
   -1.56978502    1.52375471   -1.70172475   1      21  C
    2.98777241    1.21860323    0.52926839   1      22  C
    0.49542410    3.99464123    0.23324535   1      23  C
    4.12085334    1.91351078    1.02903123   1      24  C
    1.63271934    3.25062676    0.54189478   1      25  C
    1.74592365    1.84450892    0.19744302   1      26  C
    2.70894707    3.92863060    1.17782421   1      27  C
    3.91010140    3.29538437    1.39375739   1      28  C
    5.44686388    1.36398379    1.05629626   1      29  C
    5.85077313   -0.02942659    1.15202558   1      30  C
    7.27867772   -0.12543919    0.96595460   1      31  C
    7.79140603    1.20363768    0.75452033   1      32  C
    6.67696659    2.12188807    0.81847650   1      33  C
    5.14863435   -1.23459247    1.37908846   1      34  C
    5.83859581   -2.46537820    1.38232317   1      35  C
    7.22671993   -2.52232565    1.17511514   1      36  C
    7.95963039   -1.34351931    0.96820134   1      37  C
    6.96553656    3.47858130    0.53090681   1      38  C
    8.28607882    3.89204319    0.25739198   1      39  C
    9.34617026    2.97418335    0.24195566   1      40  C
    9.09958981    1.61356821    0.48210757   1      41  C
   -3.98259153   -1.13621987    1.28986304   1      42  C
   -4.69038614    0.06211939    0.83149392   1      43  C
   -5.02149194   -2.11454105    1.56496110   1      44  C
   -6.25110019   -1.66523015    0.96610954   1      45  C
   -6.04384929   -0.31555720    0.50778887   1      46  C
   -5.01799191   -3.39984369    2.13517534   1      47  C
   -6.17660738   -4.20200674    2.08574206   1      48  C
   -7.35360839   -3.74343864    1.46749889   1      49  C
   -7.39866922   -2.46177882    0.89910588   1      50  C
   -6.95092855    0.55464132   -0.09604481   1      51  C
   -4.30368360    1.37323578    0.52707804   1      52  C
   -6.53228473    1.86461642   -0.37664986   1      53  C
   -5.23106801    2.26664930   -0.05697825   1      54  C
   -8.24955953   -4.38090402    1.42965811   2      55  H
   -8.31565025   -2.08176873    0.42172070   2      56  H
   -4.10747196   -3.76419950    2.62363115   2      57  H
   -6.15978335   -5.20832870    2.53444161   2      58  H
   -7.97871976    0.22838725   -0.32198135   2      59  H
   -7.23685780    2.57241282   -0.83326378   2      60  H
   -4.92220924    3.30449954   -0.25283710   2      61  H
   -3.29955620    1.72142629    0.78671552   2      62  H
    4.06453173   -1.22496751    1.56081215   2      63  H
    5.27916117   -3.39870727    1.55149989   2      64  H
    7.75286892   -3.48805640    1.17561554   2      65  H
    9.04709522   -1.37019863    0.80125544   2      66  H
    6.17460293    4.23772328    0.49227499   2      67  H
    8.48456639    4.95587786    0.04610522   2      68  H
   10.36921072    3.31203145    0.02140423   2      69  H
    9.91804337    0.87951025    0.44216975   2      70  H
   -3.50815306   -3.57075170    0.18357102   2      71  H
   -1.62679626    0.32308686    0.82028149   2      72  H
   -1.54351409   -4.30484291   -1.06468879   2      73  H
    0.85408060   -4.43628483   -0.56488961   2      74  H
    2.79443017    0.93711768   -2.10443297   2      75  H
    4.58709222   -0.28793175   -3.28119741   2      76  H
    2.65508256   -4.07483483   -2.41193688   2      77  H
    4.56236278   -2.78896323   -3.45178915   2      78  H
    3.12002146    0.16460078    0.25914597   2      79  H
    2.58601995    4.98535571    1.44836050   2      80  H
    4.70686895    3.86946794    1.86925904   2      81  H
    0.44776221    5.05567509    0.49893570   2      82  H
   -1.51506702    0.49336081   -2.02166645   2      83  H
   -1.61500543    5.27438773   -0.59029604   2      84  H
   -3.50443417    4.33370105   -2.00752895   2      85  H

outcell: Unit cell vectors (Ang):
       30.000000    0.000000    0.000000
        0.000000   20.000000    0.000000
        0.000000    0.000000   20.000000

outcell: Cell vector modules (Ang)   :   30.000000   20.000000   20.000000
outcell: Cell angles (23,13,12) (deg):     90.0000     90.0000     90.0000
outcell: Cell volume (Ang**3)        :  12000.0000
<dSpData1D:S at geom step 20
  <sparsity:sparsity for geom step 20
    nrows_g=857 nrows=857 sparsity=.4004 nnzs=294045, refcount: 7>
  <dData1D:(new from dSpData1D) n=294045, refcount: 1>
refcount: 1>
new_DM -- step:    21
Re-using DM from previous geometries...
Number of DMs in history: 1
 DM extrapolation coefficients: 
1   1.00000
New DM after history re-use:
<dSpData2D:SpM extrapolated using coords
  <sparsity:sparsity for geom step 20
    nrows_g=857 nrows=857 sparsity=.4004 nnzs=294045, refcount: 9>
  <dData2D:(temp array for extrapolation) n=294045 m=1, refcount: 1>
refcount: 1>
No. of atoms with KB's overlaping orbs in proc 0. Max # of overlaps:      85     201

InitMesh: MESH = 192 x 128 x 128 = 3145728
InitMesh: Mesh cutoff (required, used) =   100.000   113.204 Ry
New grid distribution [1]: sub = 2

        iscf     Eharris(eV)        E_KS(eV)     FreeEng(eV)     dDmax    Ef(eV) dHmax(eV)
   scf:    1    -8843.338148    -8844.366904    -8844.423204  0.096881 -4.050479  3.270725
   scf:    2    -8778.878662    -8824.267262    -8824.304865  0.552218 -3.250983 17.859377
   scf:    3    -8851.299015    -8841.707016    -8841.747478  0.326574 -3.961650  7.151466
   scf:    4    -8844.760966    -8843.449273    -8843.496922  0.079455 -4.034502  4.259502
   scf:    5    -8844.718024    -8844.144598    -8844.196443  0.054427 -4.043317  3.359494
   scf:    6    -8844.236437    -8844.673315    -8844.735737  0.094713 -4.053400  2.809536
   scf:    7    -8844.858505    -8844.903134    -8844.962796  0.043224 -4.055000  1.301275
   scf:    8    -8844.490084    -8844.917490    -8844.976930  0.077262 -4.060512  1.197917
   scf:    9    -8845.060911    -8845.014213    -8845.074365  0.023861 -4.056998  0.405379
mix: Pulay -- resetting history
mix: switching mixer --> Linear-Kick
   scf:   10    -8844.987679    -8845.018074    -8845.078170  0.018951 -4.055377  0.328886
mix: switching mixer --> Pulay
   scf:   11    -8835.823171    -8842.046002    -8842.086022  0.268032 -4.072737  7.977869
   scf:   12    -8845.097299    -8844.677898    -8844.732183  0.177964 -4.060499  2.572565
   scf:   13    -8844.968037    -8845.021088    -8845.081352  0.088987 -4.055948  0.309599
   scf:   14    -8845.022256    -8845.025332    -8845.085284  0.013673 -4.056684  0.095761
   scf:   15    -8845.025686    -8845.025566    -8845.085587  0.001812 -4.056595  0.041794
   scf:   16    -8845.024777    -8845.025461    -8845.085540  0.003518 -4.056423  0.058110
   scf:   17    -8845.025740    -8845.025635    -8845.085692  0.001247 -4.056506  0.021589
   scf:   18    -8845.025685    -8845.025671    -8845.085715  0.000681 -4.056563  0.001262
   scf:   19    -8845.025676    -8845.025674    -8845.085715  0.000032 -4.056553  0.000187
mix: Pulay -- resetting history
mix: switching mixer --> Linear-Kick
   scf:   20    -8845.025665    -8845.025670    -8845.085714  0.000140 -4.056529  0.004019
mix: switching mixer --> Pulay
   scf:   21    -8845.022754    -8845.024766    -8845.084648  0.005500 -4.056812  0.161189
   scf:   22    -8845.025516    -8845.025672    -8845.085715  0.005389 -4.056546  0.000926
   scf:   23    -8845.025674    -8845.025673    -8845.085715  0.000012 -4.056546  0.000499
   scf:   24    -8845.025674    -8845.025674    -8845.085715  0.000013 -4.056534  0.000077
   scf:   25    -8845.025674    -8845.025674    -8845.085715  0.000014 -4.056519  0.000090
   scf:   26    -8845.025674    -8845.025674    -8845.085715  0.000003 -4.056518  0.000013

SCF Convergence by DM+H criterion
max |DM_out - DM_in|         :     0.0000033526
max |H_out - H_in|      (eV) :     0.0000133578
SCF cycle converged after 26 iterations

Using DM_out to compute the final energy and forces
No. of atoms with KB's overlaping orbs in proc 0. Max # of overlaps:      85     201

siesta: E_KS(eV) =            -8845.0257

siesta: Atomic forces (eV/Ang):
     1    0.656519   -0.861520   -0.414038
     2    0.249095   -0.086153    0.126863
     3   -0.284307    0.647740    0.596609
     4    1.646456   -1.591378    0.462075
     5   -0.440374   -1.094308   -0.153807
     6    0.133428    0.221592   -0.111884
     7   -0.921599   -0.664923    2.288208
     8    1.154013   -0.435856   -0.144802
     9   -0.461353   -1.872108    0.000738
    10    0.333040   -0.842340   -0.512203
    11   -0.655225    0.611469    0.741584
    12   -0.674486   -0.229241    0.475150
    13    0.516280    0.507383   -0.270474
    14   -0.387147   -0.648478    0.095304
    15    0.656134   -0.325557    0.151334
    16   -0.319662   -0.170799   -0.240881
    17   -0.293771    0.433450   -0.047664
    18   -0.047010    1.206074    0.399469
    19   -0.761357   -0.117978   -0.363218
    20   -0.468126    0.398566   -0.095690
    21    0.923679    0.183475    0.541937
    22    0.001082   -0.307760   -0.015612
    23    0.038774   -0.484911   -0.068112
    24   -0.562769    0.445340    0.006352
    25   -0.239262    0.331722   -0.032250
    26    0.454616    0.025042    0.194749
    27    0.738667   -0.375808    0.089765
    28   -0.122320    0.293759   -0.022547
    29    0.248291   -0.136152   -0.119172
    30    0.310204   -0.612224   -0.131788
    31   -0.296298   -0.227964    0.063437
    32   -0.096812    0.400302    0.036953
    33    0.633690    0.158568   -0.131364
    34   -0.147086   -0.051810    0.003203
    35   -0.284647    0.146931    0.037021
    36    0.151588   -0.157874   -0.012162
    37   -0.081892    0.075101    0.040250
    38   -0.057057    0.167690    0.005144
    39   -0.311664    0.104463    0.035289
    40    0.205113   -0.012118   -0.038547
    41   -0.105333    0.021679    0.027581
    42   -0.283107    0.201664   -0.443894
    43   -0.575059    0.353497   -0.427718
    44   -0.845802   -0.533333   -0.390614
    45   -0.056462   -0.122559    0.362423
    46   -0.002979    0.344484    0.275570
    47    0.083359   -0.140804    0.043717
    48    0.264993   -0.050668    0.167666
    49   -0.154452   -0.042329   -0.034036
    50    0.081032    0.060374    0.132282
    51    0.030587    0.031993    0.086525
    52    0.092446    0.177513   -0.017332
    53   -0.160568    0.049802   -0.069167
    54    0.301883    0.090148    0.106280
    55   -0.039889   -0.131701    0.035758
    56   -0.064901   -0.020477   -0.042601
    57    0.208711   -0.214799    0.170535
    58    0.029701   -0.014871    0.048884
    59   -0.044982   -0.024708   -0.066619
    60   -0.059719    0.151699   -0.077476
    61    0.047868    0.053823    0.027970
    62    0.258819    0.244583   -0.002647
    63   -0.154792   -0.045905    0.053728
    64   -0.066795   -0.025390    0.011238
    65   -0.020018   -0.148817    0.015261
    66    0.107429   -0.058166    0.013455
    67   -0.170457    0.091399   -0.025835
    68   -0.030116    0.013564   -0.002583
    69    0.097802    0.074955   -0.016204
    70    0.090686   -0.066449   -0.007825
    71   -0.822035   -0.089902    0.269262
    72    0.005862    0.403415    0.222634
    73   -0.280053   -0.275231    0.028827
    74   -0.426300    3.825767   -2.698640
    75    0.091647    0.742613   -0.112063
    76    0.133717    0.242220   -0.100300
    77    0.373436   -0.173001   -0.189794
    78    0.941437   -0.233141   -0.644718
    79    0.007919   -0.148910   -0.015512
    80   -0.060281    0.167003    0.110862
    81    0.357161    0.020905    0.230106
    82   -0.022938    0.289054    0.107520
    83    0.076693   -0.785140   -0.482991
    84   -0.196978    0.369685   -0.039410
    85   -0.273167    0.192648   -0.027274
----------------------------------------
   Tot   -0.097556   -0.080408    0.078050
----------------------------------------
   Max    3.825767
   Res    0.502234    sqrt( Sum f_i^2 / 3N )
----------------------------------------
   Max    3.825767    constrained

Stress tensor Voigt[x,y,z,yz,xz,xy] (kbar):       -1.53       -1.02       -0.06       -0.05        0.30       -0.37
(Free)E + p*V (eV/cell)    -8838.5776
Target enthalpy (eV/cell)    -8845.0782

mulliken: Atomic and Orbital Populations:

Species: C                   
Atom  Qatom  Qorb
               2s      2s      2py     2pz     2px     2py     2pz     2px     
               3Pdxy   3Pdyz   3Pdz2   3Pdxz   3Pdx2-y2
   1  3.954   0.439   0.449   0.527   0.630   0.558   0.439   0.294   0.425
              0.049   0.033   0.028   0.030   0.054
   2  3.762   0.329   0.491   0.380   0.660   0.367   0.544   0.279   0.579
              0.042   0.024   0.025   0.015   0.028
   3  3.778   0.334   0.486   0.221   0.618   0.623   0.671   0.317   0.376
              0.031   0.016   0.016   0.029   0.039
   4  3.929   0.450   0.445   0.500   0.666   0.510   0.473   0.234   0.465
              0.057   0.033   0.016   0.030   0.051
   5  3.961   0.454   0.446   0.513   0.598   0.587   0.456   0.327   0.392
              0.045   0.038   0.030   0.029   0.047
   6  3.800   0.354   0.483   0.216   0.589   0.635   0.682   0.337   0.372
              0.027   0.021   0.019   0.025   0.040
   7  3.904   0.600   0.390   0.375   0.708   0.653   0.482   0.216   0.349
              0.037   0.017   0.012   0.027   0.037
   8  3.934   0.463   0.439   0.485   0.618   0.579   0.477   0.307   0.384
              0.051   0.038   0.025   0.024   0.046
   9  3.962   0.472   0.438   0.493   0.635   0.587   0.461   0.308   0.385
              0.044   0.034   0.034   0.026   0.046
  10  4.027   0.456   0.446   0.586   0.668   0.567   0.415   0.293   0.407
              0.047   0.040   0.027   0.025   0.048
  11  3.759   0.341   0.486   0.132   0.691   0.608   0.749   0.256   0.365
              0.027   0.015   0.024   0.022   0.042
  12  3.762   0.311   0.494   0.434   0.578   0.382   0.537   0.346   0.546
              0.043   0.033   0.013   0.012   0.033
  13  3.767   0.332   0.486   0.442   0.610   0.364   0.524   0.318   0.554
              0.043   0.035   0.015   0.011   0.032
  14  3.774   0.335   0.490   0.124   0.634   0.612   0.769   0.300   0.373
              0.026   0.017   0.026   0.025   0.044
  15  3.775   0.341   0.486   0.168   0.659   0.627   0.713   0.289   0.358
              0.028   0.018   0.023   0.023   0.041
  16  3.756   0.330   0.493   0.405   0.578   0.301   0.569   0.334   0.601
              0.049   0.032   0.020   0.013   0.030
  17  4.098   0.723   0.340   0.698   0.828   0.868   0.293   0.098   0.125
              0.032   0.029   0.013   0.015   0.037
  18  4.019   0.458   0.446   0.585   0.655   0.569   0.415   0.289   0.414
              0.049   0.039   0.024   0.026   0.048
  19  3.943   0.471   0.441   0.514   0.610   0.534   0.462   0.321   0.404
              0.046   0.037   0.029   0.029   0.044
  20  3.939   0.423   0.455   0.508   0.640   0.557   0.469   0.296   0.407
              0.049   0.038   0.027   0.024   0.046
  21  3.782   0.316   0.500   0.146   0.586   0.607   0.762   0.342   0.380
              0.025   0.020   0.020   0.026   0.053
  22  3.803   0.362   0.483   0.203   0.656   0.604   0.700   0.258   0.404
              0.031   0.013   0.015   0.030   0.044
  23  3.792   0.325   0.497   0.149   0.685   0.662   0.733   0.256   0.354
              0.029   0.014   0.019   0.025   0.043
  24  3.981   0.420   0.458   0.549   0.653   0.581   0.429   0.270   0.429
              0.051   0.033   0.017   0.039   0.053
  25  3.940   0.406   0.462   0.511   0.633   0.577   0.466   0.294   0.406
              0.051   0.035   0.022   0.028   0.048
  26  3.977   0.449   0.446   0.539   0.653   0.581   0.443   0.288   0.397
              0.049   0.030   0.026   0.029   0.048
  27  3.780   0.331   0.490   0.171   0.681   0.624   0.714   0.251   0.386
              0.031   0.011   0.015   0.031   0.044
  28  3.778   0.346   0.483   0.458   0.597   0.362   0.503   0.317   0.583
              0.042   0.025   0.009   0.020   0.035
  29  4.013   0.469   0.444   0.589   0.707   0.592   0.415   0.213   0.406
              0.051   0.032   0.008   0.036   0.050
  30  3.964   0.442   0.446   0.540   0.693   0.534   0.435   0.244   0.450
              0.049   0.038   0.010   0.028   0.054
  31  3.951   0.428   0.454   0.558   0.671   0.535   0.430   0.247   0.449
              0.050   0.038   0.009   0.030   0.053
  32  3.951   0.429   0.454   0.561   0.671   0.536   0.432   0.249   0.441
              0.052   0.033   0.010   0.034   0.051
  33  3.961   0.451   0.442   0.525   0.699   0.540   0.446   0.241   0.439
              0.054   0.034   0.011   0.030   0.048
  34  3.788   0.353   0.481   0.582   0.707   0.148   0.433   0.211   0.739
              0.032   0.035   0.006   0.009   0.051
  35  3.768   0.343   0.481   0.252   0.728   0.442   0.660   0.208   0.521
              0.049   0.016   0.006   0.026   0.036
  36  3.762   0.341   0.483   0.234   0.718   0.456   0.677   0.203   0.515
              0.047   0.015   0.008   0.028   0.037
  37  3.796   0.336   0.486   0.591   0.728   0.137   0.432   0.206   0.747
              0.033   0.034   0.006   0.009   0.051
  38  3.788   0.349   0.482   0.377   0.720   0.351   0.578   0.204   0.593
              0.051   0.023   0.010   0.020   0.031
  39  3.770   0.344   0.481   0.161   0.718   0.544   0.726   0.218   0.445
              0.034   0.010   0.007   0.031   0.050
  40  3.762   0.340   0.484   0.528   0.697   0.184   0.462   0.220   0.713
              0.038   0.031   0.007   0.012   0.046
  41  3.797   0.337   0.486   0.379   0.737   0.340   0.573   0.203   0.610
              0.050   0.022   0.008   0.019   0.032
  42  4.076   0.519   0.427   0.634   0.722   0.632   0.372   0.218   0.370
              0.053   0.030   0.021   0.036   0.044
  43  3.940   0.444   0.447   0.506   0.675   0.531   0.454   0.258   0.444
              0.052   0.034   0.017   0.029   0.050
  44  3.945   0.451   0.445   0.543   0.613   0.536   0.410   0.318   0.443
              0.050   0.031   0.024   0.035   0.046
  45  3.942   0.430   0.453   0.574   0.640   0.525   0.412   0.283   0.441
              0.045   0.030   0.022   0.032   0.054
  46  3.948   0.426   0.453   0.573   0.648   0.527   0.409   0.289   0.441
              0.044   0.031   0.023   0.031   0.053
  47  3.784   0.366   0.477   0.558   0.553   0.262   0.428   0.355   0.647
              0.037   0.025   0.013   0.023   0.039
  48  3.773   0.343   0.480   0.229   0.639   0.567   0.662   0.299   0.421
              0.030   0.014   0.013   0.031   0.046
  49  3.760   0.342   0.483   0.444   0.681   0.279   0.508   0.254   0.634
              0.043   0.023   0.022   0.017   0.029
  50  3.796   0.338   0.485   0.551   0.620   0.283   0.440   0.310   0.637
              0.038   0.024   0.011   0.020   0.038
  51  3.798   0.338   0.485   0.562   0.697   0.198   0.438   0.252   0.694
              0.035   0.030   0.016   0.011   0.041
  52  3.783   0.350   0.483   0.553   0.645   0.210   0.449   0.268   0.689
              0.035   0.032   0.015   0.014   0.041
  53  3.768   0.335   0.484   0.401   0.629   0.393   0.545   0.292   0.554
              0.048   0.022   0.009   0.022   0.032
  54  3.762   0.346   0.482   0.190   0.677   0.514   0.700   0.254   0.463
              0.035   0.010   0.016   0.032   0.042

Species: H                   
Atom  Qatom  Qorb
               1s      1s      2Ppy    2Ppz    2Ppx    
  55  1.240   0.905   0.228   0.032   0.031   0.043
  56  1.245   0.906   0.232   0.024   0.038   0.045
  57  1.235   0.884   0.243   0.027   0.036   0.044
  58  1.240   0.907   0.226   0.049   0.038   0.020
  59  1.246   0.909   0.231   0.022   0.033   0.051
  60  1.243   0.910   0.226   0.034   0.039   0.034
  61  1.245   0.893   0.240   0.050   0.034   0.028
  62  1.242   0.875   0.254   0.025   0.035   0.054
  63  1.239   0.885   0.244   0.021   0.033   0.056
  64  1.240   0.907   0.227   0.042   0.037   0.027
  65  1.241   0.908   0.227   0.045   0.035   0.027
  66  1.245   0.907   0.232   0.017   0.035   0.054
  67  1.247   0.889   0.244   0.037   0.033   0.044
  68  1.240   0.908   0.226   0.050   0.037   0.019
  69  1.241   0.907   0.227   0.022   0.036   0.048
  70  1.245   0.907   0.232   0.034   0.034   0.038
  71  1.253   0.888   0.246   0.038   0.033   0.048
  72  1.247   0.864   0.264   0.058   0.035   0.025
  73  1.243   0.896   0.238   0.050   0.035   0.023
  74  1.137   0.897   0.157   0.046   0.024   0.013
  75  1.246   0.880   0.251   0.054   0.035   0.026
  76  1.234   0.898   0.232   0.027   0.036   0.041
  77  1.248   0.906   0.232   0.054   0.030   0.026
  78  1.246   0.904   0.234   0.028   0.039   0.040
  79  1.243   0.826   0.292   0.059   0.040   0.026
  80  1.239   0.899   0.236   0.052   0.033   0.019
  81  1.231   0.864   0.257   0.031   0.034   0.044
  82  1.242   0.897   0.240   0.054   0.032   0.019
  83  1.261   0.886   0.249   0.061   0.036   0.028
  84  1.245   0.904   0.232   0.052   0.034   0.022
  85  1.225   0.875   0.246   0.030   0.031   0.044

mulliken: Qtot =      247.000

Mulliken Atomic Populations:
Atom #   charge [q] valence [e]  Species
     1     0.046362    3.953638  C
     2     0.238398    3.761602  C
     3     0.222003    3.777997  C
     4     0.071130    3.928870  C
     5     0.038789    3.961211  C
     6     0.200368    3.799632  C
     7     0.095923    3.904077  C
     8     0.065694    3.934306  C
     9     0.037823    3.962177  C
    10    -0.026942    4.026942  C
    11     0.241486    3.758514  C
    12     0.238372    3.761628  C
    13     0.233476    3.766524  C
    14     0.225549    3.774451  C
    15     0.224792    3.775208  C
    16     0.243768    3.756232  C
    17    -0.098152    4.098152  C
    18    -0.018659    4.018659  C
    19     0.056876    3.943124  C
    20     0.060948    3.939052  C
    21     0.217580    3.782420  C
    22     0.196735    3.803265  C
    23     0.208470    3.791530  C
    24     0.018753    3.981247  C
    25     0.060079    3.939921  C
    26     0.022506    3.977494  C
    27     0.219595    3.780405  C
    28     0.222122    3.777878  C
    29    -0.013119    4.013119  C
    30     0.036426    3.963574  C
    31     0.048929    3.951071  C
    32     0.048771    3.951229  C
    33     0.038773    3.961227  C
    34     0.212198    3.787802  C
    35     0.232124    3.767876  C
    36     0.238286    3.761714  C
    37     0.203738    3.796262  C
    38     0.211974    3.788026  C
    39     0.230276    3.769724  C
    40     0.237994    3.762006  C
    41     0.203020    3.796980  C
    42    -0.076071    4.076071  C
    43     0.059688    3.940312  C
    44     0.054744    3.945256  C
    45     0.058076    3.941924  C
    46     0.051872    3.948128  C
    47     0.216195    3.783805  C
    48     0.227237    3.772763  C
    49     0.240119    3.759881  C
    50     0.203789    3.796211  C
    51     0.201743    3.798257  C
    52     0.216617    3.783383  C
    53     0.231857    3.768143  C
    54     0.237549    3.762451  C
    55    -0.239548    1.239548  H
    56    -0.244680    1.244680  H
    57    -0.234592    1.234592  H
    58    -0.240446    1.240446  H
    59    -0.246197    1.246197  H
    60    -0.243369    1.243369  H
    61    -0.245156    1.245156  H
    62    -0.242252    1.242252  H
    63    -0.239193    1.239193  H
    64    -0.240233    1.240233  H
    65    -0.241232    1.241232  H
    66    -0.245374    1.245374  H
    67    -0.247006    1.247006  H
    68    -0.240396    1.240396  H
    69    -0.240897    1.240897  H
    70    -0.245165    1.245165  H
    71    -0.253397    1.253397  H
    72    -0.246623    1.246623  H
    73    -0.242572    1.242572  H
    74    -0.136699    1.136699  H
    75    -0.245956    1.245956  H
    76    -0.234404    1.234404  H
    77    -0.247829    1.247829  H
    78    -0.246053    1.246053  H
    79    -0.243296    1.243296  H
    80    -0.239235    1.239235  H
    81    -0.230874    1.230874  H
    82    -0.242382    1.242382  H
    83    -0.261037    1.261037  H
    84    -0.245081    1.245081  H
    85    -0.225475    1.225475  H
--------------------
 Total    -0.000000

                     ====================================
                        Begin CG opt. move =     21
                     ====================================

outcoor: Atomic coordinates (Ang):                          
   -2.73682467   -1.52339849    0.68358284   1       1  C
   -2.70697521   -2.85705536    0.09152288   1       2  C
   -1.62917895   -3.30377826   -0.63467630   1       3  C
   -0.50791683   -2.45579697   -0.82093632   1       4  C
   -0.51657950   -1.04427416   -0.41653962   1       5  C
   -1.63579359   -0.67791306    0.40068296   1       6  C
    0.70216743   -3.18433985   -1.15438645   1       7  C
    1.70129921   -2.32362808   -1.65430609   1       8  C
    1.68289605   -0.82233237   -1.52342212   1       9  C
    0.61512743   -0.21947505   -0.76587057   1      10  C
    2.77573694   -2.98421912   -2.36412901   1      11  C
    3.79572561   -2.25073002   -2.94051106   1      12  C
    3.76607075   -0.84403805   -2.81863840   1      13  C
    2.76966081   -0.13828810   -2.16200950   1      14  C
   -1.64794646    4.23210207   -0.91776404   1      15  C
   -2.67000109    3.70387480   -1.68802314   1      16  C
   -2.58321809    2.34639033   -2.05561274   1      17  C
    0.63478872    1.18547974   -0.46212024   1      18  C
   -0.47829936    2.00690088   -0.84676184   1      19  C
   -0.54922444    3.40279668   -0.49336622   1      20  C
   -1.56765553    1.51747357   -1.70375898   1      21  C
    2.98988647    1.21583307    0.53019106   1      22  C
    0.49392973    3.99680653    0.23348629   1      23  C
    4.12200671    1.91385561    1.02955061   1      24  C
    1.63494773    3.24931637    0.54264390   1      25  C
    1.74715963    1.84431213    0.19768069   1      26  C
    2.70893514    3.93052888    1.17809335   1      27  C
    3.91495609    3.29414912    1.39408854   1      28  C
    5.44634543    1.36377749    1.05373283   1      29  C
    5.85003749   -0.02841666    1.15143616   1      30  C
    7.27749733   -0.12511833    0.96624886   1      31  C
    7.79024014    1.20452307    0.75491365   1      32  C
    6.67547052    2.12181917    0.81947453   1      33  C
    5.14655847   -1.23328991    1.37922834   1      34  C
    5.83804047   -2.46671023    1.38248563   1      35  C
    7.22708375   -2.52408133    1.17519926   1      36  C
    7.96120890   -1.34442676    0.96823639   1      37  C
    6.96292915    3.47937794    0.53136561   1      38  C
    8.28654550    3.89310195    0.25702872   1      39  C
    9.34761771    2.97502478    0.24158085   1      40  C
    9.10124849    1.61298653    0.48190711   1      41  C
   -3.98463695   -1.14030203    1.27642864   1      42  C
   -4.69013355    0.06263061    0.83355605   1      43  C
   -5.02086691   -2.11439723    1.56529550   1      44  C
   -6.25029731   -1.66514575    0.96838101   1      45  C
   -6.04282594   -0.31430359    0.50930685   1      46  C
   -5.01521662   -3.40039681    2.13573770   1      47  C
   -6.17656306   -4.20318884    2.08634906   1      48  C
   -7.35461467   -3.74492645    1.46795197   1      49  C
   -7.40016679   -2.46156898    0.89877368   1      50  C
   -6.95246066    0.55477600   -0.09643132   1      51  C
   -4.30093136    1.37389601    0.52740182   1      52  C
   -6.53318216    1.86626920   -0.37737646   1      53  C
   -5.23086950    2.26808334   -0.05754912   1      54  C
   -8.25056718   -4.38199181    1.42978778   2      55  H
   -8.31698216   -2.08150754    0.42096370   2      56  H
   -4.10613394   -3.76540299    2.62497715   2      57  H
   -6.15961701   -5.20943483    2.53512275   2      58  H
   -7.98006305    0.22789410   -0.32261076   2      59  H
   -7.23772495    2.57360430   -0.83394313   2      60  H
   -4.92153758    3.30576735   -0.25276969   2      61  H
   -3.29776192    1.72287674    0.78706096   2      62  H
    4.06244113   -1.22518738    1.56137056   2      63  H
    5.27829479   -3.39964022    1.55168879   2      64  H
    7.75330008   -3.48965994    1.17570044   2      65  H
    9.04870757   -1.37049440    0.80114661   2      66  H
    6.17258220    4.23890752    0.49219747   2      67  H
    8.48457101    4.95695017    0.04591091   2      68  H
   10.37081299    3.31261605    0.02114294   2      69  H
    9.91929489    0.87844307    0.44211381   2      70  H
   -3.51135371   -3.57107931    0.18459503   2      71  H
   -1.62615126    0.32421899    0.82119323   2      72  H
   -1.54394909   -4.30615168   -1.06478057   2      73  H
    0.85157018   -4.41628483   -0.57956722   2      74  H
    2.79453997    0.94062224   -2.10480341   2      75  H
    4.58775688   -0.28670537   -3.28172376   2      76  H
    2.65520353   -4.07778886   -2.41231179   2      77  H
    4.56603151   -2.79008046   -3.45437160   2      78  H
    3.11970934    0.16250300    0.25852525   2      79  H
    2.58527239    4.98719090    1.44919174   2      80  H
    4.70966398    3.87057164    1.87129336   2      81  H
    0.44766766    5.05806214    0.49981647   2      82  H
   -1.51412065    0.49086653   -2.02319706   2      83  H
   -1.61584705    5.27603694   -0.59028687   2      84  H
   -3.50527856    4.33559548   -2.00712205   2      85  H

outcell: Unit cell vectors (Ang):
       30.000000    0.000000    0.000000
        0.000000   20.000000    0.000000
        0.000000    0.000000   20.000000

outcell: Cell vector modules (Ang)   :   30.000000   20.000000   20.000000
outcell: Cell angles (23,13,12) (deg):     90.0000     90.0000     90.0000
outcell: Cell volume (Ang**3)        :  12000.0000
<dSpData1D:S at geom step 21
  <sparsity:sparsity for geom step 21
    nrows_g=857 nrows=857 sparsity=.4010 nnzs=294483, refcount: 7>
  <dData1D:(new from dSpData1D) n=294483, refcount: 1>
refcount: 1>
new_DM -- step:    22
Re-using DM from previous geometries...
Number of DMs in history: 1
 DM extrapolation coefficients: 
1   1.00000
New DM after history re-use:
<dSpData2D:SpM extrapolated using coords
  <sparsity:sparsity for geom step 21
    nrows_g=857 nrows=857 sparsity=.4010 nnzs=294483, refcount: 9>
  <dData2D:(temp array for extrapolation) n=294483 m=1, refcount: 1>
refcount: 1>
No. of atoms with KB's overlaping orbs in proc 0. Max # of overlaps:      85     198

InitMesh: MESH = 192 x 128 x 128 = 3145728
InitMesh: Mesh cutoff (required, used) =   100.000   113.204 Ry
New grid distribution [1]: sub = 2

        iscf     Eharris(eV)        E_KS(eV)     FreeEng(eV)     dDmax    Ef(eV) dHmax(eV)
   scf:    1    -8843.669890    -8844.584454    -8844.640670  0.088891 -4.039541  3.048840
   scf:    2    -8786.477754    -8826.813656    -8826.850186  0.549609 -3.287546 17.547442
   scf:    3    -8849.618825    -8841.922258    -8841.962321  0.335413 -3.955097  7.040238
   scf:    4    -8843.752705    -8843.046741    -8843.091736  0.067332 -4.014809  5.259833
   scf:    5    -8841.788427    -8842.440771    -8842.483360  0.035594 -4.003827  6.329716
   scf:    6    -8844.613959    -8844.086428    -8844.147689  0.104530 -4.038073  5.289958
   scf:    7    -8841.952518    -8844.558621    -8844.612499  0.287676 -4.056912  3.341927
   scf:    8    -8845.261874    -8845.099526    -8845.159394  0.099713 -4.047946  1.037683
   scf:    9    -8843.541866    -8844.732371    -8844.789128  0.095250 -4.036147  2.263245
mix: Pulay -- resetting history
mix: switching mixer --> Linear-Kick
   scf:   10    -8845.216070    -8845.174437    -8845.234274  0.078252 -4.044671  0.103887
mix: switching mixer --> Pulay
   scf:   11    -8843.585611    -8844.657234    -8844.711975  0.106766 -4.051144  3.043992
   scf:   12    -8841.197416    -8844.164496    -8844.226333  0.263987 -4.035077  4.986450
   scf:   13    -8845.170313    -8845.175089    -8845.234884  0.162382 -4.044231  0.064836
   scf:   14    -8845.175160    -8845.175247    -8845.235013  0.001455 -4.044594  0.055311
   scf:   15    -8845.175209    -8845.175236    -8845.235021  0.000407 -4.044933  0.061172
   scf:   16    -8845.175280    -8845.175300    -8845.235152  0.001399 -4.045044  0.015516
   scf:   17    -8845.175295    -8845.175298    -8845.235157  0.000148 -4.045220  0.010255
   scf:   18    -8845.175278    -8845.175291    -8845.235161  0.000386 -4.045235  0.002121
   scf:   19    -8845.175295    -8845.175295    -8845.235159  0.000300 -4.045269  0.007327
mix: Pulay -- resetting history
mix: switching mixer --> Linear-Kick
   scf:   20    -8845.175290    -8845.175293    -8845.235161  0.000202 -4.045257  0.001474
mix: switching mixer --> Pulay
   scf:   21    -8845.174777    -8845.175099    -8845.235039  0.001860 -4.045167  0.056227
   scf:   22    -8845.175356    -8845.175270    -8845.235144  0.001326 -4.045227  0.014405
   scf:   23    -8845.175297    -8845.175293    -8845.235161  0.000531 -4.045258  0.001363
   scf:   24    -8845.175291    -8845.175292    -8845.235161  0.000028 -4.045257  0.000510
   scf:   25    -8845.175291    -8845.175292    -8845.235161  0.000010 -4.045258  0.000201
   scf:   26    -8845.175291    -8845.175291    -8845.235161  0.000005 -4.045258  0.000039
   scf:   27    -8845.175291    -8845.175291    -8845.235161  0.000001 -4.045259  0.000006

SCF Convergence by DM+H criterion
max |DM_out - DM_in|         :     0.0000013819
max |H_out - H_in|      (eV) :     0.0000062520
SCF cycle converged after 27 iterations

Using DM_out to compute the final energy and forces
No. of atoms with KB's overlaping orbs in proc 0. Max # of overlaps:      85     198

siesta: E_KS(eV) =            -8845.1753

siesta: Atomic forces (eV/Ang):
     1    0.703247   -0.836596   -0.493750
     2    0.700455   -0.217664   -0.148255
     3   -0.382742    0.897395    0.782962
     4    1.506644   -1.640344    0.512009
     5   -0.393110   -1.212081   -0.083117
     6    0.216206    0.031865   -0.240743
     7   -1.122903   -0.305831    2.231356
     8    1.520360   -0.186620   -0.296276
     9   -0.420113   -1.964755   -0.032259
    10    0.300991   -1.061940   -0.562289
    11   -0.595481    0.658422    0.684388
    12   -1.035377   -0.357227    0.688624
    13    0.473466    0.575853   -0.242172
    14   -0.480967   -0.922067    0.137444
    15    0.509327   -0.533658    0.009516
    16   -0.064070    0.030885   -0.031581
    17   -0.071507    0.046745   -0.043829
    18    0.011327    1.371564    0.465611
    19   -0.806858   -0.121012   -0.400371
    20   -0.420806    0.465534   -0.060805
    21    0.686719    0.649295    0.559107
    22   -0.089056   -0.196644   -0.031423
    23    0.148163   -0.648552   -0.063458
    24   -0.576782    0.377124   -0.019552
    25   -0.416539    0.492979   -0.070164
    26    0.485638   -0.052508    0.191989
    27    0.957641   -0.520172    0.123440
    28   -0.380094    0.481756   -0.035915
    29    0.273452   -0.134273   -0.077460
    30    0.282212   -0.677648   -0.127010
    31   -0.208641   -0.289827    0.052610
    32    0.005067    0.379848    0.024420
    33    0.666947    0.219620   -0.165694
    34   -0.066032   -0.151620   -0.002793
    35   -0.295270    0.255658    0.030782
    36    0.140641   -0.097645   -0.015487
    37   -0.183422    0.113814    0.052247
    38    0.079236    0.166337   -0.015563
    39   -0.396055    0.045510    0.061516
    40    0.161065   -0.049037   -0.026647
    41   -0.203132    0.070990    0.039061
    42   -0.324341    0.316981   -0.201151
    43   -0.550481    0.406913   -0.510882
    44   -0.864732   -0.612825   -0.410967
    45   -0.173827   -0.123852    0.317153
    46   -0.119085    0.348641    0.251996
    47   -0.044804   -0.161287    0.018678
    48    0.313638    0.016413    0.160200
    49   -0.114725    0.027214   -0.053648
    50    0.167249    0.032286    0.186577
    51    0.120724    0.055777    0.118272
    52   -0.031345    0.190125   -0.053102
    53   -0.127801   -0.017333   -0.038441
    54    0.327743    0.018514    0.147232
    55   -0.042988   -0.139818    0.036742
    56   -0.058234   -0.019379   -0.039960
    57    0.229029   -0.218390    0.171283
    58    0.029965   -0.015373    0.050578
    59   -0.038764   -0.025483   -0.063896
    60   -0.063816    0.161034   -0.082985
    61    0.045922    0.057829    0.025098
    62    0.278114    0.247825   -0.003065
    63   -0.149742   -0.040777    0.051385
    64   -0.069435   -0.029667    0.012452
    65   -0.020913   -0.153387    0.015337
    66    0.103094   -0.057033    0.014856
    67   -0.170573    0.092031   -0.027446
    68   -0.029097    0.016492   -0.003648
    69    0.094746    0.078647   -0.016851
    70    0.086000   -0.064912   -0.007576
    71   -0.902586   -0.123106    0.290036
    72   -0.009995    0.482276    0.252519
    73   -0.304531   -0.321019    0.018843
    74   -0.397752    3.674802   -2.618389
    75    0.094512    0.767293   -0.114442
    76    0.167855    0.268710   -0.119333
    77    0.415797   -0.104131   -0.200322
    78    0.981114   -0.245948   -0.670491
    79    0.025635   -0.161108   -0.012080
    80   -0.055878    0.157161    0.107120
    81    0.352803   -0.002885    0.217395
    82   -0.026589    0.272994    0.101272
    83    0.074084   -0.902035   -0.531137
    84   -0.193007    0.418330   -0.028379
    85   -0.335808    0.204903   -0.054483
----------------------------------------
   Tot   -0.092984   -0.073082    0.062818
----------------------------------------
   Max    3.674802
   Res    0.522133    sqrt( Sum f_i^2 / 3N )
----------------------------------------
   Max    3.674802    constrained

Stress tensor Voigt[x,y,z,yz,xz,xy] (kbar):       -1.19       -0.78       -0.00       -0.07        0.29       -0.38
(Free)E + p*V (eV/cell)    -8840.3240
Target enthalpy (eV/cell)    -8845.2277

mulliken: Atomic and Orbital Populations:

Species: C                   
Atom  Qatom  Qorb
               2s      2s      2py     2pz     2px     2py     2pz     2px     
               3Pdxy   3Pdyz   3Pdz2   3Pdxz   3Pdx2-y2
   1  3.957   0.435   0.450   0.530   0.633   0.562   0.437   0.293   0.423
              0.049   0.033   0.027   0.030   0.055
   2  3.761   0.331   0.491   0.378   0.660   0.365   0.545   0.278   0.579
              0.042   0.024   0.025   0.015   0.027
   3  3.777   0.339   0.484   0.223   0.620   0.620   0.669   0.314   0.377
              0.031   0.016   0.016   0.029   0.039
   4  3.928   0.460   0.441   0.497   0.670   0.508   0.473   0.229   0.465
              0.057   0.033   0.016   0.030   0.051
   5  3.960   0.460   0.444   0.510   0.598   0.587   0.456   0.326   0.392
              0.045   0.037   0.030   0.029   0.047
   6  3.799   0.354   0.483   0.215   0.589   0.635   0.683   0.337   0.372
              0.027   0.021   0.019   0.025   0.040
   7  3.892   0.579   0.398   0.351   0.705   0.648   0.510   0.220   0.352
              0.037   0.017   0.012   0.027   0.037
   8  3.937   0.472   0.435   0.484   0.620   0.582   0.476   0.305   0.380
              0.050   0.038   0.025   0.024   0.046
   9  3.962   0.480   0.435   0.490   0.638   0.587   0.460   0.305   0.385
              0.044   0.033   0.034   0.026   0.046
  10  4.028   0.454   0.446   0.590   0.667   0.565   0.414   0.294   0.408
              0.048   0.040   0.028   0.025   0.049
  11  3.758   0.348   0.484   0.134   0.693   0.606   0.745   0.254   0.365
              0.027   0.015   0.024   0.022   0.042
  12  3.762   0.312   0.494   0.432   0.580   0.383   0.538   0.345   0.544
              0.043   0.033   0.013   0.012   0.033
  13  3.766   0.332   0.486   0.442   0.609   0.364   0.525   0.318   0.554
              0.043   0.035   0.015   0.011   0.032
  14  3.774   0.337   0.489   0.124   0.636   0.611   0.769   0.298   0.372
              0.026   0.017   0.026   0.025   0.044
  15  3.774   0.344   0.485   0.168   0.659   0.626   0.713   0.287   0.358
              0.028   0.018   0.023   0.023   0.040
  16  3.757   0.329   0.494   0.404   0.579   0.301   0.571   0.334   0.600
              0.050   0.032   0.020   0.013   0.029
  17  4.097   0.723   0.340   0.700   0.827   0.864   0.293   0.098   0.125
              0.032   0.030   0.013   0.015   0.036
  18  4.019   0.456   0.446   0.589   0.655   0.568   0.414   0.290   0.415
              0.049   0.039   0.024   0.026   0.048
  19  3.943   0.473   0.441   0.514   0.610   0.534   0.462   0.321   0.404
              0.046   0.037   0.029   0.029   0.044
  20  3.940   0.425   0.454   0.507   0.641   0.557   0.468   0.296   0.407
              0.049   0.038   0.027   0.024   0.046
  21  3.780   0.317   0.500   0.145   0.588   0.604   0.764   0.340   0.379
              0.026   0.020   0.020   0.025   0.052
  22  3.803   0.363   0.483   0.203   0.657   0.603   0.700   0.258   0.403
              0.031   0.013   0.015   0.030   0.044
  23  3.791   0.329   0.495   0.149   0.686   0.660   0.732   0.255   0.354
              0.029   0.014   0.019   0.025   0.042
  24  3.982   0.419   0.459   0.550   0.652   0.582   0.428   0.270   0.429
              0.051   0.033   0.017   0.039   0.053
  25  3.941   0.408   0.461   0.511   0.634   0.575   0.466   0.293   0.407
              0.052   0.035   0.022   0.028   0.048
  26  3.977   0.451   0.445   0.539   0.654   0.580   0.442   0.287   0.398
              0.049   0.030   0.026   0.029   0.048
  27  3.780   0.334   0.489   0.171   0.683   0.622   0.713   0.250   0.386
              0.031   0.011   0.015   0.031   0.044
  28  3.778   0.348   0.482   0.457   0.597   0.363   0.503   0.316   0.581
              0.042   0.025   0.009   0.020   0.034
  29  4.013   0.467   0.445   0.589   0.706   0.593   0.415   0.214   0.405
              0.052   0.032   0.008   0.036   0.050
  30  3.964   0.441   0.446   0.541   0.693   0.534   0.434   0.245   0.450
              0.049   0.038   0.010   0.028   0.054
  31  3.951   0.429   0.453   0.556   0.672   0.535   0.431   0.246   0.448
              0.050   0.038   0.009   0.030   0.053
  32  3.951   0.430   0.453   0.561   0.672   0.534   0.432   0.248   0.441
              0.052   0.033   0.010   0.034   0.051
  33  3.962   0.451   0.443   0.525   0.699   0.541   0.446   0.241   0.439
              0.054   0.034   0.011   0.030   0.048
  34  3.788   0.355   0.480   0.581   0.709   0.148   0.433   0.210   0.739
              0.032   0.035   0.006   0.009   0.051
  35  3.768   0.344   0.480   0.252   0.730   0.441   0.660   0.207   0.521
              0.049   0.016   0.006   0.026   0.035
  36  3.762   0.342   0.483   0.234   0.719   0.456   0.677   0.202   0.515
              0.047   0.014   0.008   0.028   0.037
  37  3.796   0.338   0.485   0.590   0.730   0.137   0.432   0.205   0.747
              0.033   0.034   0.006   0.009   0.051
  38  3.788   0.351   0.481   0.377   0.721   0.351   0.578   0.203   0.592
              0.051   0.023   0.010   0.020   0.031
  39  3.770   0.346   0.480   0.161   0.720   0.544   0.725   0.217   0.445
              0.034   0.010   0.007   0.031   0.050
  40  3.762   0.341   0.483   0.528   0.698   0.184   0.462   0.219   0.713
              0.038   0.031   0.007   0.012   0.046
  41  3.797   0.339   0.485   0.379   0.738   0.340   0.573   0.202   0.609
              0.050   0.022   0.008   0.019   0.032
  42  4.068   0.510   0.430   0.627   0.713   0.627   0.378   0.224   0.374
              0.053   0.030   0.021   0.036   0.045
  43  3.943   0.443   0.447   0.508   0.678   0.533   0.453   0.257   0.442
              0.052   0.034   0.017   0.029   0.050
  44  3.949   0.451   0.446   0.546   0.615   0.539   0.409   0.317   0.442
              0.050   0.031   0.024   0.035   0.046
  45  3.942   0.432   0.453   0.572   0.641   0.524   0.413   0.283   0.441
              0.045   0.030   0.022   0.032   0.054
  46  3.948   0.428   0.453   0.571   0.648   0.527   0.409   0.288   0.442
              0.044   0.031   0.023   0.031   0.052
  47  3.784   0.367   0.476   0.557   0.553   0.263   0.428   0.355   0.647
              0.037   0.025   0.013   0.023   0.039
  48  3.773   0.344   0.479   0.229   0.639   0.567   0.661   0.299   0.421
              0.030   0.014   0.013   0.031   0.046
  49  3.760   0.343   0.483   0.444   0.682   0.279   0.508   0.254   0.633
              0.043   0.023   0.022   0.017   0.029
  50  3.796   0.340   0.484   0.551   0.621   0.284   0.439   0.310   0.637
              0.037   0.024   0.011   0.020   0.038
  51  3.798   0.340   0.484   0.561   0.698   0.199   0.438   0.252   0.694
              0.035   0.029   0.016   0.011   0.041
  52  3.783   0.351   0.483   0.552   0.645   0.210   0.450   0.267   0.689
              0.035   0.032   0.015   0.014   0.041
  53  3.768   0.336   0.484   0.401   0.630   0.392   0.545   0.292   0.554
              0.048   0.022   0.009   0.022   0.032
  54  3.762   0.347   0.482   0.191   0.678   0.514   0.699   0.253   0.462
              0.035   0.010   0.016   0.032   0.042

Species: H                   
Atom  Qatom  Qorb
               1s      1s      2Ppy    2Ppz    2Ppx    
  55  1.240   0.905   0.228   0.032   0.031   0.043
  56  1.245   0.906   0.232   0.024   0.038   0.045
  57  1.235   0.884   0.243   0.027   0.036   0.044
  58  1.240   0.907   0.226   0.049   0.038   0.020
  59  1.246   0.908   0.231   0.022   0.033   0.051
  60  1.243   0.910   0.227   0.034   0.039   0.034
  61  1.245   0.893   0.240   0.050   0.034   0.028
  62  1.242   0.874   0.254   0.025   0.035   0.054
  63  1.239   0.885   0.244   0.021   0.033   0.056
  64  1.240   0.907   0.226   0.042   0.037   0.028
  65  1.241   0.908   0.227   0.045   0.035   0.027
  66  1.245   0.907   0.232   0.017   0.035   0.054
  67  1.247   0.888   0.244   0.037   0.033   0.044
  68  1.241   0.908   0.226   0.050   0.037   0.019
  69  1.241   0.907   0.227   0.022   0.036   0.048
  70  1.245   0.907   0.232   0.034   0.034   0.038
  71  1.254   0.887   0.247   0.038   0.033   0.048
  72  1.247   0.864   0.265   0.058   0.035   0.025
  73  1.243   0.896   0.239   0.050   0.036   0.023
  74  1.147   0.887   0.172   0.048   0.026   0.014
  75  1.246   0.880   0.251   0.054   0.035   0.026
  76  1.235   0.898   0.232   0.027   0.036   0.041
  77  1.247   0.906   0.231   0.054   0.030   0.026
  78  1.247   0.904   0.235   0.028   0.040   0.040
  79  1.243   0.826   0.293   0.059   0.040   0.026
  80  1.239   0.898   0.236   0.052   0.033   0.020
  81  1.231   0.864   0.257   0.032   0.034   0.044
  82  1.242   0.897   0.240   0.054   0.032   0.019
  83  1.263   0.886   0.251   0.061   0.036   0.029
  84  1.246   0.904   0.233   0.052   0.034   0.023
  85  1.226   0.875   0.246   0.030   0.031   0.044

mulliken: Qtot =      247.000

Mulliken Atomic Populations:
Atom #   charge [q] valence [e]  Species
     1     0.042541    3.957459  C
     2     0.239324    3.760676  C
     3     0.222525    3.777475  C
     4     0.071820    3.928180  C
     5     0.039516    3.960484  C
     6     0.200976    3.799024  C
     7     0.108356    3.891644  C
     8     0.063412    3.936588  C
     9     0.038091    3.961909  C
    10    -0.027745    4.027745  C
    11     0.241562    3.758438  C
    12     0.237985    3.762015  C
    13     0.233921    3.766079  C
    14     0.225827    3.774173  C
    15     0.226196    3.773804  C
    16     0.243080    3.756920  C
    17    -0.097251    4.097251  C
    18    -0.018939    4.018939  C
    19     0.056781    3.943219  C
    20     0.060023    3.939977  C
    21     0.219765    3.780235  C
    22     0.196907    3.803093  C
    23     0.209457    3.790543  C
    24     0.017993    3.982007  C
    25     0.059485    3.940515  C
    26     0.022740    3.977260  C
    27     0.219755    3.780245  C
    28     0.221934    3.778066  C
    29    -0.012562    4.012562  C
    30     0.035762    3.964238  C
    31     0.048770    3.951230  C
    32     0.048658    3.951342  C
    33     0.038145    3.961855  C
    34     0.212295    3.787705  C
    35     0.232116    3.767884  C
    36     0.238148    3.761852  C
    37     0.203851    3.796149  C
    38     0.212044    3.787956  C
    39     0.230190    3.769810  C
    40     0.237808    3.762192  C
    41     0.203144    3.796856  C
    42    -0.067562    4.067562  C
    43     0.057087    3.942913  C
    44     0.051447    3.948553  C
    45     0.058365    3.941635  C
    46     0.052347    3.947653  C
    47     0.216344    3.783656  C
    48     0.227453    3.772547  C
    49     0.240258    3.759742  C
    50     0.204081    3.795919  C
    51     0.201932    3.798068  C
    52     0.216928    3.783072  C
    53     0.232092    3.767908  C
    54     0.237785    3.762215  C
    55    -0.239546    1.239546  H
    56    -0.244578    1.244578  H
    57    -0.234724    1.234724  H
    58    -0.240357    1.240357  H
    59    -0.246113    1.246113  H
    60    -0.243339    1.243339  H
    61    -0.245168    1.245168  H
    62    -0.242367    1.242367  H
    63    -0.239322    1.239322  H
    64    -0.240483    1.240483  H
    65    -0.241406    1.241406  H
    66    -0.245475    1.245475  H
    67    -0.247221    1.247221  H
    68    -0.240576    1.240576  H
    69    -0.241024    1.241024  H
    70    -0.245247    1.245247  H
    71    -0.253988    1.253988  H
    72    -0.247470    1.247470  H
    73    -0.243276    1.243276  H
    74    -0.146607    1.146607  H
    75    -0.246227    1.246227  H
    76    -0.234715    1.234715  H
    77    -0.247373    1.247373  H
    78    -0.246558    1.246558  H
    79    -0.243483    1.243483  H
    80    -0.239287    1.239287  H
    81    -0.230700    1.230700  H
    82    -0.242227    1.242227  H
    83    -0.262598    1.262598  H
    84    -0.245534    1.245534  H
    85    -0.225971    1.225971  H
--------------------
 Total     0.000000

                     ====================================
                        Begin CG opt. move =     22
                     ====================================

outcoor: Atomic coordinates (Ang):                          
   -2.73631874   -1.52438533    0.68733236   1       1  C
   -2.71402158   -2.85609516    0.09695906   1       2  C
   -1.63186810   -3.30676683   -0.63452952   1       3  C
   -0.50430884   -2.46021473   -0.81682894   1       4  C
   -0.51908111   -1.04169463   -0.41904931   1       5  C
   -1.63763225   -0.67442252    0.40263513   1       6  C
    0.70686629   -3.20272375   -1.14402035   1       7  C
    1.69440365   -2.33381889   -1.64935138   1       8  C
    1.68161679   -0.82170038   -1.52288763   1       9  C
    0.61541731   -0.21589277   -0.76528880   1      10  C
    2.77799895   -2.98501532   -2.36305542   1      11  C
    3.80259948   -2.24904255   -2.94415815   1      12  C
    3.76822950   -0.84333786   -2.81977746   1      13  C
    2.77133105   -0.13387689   -2.16334695   1      14  C
   -1.64809534    4.23550328   -0.91803816   1      15  C
   -2.67418234    3.70269243   -1.69088013   1      16  C
   -2.58418073    2.35003644   -2.05466064   1      17  C
    0.63441417    1.18454232   -0.46202113   1      18  C
   -0.47900636    2.00520062   -0.84633982   1      19  C
   -0.55144089    3.40272734   -0.49382203   1      20  C
   -1.56552605    1.51119244   -1.70579321   1      21  C
    2.99200053    1.21306291    0.53111374   1      22  C
    0.49243537    3.99897184    0.23372723   1      23  C
    4.12316008    1.91420045    1.03006999   1      24  C
    1.63717612    3.24800598    0.54339302   1      25  C
    1.74839562    1.84411534    0.19791836   1      26  C
    2.70892320    3.93242716    1.17836249   1      27  C
    3.91981078    3.29291387    1.39441970   1      28  C
    5.44582698    1.36357119    1.05116941   1      29  C
    5.84930185   -0.02740673    1.15084675   1      30  C
    7.27631694   -0.12479747    0.96654313   1      31  C
    7.78907425    1.20540847    0.75530696   1      32  C
    6.67397445    2.12175028    0.82047255   1      33  C
    5.14448260   -1.23198735    1.37936823   1      34  C
    5.83748513   -2.46804226    1.38264809   1      35  C
    7.22744756   -2.52583700    1.17528339   1      36  C
    7.96278741   -1.34533421    0.96827144   1      37  C
    6.96032173    3.48017458    0.53182441   1      38  C
    8.28701219    3.89416071    0.25666546   1      39  C
    9.34906516    2.97586621    0.24120604   1      40  C
    9.10290718    1.61240485    0.48170664   1      41  C
   -3.98668236   -1.14438420    1.26299423   1      42  C
   -4.68988095    0.06314184    0.83561817   1      43  C
   -5.02024188   -2.11425341    1.56562991   1      44  C
   -6.24949442   -1.66506135    0.97065247   1      45  C
   -6.04180259   -0.31304999    0.51082483   1      46  C
   -5.01244133   -3.40094993    2.13630006   1      47  C
   -6.17651875   -4.20437095    2.08695607   1      48  C
   -7.35562094   -3.74641426    1.46840506   1      49  C
   -7.40166436   -2.46135913    0.89844148   1      50  C
   -6.95399276    0.55491069   -0.09681784   1      51  C
   -4.29817911    1.37455625    0.52772559   1      52  C
   -6.53407960    1.86792199   -0.37810306   1      53  C
   -5.23067099    2.26951738   -0.05811999   1      54  C
   -8.25157483   -4.38307961    1.42991746   2      55  H
   -8.31831406   -2.08124635    0.42020670   2      56  H
   -4.10479591   -3.76660648    2.62632315   2      57  H
   -6.15945068   -5.21054096    2.53580390   2      58  H
   -7.98140633    0.22740095   -0.32324017   2      59  H
   -7.23859209    2.57479578   -0.83462249   2      60  H
   -4.92086592    3.30703515   -0.25270229   2      61  H
   -3.29596765    1.72432719    0.78740639   2      62  H
    4.06035053   -1.22540725    1.56192897   2      63  H
    5.27742841   -3.40057316    1.55187769   2      64  H
    7.75373124   -3.49126348    1.17578534   2      65  H
    9.05031992   -1.37079018    0.80103778   2      66  H
    6.17056148    4.24009176    0.49211996   2      67  H
    8.48457563    4.95802248    0.04571659   2      68  H
   10.37241526    3.31320066    0.02088166   2      69  H
    9.92054641    0.87737589    0.44205788   2      70  H
   -3.51455436   -3.57140691    0.18561903   2      71  H
   -1.62550626    0.32535113    0.82210497   2      72  H
   -1.54438410   -4.30746045   -1.06487236   2      73  H
    0.84905976   -4.39628483   -0.59424482   2      74  H
    2.79464978    0.94412680   -2.10517385   2      75  H
    4.58842155   -0.28547898   -3.28225011   2      76  H
    2.65532451   -4.08074289   -2.41268670   2      77  H
    4.56970025   -2.79119770   -3.45695406   2      78  H
    3.11939722    0.16040522    0.25790454   2      79  H
    2.58452484    4.98902610    1.45002298   2      80  H
    4.71245902    3.87167535    1.87332768   2      81  H
    0.44757310    5.06044918    0.50069725   2      82  H
   -1.51317428    0.48837225   -2.02472767   2      83  H
   -1.61668867    5.27768614   -0.59027771   2      84  H
   -3.50612295    4.33748990   -2.00671515   2      85  H

outcell: Unit cell vectors (Ang):
       30.000000    0.000000    0.000000
        0.000000   20.000000    0.000000
        0.000000    0.000000   20.000000

outcell: Cell vector modules (Ang)   :   30.000000   20.000000   20.000000
outcell: Cell angles (23,13,12) (deg):     90.0000     90.0000     90.0000
outcell: Cell volume (Ang**3)        :  12000.0000
<dSpData1D:S at geom step 22
  <sparsity:sparsity for geom step 22
    nrows_g=857 nrows=857 sparsity=.3988 nnzs=292931, refcount: 7>
  <dData1D:(new from dSpData1D) n=292931, refcount: 1>
refcount: 1>
new_DM -- step:    23
Re-using DM from previous geometries...
Number of DMs in history: 1
 DM extrapolation coefficients: 
1   1.00000
New DM after history re-use:
<dSpData2D:SpM extrapolated using coords
  <sparsity:sparsity for geom step 22
    nrows_g=857 nrows=857 sparsity=.3988 nnzs=292931, refcount: 9>
  <dData2D:(temp array for extrapolation) n=292931 m=1, refcount: 1>
refcount: 1>
No. of atoms with KB's overlaping orbs in proc 0. Max # of overlaps:      85     192

InitMesh: MESH = 192 x 128 x 128 = 3145728
InitMesh: Mesh cutoff (required, used) =   100.000   113.204 Ry
New grid distribution [1]: sub = 2

        iscf     Eharris(eV)        E_KS(eV)     FreeEng(eV)     dDmax    Ef(eV) dHmax(eV)
   scf:    1    -8843.937990    -8844.746627    -8844.802765  0.081193 -4.028929  2.826210
   scf:    2    -8790.567818    -8828.162481    -8828.198401  0.546464 -3.342670 17.682730
   scf:    3    -8849.114732    -8842.083041    -8842.123362  0.320905 -3.948921  6.802415
   scf:    4    -8844.468107    -8843.462008    -8843.509000  0.067450 -4.009124  4.787841
   scf:    5    -8840.619114    -8842.146879    -8842.188460  0.076291 -3.986467  7.081843
   scf:    6    -8844.279740    -8843.587879    -8843.646892  0.081115 -4.023608  6.500151
   scf:    7    -8838.413081    -8843.895983    -8843.944371  0.382254 -4.052899  4.947521
   scf:    8    -8845.061927    -8844.531063    -8844.583998  0.049526 -4.045968  3.397625
   scf:    9    -8844.991244    -8845.241338    -8845.299989  0.118957 -4.032429  0.663017
mix: Pulay -- resetting history
mix: switching mixer --> Linear-Kick
   scf:   10    -8845.254914    -8845.262470    -8845.322515  0.013916 -4.032728  0.479327
mix: switching mixer --> Pulay
   scf:   11    -8834.646304    -8841.848592    -8841.888879  0.296407 -4.037735  9.181011
   scf:   12    -8837.103203    -8843.524476    -8843.580959  0.450656 -4.020661  5.556981
   scf:   13    -8844.922762    -8845.252760    -8845.311416  0.194926 -4.034632  0.755652
   scf:   14    -8845.256538    -8845.271685    -8845.331541  0.030852 -4.033255  0.190027
   scf:   15    -8845.260293    -8845.270547    -8845.329884  0.015889 -4.034394  0.292428
   scf:   16    -8845.264221    -8845.271813    -8845.331708  0.015699 -4.033748  0.189300
   scf:   17    -8845.269139    -8845.272732    -8845.332254  0.011189 -4.034498  0.151320
   scf:   18    -8845.273231    -8845.273441    -8845.333141  0.005066 -4.034311  0.003682
   scf:   19    -8845.273460    -8845.273455    -8845.333136  0.000509 -4.034376  0.012286
mix: Pulay -- resetting history
mix: switching mixer --> Linear-Kick
   scf:   20    -8845.273451    -8845.273453    -8845.333140  0.000144 -4.034378  0.007978
mix: switching mixer --> Pulay
   scf:   21    -8845.261086    -8845.269258    -8845.329310  0.010513 -4.033851  0.315375
   scf:   22    -8845.273847    -8845.273448    -8845.333142  0.010264 -4.034358  0.001536
   scf:   23    -8845.273448    -8845.273448    -8845.333142  0.000039 -4.034360  0.001536
   scf:   24    -8845.273447    -8845.273448    -8845.333142  0.000020 -4.034363  0.000976
   scf:   25    -8845.273446    -8845.273447    -8845.333142  0.000030 -4.034363  0.000080
   scf:   26    -8845.273447    -8845.273447    -8845.333142  0.000005 -4.034362  0.000205
   scf:   27    -8845.273447    -8845.273447    -8845.333142  0.000007 -4.034360  0.000012
   scf:   28    -8845.273447    -8845.273447    -8845.333142  0.000001 -4.034360  0.000022

SCF Convergence by DM+H criterion
max |DM_out - DM_in|         :     0.0000008392
max |H_out - H_in|      (eV) :     0.0000222299
SCF cycle converged after 28 iterations

Using DM_out to compute the final energy and forces
No. of atoms with KB's overlaping orbs in proc 0. Max # of overlaps:      85     192

siesta: E_KS(eV) =            -8845.2734

siesta: Atomic forces (eV/Ang):
     1    0.753115   -0.810333   -0.571963
     2    1.140813   -0.345199   -0.415269
     3   -0.470041    1.140321    0.961098
     4    1.363622   -1.692189    0.561378
     5   -0.344410   -1.326449   -0.009582
     6    0.297440   -0.159354   -0.369280
     7   -1.327044    0.159376    2.124863
     8    1.879684    0.043119   -0.447447
     9   -0.382127   -2.044687   -0.060376
    10    0.269281   -1.284372   -0.613363
    11   -0.542751    0.698795    0.629636
    12   -1.387477   -0.478580    0.897316
    13    0.430971    0.643781   -0.214274
    14   -0.570087   -1.191950    0.177346
    15    0.370149   -0.739112   -0.126695
    16    0.182262    0.234796    0.171779
    17    0.140424   -0.337974   -0.046290
    18    0.069189    1.540474    0.532249
    19   -0.852798   -0.124659   -0.437940
    20   -0.374980    0.532378   -0.026896
    21    0.461207    1.114111    0.583669
    22   -0.178479   -0.085793   -0.047003
    23    0.253922   -0.809032   -0.059547
    24   -0.590762    0.308321   -0.045475
    25   -0.588539    0.651626   -0.106278
    26    0.516460   -0.130071    0.189193
    27    1.169250   -0.660852    0.155575
    28   -0.629715    0.667557   -0.047820
    29    0.298513   -0.132433   -0.035890
    30    0.254348   -0.743303   -0.122213
    31   -0.121508   -0.350656    0.041819
    32    0.105943    0.359062    0.012105
    33    0.700471    0.280664   -0.199994
    34    0.014045   -0.249760   -0.008698
    35   -0.304983    0.362660    0.024545
    36    0.129646   -0.037897   -0.018745
    37   -0.284246    0.151599    0.064199
    38    0.213830    0.164505   -0.035939
    39   -0.478488   -0.012631    0.087343
    40    0.117351   -0.085527   -0.014853
    41   -0.300047    0.120282    0.050427
    42   -0.370782    0.434615    0.037808
    43   -0.524959    0.458305   -0.593522
    44   -0.882752   -0.691215   -0.431160
    45   -0.290902   -0.125395    0.271950
    46   -0.234651    0.353007    0.228160
    47   -0.171499   -0.180823   -0.006046
    48    0.361002    0.082553    0.152606
    49   -0.074970    0.095993   -0.072960
    50    0.253016    0.004557    0.240720
    51    0.210001    0.079318    0.149917
    52   -0.154437    0.201901   -0.088157
    53   -0.095123   -0.083788   -0.007911
    54    0.352969   -0.051807    0.187568
    55   -0.046134   -0.148004    0.037729
    56   -0.051705   -0.018387   -0.037325
    57    0.249411   -0.222027    0.172153
    58    0.030188   -0.015869    0.052241
    59   -0.032729   -0.026133   -0.061255
    60   -0.067914    0.170402   -0.088498
    61    0.043892    0.061838    0.022249
    62    0.297352    0.251062   -0.003414
    63   -0.144505   -0.035612    0.048998
    64   -0.072123   -0.033963    0.013668
    65   -0.021799   -0.157983    0.015396
    66    0.098670   -0.055888    0.016239
    67   -0.170873    0.092566   -0.029062
    68   -0.028035    0.019453   -0.004716
    69    0.091706    0.082308   -0.017498
    70    0.081373   -0.063419   -0.007332
    71   -0.983057   -0.157258    0.310426
    72   -0.025234    0.562316    0.282944
    73   -0.328460   -0.367257    0.008627
    74   -0.356951    3.424338   -2.492009
    75    0.097331    0.792229   -0.116631
    76    0.202077    0.295443   -0.138430
    77    0.457660   -0.036395   -0.210585
    78    1.020689   -0.259088   -0.696167
    79    0.042879   -0.173211   -0.008661
    80   -0.051611    0.147371    0.103346
    81    0.348388   -0.026828    0.204440
    82   -0.030331    0.256961    0.094995
    83    0.071402   -1.022699   -0.580527
    84   -0.189132    0.467713   -0.017106
    85   -0.398262    0.217591   -0.081179
----------------------------------------
   Tot   -0.085469   -0.060592    0.044741
----------------------------------------
   Max    3.424338
   Res    0.556026    sqrt( Sum f_i^2 / 3N )
----------------------------------------
   Max    3.424338    constrained

Stress tensor Voigt[x,y,z,yz,xz,xy] (kbar):       -0.86       -0.56        0.06       -0.08        0.27       -0.38
(Free)E + p*V (eV/cell)    -8841.9396
Target enthalpy (eV/cell)    -8845.3257

mulliken: Atomic and Orbital Populations:

Species: C                   
Atom  Qatom  Qorb
               2s      2s      2py     2pz     2px     2py     2pz     2px     
               3Pdxy   3Pdyz   3Pdz2   3Pdxz   3Pdx2-y2
   1  3.961   0.431   0.452   0.533   0.636   0.566   0.436   0.293   0.421
              0.049   0.033   0.027   0.031   0.055
   2  3.760   0.333   0.490   0.376   0.660   0.364   0.547   0.277   0.579
              0.042   0.024   0.025   0.015   0.027
   3  3.777   0.344   0.483   0.224   0.622   0.617   0.667   0.312   0.377
              0.031   0.016   0.016   0.029   0.039
   4  3.927   0.470   0.437   0.494   0.674   0.505   0.473   0.224   0.465
              0.057   0.032   0.016   0.030   0.051
   5  3.960   0.465   0.442   0.507   0.599   0.586   0.457   0.325   0.392
              0.044   0.037   0.030   0.029   0.047
   6  3.798   0.353   0.483   0.214   0.589   0.635   0.684   0.336   0.372
              0.027   0.021   0.019   0.025   0.040
   7  3.878   0.555   0.406   0.326   0.701   0.643   0.538   0.225   0.355
              0.037   0.017   0.012   0.027   0.037
   8  3.939   0.480   0.432   0.483   0.622   0.585   0.475   0.302   0.377
              0.049   0.037   0.026   0.024   0.047
   9  3.962   0.488   0.431   0.488   0.641   0.587   0.459   0.302   0.384
              0.044   0.033   0.033   0.026   0.046
  10  4.029   0.453   0.447   0.595   0.665   0.563   0.412   0.295   0.409
              0.048   0.040   0.028   0.025   0.049
  11  3.758   0.355   0.481   0.137   0.695   0.604   0.741   0.252   0.364
              0.027   0.015   0.024   0.022   0.042
  12  3.762   0.314   0.493   0.431   0.581   0.385   0.539   0.343   0.542
              0.043   0.033   0.013   0.012   0.033
  13  3.766   0.331   0.486   0.442   0.609   0.364   0.525   0.318   0.554
              0.043   0.035   0.015   0.011   0.032
  14  3.774   0.339   0.488   0.124   0.638   0.611   0.768   0.297   0.371
              0.026   0.017   0.026   0.025   0.043
  15  3.772   0.347   0.484   0.168   0.659   0.625   0.714   0.286   0.357
              0.028   0.018   0.023   0.023   0.040
  16  3.758   0.327   0.494   0.403   0.580   0.301   0.573   0.333   0.600
              0.050   0.033   0.020   0.013   0.029
  17  4.096   0.724   0.340   0.702   0.827   0.861   0.293   0.098   0.126
              0.033   0.030   0.013   0.014   0.036
  18  4.019   0.454   0.447   0.592   0.654   0.567   0.412   0.291   0.416
              0.049   0.039   0.024   0.026   0.048
  19  3.943   0.474   0.440   0.513   0.610   0.534   0.461   0.321   0.404
              0.046   0.037   0.029   0.029   0.044
  20  3.941   0.427   0.453   0.507   0.642   0.557   0.468   0.296   0.407
              0.049   0.038   0.027   0.024   0.046
  21  3.778   0.319   0.499   0.144   0.590   0.602   0.765   0.338   0.378
              0.026   0.020   0.020   0.025   0.052
  22  3.803   0.364   0.482   0.203   0.658   0.603   0.700   0.257   0.403
              0.031   0.013   0.015   0.030   0.044
  23  3.790   0.333   0.494   0.149   0.688   0.657   0.731   0.253   0.354
              0.029   0.014   0.019   0.025   0.042
  24  3.983   0.417   0.459   0.552   0.652   0.582   0.428   0.271   0.429
              0.051   0.033   0.017   0.039   0.053
  25  3.941   0.410   0.460   0.511   0.635   0.573   0.465   0.292   0.408
              0.052   0.035   0.022   0.028   0.048
  26  3.977   0.453   0.444   0.539   0.654   0.578   0.442   0.287   0.398
              0.049   0.030   0.026   0.029   0.048
  27  3.780   0.337   0.488   0.171   0.684   0.620   0.712   0.248   0.386
              0.031   0.011   0.015   0.031   0.044
  28  3.778   0.351   0.481   0.457   0.598   0.363   0.504   0.315   0.580
              0.042   0.025   0.009   0.020   0.034
  29  4.012   0.464   0.446   0.589   0.705   0.594   0.415   0.216   0.405
              0.052   0.033   0.008   0.036   0.050
  30  3.965   0.441   0.447   0.542   0.693   0.535   0.434   0.245   0.450
              0.049   0.038   0.010   0.029   0.054
  31  3.951   0.431   0.452   0.554   0.673   0.535   0.432   0.246   0.448
              0.050   0.038   0.009   0.030   0.053
  32  3.951   0.432   0.452   0.561   0.672   0.533   0.432   0.247   0.442
              0.052   0.033   0.010   0.034   0.051
  33  3.962   0.450   0.443   0.525   0.699   0.542   0.446   0.241   0.439
              0.054   0.034   0.011   0.030   0.048
  34  3.788   0.356   0.480   0.580   0.710   0.148   0.433   0.209   0.738
              0.032   0.035   0.006   0.009   0.051
  35  3.768   0.346   0.480   0.251   0.731   0.441   0.659   0.206   0.521
              0.049   0.016   0.007   0.026   0.035
  36  3.762   0.343   0.483   0.234   0.720   0.455   0.677   0.201   0.515
              0.047   0.014   0.008   0.028   0.037
  37  3.796   0.340   0.485   0.590   0.731   0.137   0.432   0.204   0.746
              0.033   0.034   0.006   0.009   0.050
  38  3.788   0.353   0.480   0.376   0.722   0.351   0.578   0.202   0.592
              0.051   0.023   0.010   0.020   0.031
  39  3.770   0.348   0.479   0.162   0.721   0.543   0.725   0.216   0.445
              0.034   0.010   0.007   0.031   0.050
  40  3.762   0.342   0.483   0.528   0.699   0.184   0.462   0.219   0.712
              0.038   0.031   0.007   0.012   0.046
  41  3.797   0.341   0.484   0.378   0.739   0.340   0.573   0.201   0.609
              0.050   0.022   0.008   0.019   0.032
  42  4.059   0.502   0.434   0.620   0.703   0.622   0.383   0.230   0.379
              0.053   0.030   0.021   0.036   0.045
  43  3.946   0.442   0.447   0.509   0.681   0.536   0.451   0.256   0.441
              0.052   0.034   0.017   0.029   0.050
  44  3.952   0.450   0.446   0.548   0.617   0.542   0.407   0.316   0.440
              0.050   0.031   0.025   0.035   0.045
  45  3.941   0.434   0.452   0.570   0.641   0.523   0.414   0.282   0.442
              0.045   0.030   0.022   0.033   0.054
  46  3.947   0.430   0.452   0.570   0.647   0.526   0.410   0.288   0.443
              0.044   0.031   0.023   0.031   0.052
  47  3.784   0.368   0.476   0.557   0.553   0.263   0.428   0.355   0.646
              0.037   0.025   0.013   0.023   0.039
  48  3.772   0.346   0.479   0.229   0.640   0.566   0.661   0.298   0.421
              0.030   0.014   0.013   0.031   0.046
  49  3.760   0.344   0.482   0.444   0.682   0.279   0.507   0.253   0.633
              0.043   0.023   0.022   0.017   0.029
  50  3.796   0.342   0.483   0.550   0.622   0.284   0.439   0.309   0.636
              0.037   0.024   0.011   0.020   0.038
  51  3.798   0.342   0.484   0.561   0.699   0.199   0.438   0.251   0.693
              0.035   0.029   0.016   0.011   0.040
  52  3.783   0.353   0.482   0.551   0.646   0.210   0.450   0.266   0.689
              0.035   0.032   0.015   0.014   0.041
  53  3.768   0.337   0.484   0.401   0.630   0.392   0.544   0.291   0.554
              0.048   0.022   0.009   0.022   0.032
  54  3.762   0.349   0.481   0.191   0.679   0.513   0.699   0.253   0.462
              0.035   0.010   0.015   0.032   0.042

Species: H                   
Atom  Qatom  Qorb
               1s      1s      2Ppy    2Ppz    2Ppx    
  55  1.240   0.905   0.228   0.032   0.031   0.043
  56  1.244   0.906   0.232   0.024   0.038   0.045
  57  1.235   0.884   0.243   0.027   0.036   0.044
  58  1.240   0.907   0.226   0.049   0.038   0.020
  59  1.246   0.908   0.231   0.022   0.033   0.051
  60  1.243   0.909   0.227   0.034   0.039   0.034
  61  1.245   0.893   0.241   0.050   0.034   0.028
  62  1.242   0.874   0.255   0.025   0.035   0.054
  63  1.239   0.885   0.244   0.021   0.033   0.056
  64  1.241   0.907   0.226   0.043   0.037   0.028
  65  1.242   0.908   0.227   0.045   0.035   0.027
  66  1.246   0.907   0.232   0.017   0.035   0.054
  67  1.247   0.888   0.244   0.037   0.033   0.045
  68  1.241   0.908   0.226   0.050   0.037   0.019
  69  1.241   0.907   0.227   0.022   0.036   0.048
  70  1.245   0.906   0.232   0.034   0.034   0.038
  71  1.255   0.886   0.248   0.038   0.033   0.049
  72  1.248   0.864   0.265   0.058   0.035   0.026
  73  1.244   0.896   0.239   0.050   0.036   0.023
  74  1.158   0.879   0.186   0.050   0.028   0.015
  75  1.246   0.879   0.251   0.054   0.036   0.027
  76  1.235   0.898   0.232   0.027   0.036   0.041
  77  1.247   0.906   0.231   0.054   0.030   0.026
  78  1.247   0.903   0.235   0.028   0.040   0.040
  79  1.244   0.825   0.293   0.059   0.041   0.026
  80  1.239   0.898   0.236   0.052   0.033   0.020
  81  1.231   0.863   0.257   0.032   0.034   0.044
  82  1.242   0.896   0.240   0.054   0.032   0.019
  83  1.264   0.886   0.252   0.062   0.037   0.029
  84  1.246   0.903   0.233   0.052   0.034   0.023
  85  1.226   0.875   0.247   0.030   0.031   0.044

mulliken: Qtot =      247.000

Mulliken Atomic Populations:
Atom #   charge [q] valence [e]  Species
     1     0.038626    3.961374  C
     2     0.240339    3.759661  C
     3     0.223011    3.776989  C
     4     0.072526    3.927474  C
     5     0.040233    3.959767  C
     6     0.201620    3.798380  C
     7     0.121793    3.878207  C
     8     0.061358    3.938642  C
     9     0.038166    3.961834  C
    10    -0.028541    4.028541  C
    11     0.241549    3.758451  C
    12     0.237667    3.762333  C
    13     0.234330    3.765670  C
    14     0.226159    3.773841  C
    15     0.227592    3.772408  C
    16     0.242416    3.757584  C
    17    -0.096291    4.096291  C
    18    -0.019241    4.019241  C
    19     0.056683    3.943317  C
    20     0.059114    3.940886  C
    21     0.221947    3.778053  C
    22     0.197081    3.802919  C
    23     0.210441    3.789559  C
    24     0.017245    3.982755  C
    25     0.058905    3.941095  C
    26     0.022976    3.977024  C
    27     0.219904    3.780096  C
    28     0.221749    3.778251  C
    29    -0.012003    4.012003  C
    30     0.035108    3.964892  C
    31     0.048608    3.951392  C
    32     0.048548    3.951452  C
    33     0.037520    3.962480  C
    34     0.212391    3.787609  C
    35     0.232113    3.767887  C
    36     0.238017    3.761983  C
    37     0.203961    3.796039  C
    38     0.212109    3.787891  C
    39     0.230107    3.769893  C
    40     0.237628    3.762372  C
    41     0.203268    3.796732  C
    42    -0.058969    4.058969  C
    43     0.054436    3.945564  C
    44     0.048124    3.951876  C
    45     0.058615    3.941385  C
    46     0.052788    3.947212  C
    47     0.216488    3.783512  C
    48     0.227669    3.772331  C
    49     0.240399    3.759601  C
    50     0.204371    3.795629  C
    51     0.202129    3.797871  C
    52     0.217257    3.782743  C
    53     0.232333    3.767667  C
    54     0.238025    3.761975  C
    55    -0.239544    1.239544  H
    56    -0.244477    1.244477  H
    57    -0.234854    1.234854  H
    58    -0.240265    1.240265  H
    59    -0.246030    1.246030  H
    60    -0.243309    1.243309  H
    61    -0.245180    1.245180  H
    62    -0.242488    1.242488  H
    63    -0.239444    1.239444  H
    64    -0.240720    1.240720  H
    65    -0.241573    1.241573  H
    66    -0.245575    1.245575  H
    67    -0.247433    1.247433  H
    68    -0.240753    1.240753  H
    69    -0.241147    1.241147  H
    70    -0.245325    1.245325  H
    71    -0.254554    1.254554  H
    72    -0.248315    1.248315  H
    73    -0.243926    1.243926  H
    74    -0.157847    1.157847  H
    75    -0.246490    1.246490  H
    76    -0.235018    1.235018  H
    77    -0.246903    1.246903  H
    78    -0.247058    1.247058  H
    79    -0.243665    1.243665  H
    80    -0.239330    1.239330  H
    81    -0.230520    1.230520  H
    82    -0.242061    1.242061  H
    83    -0.264153    1.264153  H
    84    -0.245971    1.245971  H
    85    -0.226466    1.226466  H
--------------------
 Total     0.000000

                     ====================================
                        Begin CG opt. move =     23
                     ====================================

outcoor: Atomic coordinates (Ang):                          
   -2.73581281   -1.52537217    0.69108188   1       1  C
   -2.72106795   -2.85513495    0.10239524   1       2  C
   -1.63455725   -3.30975540   -0.63438274   1       3  C
   -0.50070085   -2.46463250   -0.81272157   1       4  C
   -0.52158272   -1.03911510   -0.42155901   1       5  C
   -1.63947090   -0.67093198    0.40458729   1       6  C
    0.71156515   -3.22110765   -1.13365425   1       7  C
    1.68750809   -2.34400970   -1.64439668   1       8  C
    1.68033754   -0.82106839   -1.52235314   1       9  C
    0.61570720   -0.21231049   -0.76470704   1      10  C
    2.78026095   -2.98581152   -2.36198182   1      11  C
    3.80947336   -2.24735508   -2.94780524   1      12  C
    3.77038825   -0.84263766   -2.82091653   1      13  C
    2.77300130   -0.12946567   -2.16468439   1      14  C
   -1.64824423    4.23890448   -0.91831228   1      15  C
   -2.67836358    3.70151006   -1.69373713   1      16  C
   -2.58514336    2.35368256   -2.05370855   1      17  C
    0.63403962    1.18360490   -0.46192202   1      18  C
   -0.47971337    2.00350035   -0.84591780   1      19  C
   -0.55365735    3.40265800   -0.49427783   1      20  C
   -1.56339657    1.50491131   -1.70782744   1      21  C
    2.99411459    1.21029275    0.53203642   1      22  C
    0.49094100    4.00113714    0.23396817   1      23  C
    4.12431345    1.91454529    1.03058937   1      24  C
    1.63940450    3.24669559    0.54414214   1      25  C
    1.74963161    1.84391856    0.19815604   1      26  C
    2.70891127    3.93432543    1.17863163   1      27  C
    3.92466547    3.29167862    1.39475085   1      28  C
    5.44530853    1.36336488    1.04860599   1      29  C
    5.84856621   -0.02639679    1.15025733   1      30  C
    7.27513655   -0.12447661    0.96683740   1      31  C
    7.78790836    1.20629387    0.75570027   1      32  C
    6.67247838    2.12168138    0.82147058   1      33  C
    5.14240672   -1.23068478    1.37950812   1      34  C
    5.83692979   -2.46937429    1.38281055   1      35  C
    7.22781138   -2.52759268    1.17536751   1      36  C
    7.96436592   -1.34624166    0.96830649   1      37  C
    6.95771432    3.48097122    0.53228322   1      38  C
    8.28747888    3.89521947    0.25630220   1      39  C
    9.35051261    2.97670764    0.24083122   1      40  C
    9.10456586    1.61182317    0.48150618   1      41  C
   -3.98872777   -1.14846637    1.24955983   1      42  C
   -4.68962835    0.06365306    0.83768030   1      43  C
   -5.01961686   -2.11410958    1.56596431   1      44  C
   -6.24869154   -1.66497695    0.97292393   1      45  C
   -6.04077924   -0.31179638    0.51234280   1      46  C
   -5.00966603   -3.40150305    2.13686242   1      47  C
   -6.17647443   -4.20555305    2.08756308   1      48  C
   -7.35662722   -3.74790207    1.46885814   1      49  C
   -7.40316193   -2.46114929    0.89810928   1      50  C
   -6.95552487    0.55504537   -0.09720436   1      51  C
   -4.29542687    1.37521648    0.52804937   1      52  C
   -6.53497704    1.86957478   -0.37882966   1      53  C
   -5.23047247    2.27095142   -0.05869086   1      54  C
   -8.25258248   -4.38416740    1.43004713   2      55  H
   -8.31964597   -2.08098517    0.41944969   2      56  H
   -4.10345789   -3.76780997    2.62766915   2      57  H
   -6.15928435   -5.21164709    2.53648504   2      58  H
   -7.98274962    0.22690780   -0.32386958   2      59  H
   -7.23945924    2.57598726   -0.83530185   2      60  H
   -4.92019427    3.30830296   -0.25263488   2      61  H
   -3.29417337    1.72577764    0.78775183   2      62  H
    4.05825994   -1.22562711    1.56248738   2      63  H
    5.27656203   -3.40150611    1.55206659   2      64  H
    7.75416241   -3.49286703    1.17587024   2      65  H
    9.05193226   -1.37108595    0.80092896   2      66  H
    6.16854076    4.24127601    0.49204245   2      67  H
    8.48458025    4.95909479    0.04552228   2      68  H
   10.37401753    3.31378527    0.02062038   2      69  H
    9.92179793    0.87630872    0.44200194   2      70  H
   -3.51775501   -3.57173452    0.18664304   2      71  H
   -1.62486126    0.32648326    0.82301672   2      72  H
   -1.54481910   -4.30876921   -1.06496414   2      73  H
    0.84654934   -4.37628483   -0.60892243   2      74  H
    2.79475958    0.94763136   -2.10554430   2      75  H
    4.58908621   -0.28425260   -3.28277645   2      76  H
    2.65544549   -4.08369693   -2.41306161   2      77  H
    4.57336899   -2.79231493   -3.45953651   2      78  H
    3.11908510    0.15830744    0.25728382   2      79  H
    2.58377728    4.99086129    1.45085422   2      80  H
    4.71525405    3.87277905    1.87536199   2      81  H
    0.44747855    5.06283622    0.50157802   2      82  H
   -1.51222791    0.48587797   -2.02625828   2      83  H
   -1.61753030    5.27933535   -0.59026854   2      84  H
   -3.50696734    4.33938433   -2.00630825   2      85  H

outcell: Unit cell vectors (Ang):
       30.000000    0.000000    0.000000
        0.000000   20.000000    0.000000
        0.000000    0.000000   20.000000

outcell: Cell vector modules (Ang)   :   30.000000   20.000000   20.000000
outcell: Cell angles (23,13,12) (deg):     90.0000     90.0000     90.0000
outcell: Cell volume (Ang**3)        :  12000.0000
<dSpData1D:S at geom step 23
  <sparsity:sparsity for geom step 23
    nrows_g=857 nrows=857 sparsity=.3978 nnzs=292197, refcount: 7>
  <dData1D:(new from dSpData1D) n=292197, refcount: 1>
refcount: 1>
new_DM -- step:    24
Re-using DM from previous geometries...
Number of DMs in history: 1
 DM extrapolation coefficients: 
1   1.00000
New DM after history re-use:
<dSpData2D:SpM extrapolated using coords
  <sparsity:sparsity for geom step 23
    nrows_g=857 nrows=857 sparsity=.3978 nnzs=292197, refcount: 9>
  <dData2D:(temp array for extrapolation) n=292197 m=1, refcount: 1>
refcount: 1>
No. of atoms with KB's overlaping orbs in proc 0. Max # of overlaps:      85     192

InitMesh: MESH = 192 x 128 x 128 = 3145728
InitMesh: Mesh cutoff (required, used) =   100.000   113.204 Ry
New grid distribution [1]: sub = 2

        iscf     Eharris(eV)        E_KS(eV)     FreeEng(eV)     dDmax    Ef(eV) dHmax(eV)
   scf:    1    -8844.141450    -8844.849678    -8844.905762  0.073709 -4.018638  2.600833
   scf:    2    -8793.335951    -8829.033245    -8829.069089  0.542467 -3.406036 17.741666
   scf:    3    -8849.094439    -8842.162222    -8842.202843  0.296192 -3.944990  6.494145
   scf:    4    -8845.655232    -8844.161747    -8844.212846  0.068513 -4.007048  3.563085
   scf:    5    -8845.479058    -8844.958947    -8845.014848  0.079161 -4.016143  2.147011
   scf:    6    -8840.398723    -8843.291418    -8843.347285  0.184513 -4.008829  6.889067
   scf:    7    -8843.903478    -8845.182030    -8845.239001  0.291532 -4.027417  1.825419
   scf:    8    -8845.284492    -8845.300562    -8845.360424  0.060185 -4.023888  0.421293
   scf:    9    -8845.305319    -8845.314102    -8845.373405  0.012067 -4.023024  0.116711
mix: Pulay -- resetting history
mix: switching mixer --> Linear-Kick
   scf:   10    -8845.305133    -8845.312180    -8845.372009  0.010138 -4.022909  0.252469
mix: switching mixer --> Pulay
   scf:   11    -8839.162295    -8843.310623    -8843.355147  0.234507 -4.028788  7.286692
   scf:   12    -8845.568843    -8845.276501    -8845.335381  0.202242 -4.024591  0.680025
   scf:   13    -8845.316176    -8845.315070    -8845.374556  0.023269 -4.023307  0.027282
   scf:   14    -8845.314437    -8845.314853    -8845.374255  0.002341 -4.023630  0.096536
   scf:   15    -8845.314281    -8845.314932    -8845.374514  0.004466 -4.023678  0.044452
   scf:   16    -8845.315065    -8845.315083    -8845.374578  0.002137 -4.023824  0.021826
   scf:   17    -8845.315019    -8845.315066    -8845.374594  0.000920 -4.023838  0.006527
   scf:   18    -8845.315093    -8845.315083    -8845.374594  0.000410 -4.023861  0.006619
   scf:   19    -8845.315073    -8845.315079    -8845.374596  0.000177 -4.023849  0.001444
mix: Pulay -- resetting history
mix: switching mixer --> Linear-Kick
   scf:   20    -8845.315072    -8845.315076    -8845.374596  0.000075 -4.023843  0.000915
mix: switching mixer --> Pulay
   scf:   21    -8845.315004    -8845.315069    -8845.374539  0.001259 -4.023897  0.038293
   scf:   22    -8845.315041    -8845.315079    -8845.374595  0.001119 -4.023851  0.003197
   scf:   23    -8845.315077    -8845.315078    -8845.374596  0.000076 -4.023847  0.001068
   scf:   24    -8845.315077    -8845.315077    -8845.374596  0.000024 -4.023841  0.000348
   scf:   25    -8845.315077    -8845.315077    -8845.374596  0.000010 -4.023837  0.000069
   scf:   26    -8845.315077    -8845.315077    -8845.374596  0.000002 -4.023836  0.000025

SCF Convergence by DM+H criterion
max |DM_out - DM_in|         :     0.0000020457
max |H_out - H_in|      (eV) :     0.0000249812
SCF cycle converged after 26 iterations

Using DM_out to compute the final energy and forces
No. of atoms with KB's overlaping orbs in proc 0. Max # of overlaps:      85     192

siesta: E_KS(eV) =            -8845.3151

siesta: Atomic forces (eV/Ang):
     1    0.805732   -0.782719   -0.648471
     2    1.570525   -0.469615   -0.674163
     3   -0.547335    1.376899    1.131621
     4    1.217304   -1.747017    0.610358
     5   -0.294550   -1.437007    0.066697
     6    0.377275   -0.351522   -0.497592
     7   -1.536776    0.756679    1.958293
     8    2.230476    0.254075   -0.596346
     9   -0.347099   -2.113000   -0.083939
    10    0.237497   -1.509128   -0.665407
    11   -0.496769    0.732687    0.577264
    12   -1.731049   -0.593471    1.101388
    13    0.389009    0.711170   -0.186911
    14   -0.654158   -1.457914    0.214778
    15    0.238700   -0.942313   -0.257396
    16    0.419769    0.440569    0.369332
    17    0.342631   -0.720740   -0.054656
    18    0.126580    1.712610    0.599372
    19   -0.899096   -0.128907   -0.475814
    20   -0.329775    0.599220    0.006523
    21    0.246808    1.577305    0.614917
    22   -0.267787    0.024940   -0.062514
    23    0.355906   -0.965852   -0.056375
    24   -0.604760    0.238893   -0.071486
    25   -0.755658    0.807440   -0.140783
    26    0.547334   -0.207452    0.186471
    27    1.373790   -0.798066    0.186229
    28   -0.870509    0.850589   -0.057770
    29    0.323311   -0.130596    0.005565
    30    0.226486   -0.809041   -0.117423
    31   -0.034964   -0.410324    0.031072
    32    0.205836    0.338004   -0.000002
    33    0.734021    0.341708   -0.234218
    34    0.093081   -0.346082   -0.014496
    35   -0.314043    0.467686    0.018372
    36    0.118661    0.021564   -0.021953
    37   -0.384074    0.188483    0.076046
    38    0.346448    0.161975   -0.055875
    39   -0.559062   -0.070108    0.112793
    40    0.073737   -0.121625   -0.003071
    41   -0.396177    0.169757    0.061676
    42   -0.421465    0.554586    0.274004
    43   -0.498458    0.507557   -0.675648
    44   -0.899843   -0.768449   -0.451250
    45   -0.407535   -0.127390    0.226987
    46   -0.349591    0.357615    0.204019
    47   -0.297187   -0.199506   -0.030593
    48    0.407272    0.147775    0.144948
    49   -0.035285    0.164010   -0.091970
    50    0.338087   -0.022788    0.294500
    51    0.298610    0.102831    0.181448
    52   -0.276831    0.212759   -0.122626
    53   -0.062304   -0.149774    0.022559
    54    0.377541   -0.121076    0.227400
    55   -0.049348   -0.156125    0.038657
    56   -0.045233   -0.017357   -0.034686
    57    0.269542   -0.225934    0.173499
    58    0.030428   -0.016379    0.053929
    59   -0.026637   -0.026881   -0.058566
    60   -0.072061    0.179796   -0.094033
    61    0.041935    0.065952    0.019371
    62    0.316988    0.254391   -0.003728
    63   -0.139123   -0.030477    0.046609
    64   -0.074752   -0.038202    0.014857
    65   -0.022674   -0.162529    0.015452
    66    0.094282   -0.054759    0.017623
    67   -0.171522    0.092815   -0.030630
    68   -0.026925    0.022367   -0.005767
    69    0.088651    0.085986   -0.018149
    70    0.076794   -0.061924   -0.007086
    71   -1.063814   -0.192232    0.330540
    72   -0.040060    0.643619    0.314003
    73   -0.351696   -0.413763   -0.001809
    74   -0.302051    3.048712   -2.309118
    75    0.099925    0.817167   -0.118714
    76    0.236371    0.322373   -0.157575
    77    0.498978    0.030473   -0.220547
    78    1.060275   -0.272615   -0.721776
    79    0.060105   -0.185254   -0.005325
    80   -0.047444    0.137708    0.099578
    81    0.343369   -0.050875    0.191490
    82   -0.033730    0.240904    0.088873
    83    0.068811   -1.147454   -0.630944
    84   -0.185149    0.517645   -0.005476
    85   -0.460540    0.230796   -0.107369
----------------------------------------
   Tot   -0.076016   -0.044152    0.029064
----------------------------------------
   Max    3.048712
   Res    0.601675    sqrt( Sum f_i^2 / 3N )
----------------------------------------
   Max    3.048712    constrained

Stress tensor Voigt[x,y,z,yz,xz,xy] (kbar):       -0.54       -0.36        0.11       -0.09        0.25       -0.38
(Free)E + p*V (eV/cell)    -8843.4130
Target enthalpy (eV/cell)    -8845.3671

mulliken: Atomic and Orbital Populations:

Species: C                   
Atom  Qatom  Qorb
               2s      2s      2py     2pz     2px     2py     2pz     2px     
               3Pdxy   3Pdyz   3Pdz2   3Pdxz   3Pdx2-y2
   1  3.965   0.427   0.453   0.536   0.639   0.570   0.434   0.292   0.419
              0.050   0.033   0.027   0.031   0.055
   2  3.759   0.334   0.490   0.375   0.660   0.362   0.549   0.276   0.579
              0.042   0.024   0.025   0.016   0.027
   3  3.777   0.348   0.481   0.226   0.624   0.614   0.665   0.310   0.378
              0.031   0.016   0.016   0.029   0.040
   4  3.927   0.480   0.433   0.491   0.678   0.503   0.472   0.219   0.464
              0.057   0.032   0.016   0.030   0.051
   5  3.959   0.471   0.439   0.505   0.599   0.585   0.457   0.324   0.392
              0.044   0.037   0.030   0.029   0.047
   6  3.798   0.353   0.483   0.213   0.588   0.635   0.686   0.336   0.371
              0.027   0.021   0.019   0.025   0.039
   7  3.864   0.529   0.415   0.301   0.697   0.638   0.567   0.231   0.357
              0.037   0.016   0.013   0.026   0.037
   8  3.940   0.488   0.428   0.481   0.624   0.587   0.473   0.300   0.373
              0.049   0.037   0.026   0.024   0.048
   9  3.962   0.496   0.428   0.485   0.644   0.588   0.457   0.299   0.383
              0.044   0.032   0.033   0.026   0.046
  10  4.029   0.451   0.447   0.599   0.664   0.561   0.410   0.296   0.411
              0.048   0.040   0.028   0.025   0.049
  11  3.759   0.363   0.478   0.140   0.697   0.602   0.736   0.250   0.364
              0.026   0.015   0.024   0.022   0.042
  12  3.763   0.316   0.492   0.429   0.583   0.387   0.540   0.342   0.541
              0.043   0.033   0.012   0.012   0.033
  13  3.765   0.330   0.486   0.442   0.609   0.364   0.525   0.318   0.554
              0.043   0.035   0.015   0.011   0.032
  14  3.773   0.341   0.488   0.125   0.640   0.610   0.768   0.295   0.370
              0.026   0.017   0.026   0.025   0.043
  15  3.771   0.349   0.484   0.168   0.659   0.624   0.714   0.285   0.357
              0.028   0.018   0.023   0.023   0.040
  16  3.758   0.326   0.495   0.402   0.581   0.302   0.575   0.332   0.599
              0.051   0.033   0.020   0.013   0.029
  17  4.095   0.724   0.340   0.704   0.826   0.858   0.293   0.098   0.127
              0.033   0.030   0.013   0.014   0.036
  18  4.020   0.452   0.448   0.595   0.654   0.566   0.411   0.292   0.416
              0.049   0.039   0.024   0.026   0.048
  19  3.943   0.475   0.440   0.512   0.609   0.534   0.461   0.322   0.404
              0.046   0.037   0.030   0.029   0.044
  20  3.942   0.429   0.452   0.507   0.643   0.557   0.468   0.295   0.407
              0.049   0.038   0.027   0.024   0.046
  21  3.776   0.321   0.499   0.143   0.593   0.601   0.767   0.336   0.376
              0.026   0.020   0.020   0.025   0.051
  22  3.803   0.366   0.482   0.203   0.659   0.602   0.700   0.256   0.402
              0.031   0.013   0.014   0.030   0.044
  23  3.789   0.337   0.492   0.150   0.689   0.655   0.730   0.252   0.354
              0.029   0.014   0.019   0.025   0.042
  24  3.983   0.415   0.460   0.553   0.651   0.583   0.427   0.272   0.429
              0.052   0.033   0.017   0.039   0.053
  25  3.942   0.412   0.459   0.512   0.636   0.572   0.465   0.292   0.409
              0.052   0.035   0.022   0.028   0.048
  26  3.977   0.455   0.444   0.539   0.654   0.577   0.441   0.286   0.399
              0.049   0.030   0.026   0.029   0.048
  27  3.780   0.340   0.487   0.171   0.686   0.619   0.712   0.247   0.386
              0.031   0.011   0.015   0.031   0.044
  28  3.778   0.353   0.480   0.456   0.599   0.363   0.504   0.314   0.578
              0.042   0.025   0.009   0.020   0.034
  29  4.011   0.462   0.446   0.589   0.704   0.594   0.415   0.217   0.405
              0.052   0.033   0.008   0.037   0.050
  30  3.966   0.440   0.447   0.542   0.692   0.535   0.434   0.245   0.450
              0.049   0.038   0.010   0.029   0.054
  31  3.952   0.433   0.452   0.552   0.674   0.536   0.433   0.245   0.448
              0.050   0.038   0.009   0.030   0.053
  32  3.952   0.434   0.451   0.561   0.673   0.532   0.432   0.246   0.442
              0.052   0.033   0.010   0.034   0.051
  33  3.963   0.450   0.443   0.525   0.699   0.543   0.445   0.241   0.439
              0.054   0.034   0.011   0.030   0.048
  34  3.788   0.358   0.479   0.580   0.711   0.148   0.433   0.208   0.738
              0.032   0.035   0.006   0.009   0.051
  35  3.768   0.348   0.479   0.251   0.733   0.440   0.659   0.205   0.521
              0.049   0.015   0.007   0.026   0.035
  36  3.762   0.344   0.482   0.234   0.721   0.455   0.676   0.201   0.515
              0.047   0.014   0.008   0.028   0.037
  37  3.796   0.342   0.484   0.589   0.733   0.137   0.432   0.202   0.746
              0.033   0.034   0.006   0.009   0.050
  38  3.788   0.355   0.480   0.376   0.723   0.350   0.578   0.201   0.591
              0.051   0.023   0.010   0.019   0.031
  39  3.770   0.350   0.478   0.162   0.723   0.542   0.724   0.215   0.444
              0.034   0.010   0.007   0.031   0.050
  40  3.763   0.343   0.482   0.527   0.699   0.184   0.462   0.218   0.712
              0.038   0.031   0.007   0.012   0.046
  41  3.797   0.343   0.483   0.377   0.741   0.340   0.573   0.199   0.608
              0.050   0.022   0.008   0.019   0.032
  42  4.050   0.494   0.437   0.613   0.694   0.618   0.389   0.235   0.383
              0.054   0.030   0.020   0.037   0.046
  43  3.948   0.442   0.447   0.511   0.684   0.538   0.450   0.255   0.440
              0.052   0.034   0.016   0.029   0.050
  44  3.955   0.449   0.446   0.550   0.619   0.545   0.405   0.316   0.439
              0.050   0.031   0.025   0.035   0.045
  45  3.941   0.437   0.451   0.569   0.641   0.522   0.415   0.281   0.443
              0.045   0.030   0.022   0.033   0.054
  46  3.947   0.432   0.451   0.568   0.647   0.525   0.411   0.288   0.443
              0.044   0.031   0.023   0.031   0.052
  47  3.783   0.369   0.476   0.556   0.553   0.263   0.428   0.355   0.646
              0.037   0.025   0.013   0.023   0.039
  48  3.772   0.348   0.478   0.230   0.641   0.565   0.660   0.297   0.421
              0.030   0.014   0.013   0.030   0.046
  49  3.759   0.345   0.482   0.443   0.683   0.279   0.507   0.253   0.633
              0.043   0.023   0.022   0.017   0.029
  50  3.795   0.344   0.482   0.550   0.622   0.285   0.439   0.308   0.635
              0.037   0.024   0.011   0.020   0.038
  51  3.798   0.344   0.483   0.560   0.700   0.200   0.437   0.250   0.692
              0.035   0.029   0.016   0.011   0.040
  52  3.782   0.354   0.482   0.550   0.646   0.210   0.450   0.265   0.689
              0.035   0.031   0.015   0.014   0.040
  53  3.767   0.338   0.483   0.401   0.630   0.392   0.544   0.291   0.554
              0.048   0.022   0.009   0.022   0.032
  54  3.762   0.350   0.481   0.191   0.679   0.512   0.698   0.252   0.462
              0.035   0.010   0.015   0.032   0.042

Species: H                   
Atom  Qatom  Qorb
               1s      1s      2Ppy    2Ppz    2Ppx    
  55  1.240   0.905   0.228   0.032   0.031   0.043
  56  1.244   0.905   0.232   0.024   0.038   0.045
  57  1.235   0.884   0.244   0.027   0.036   0.044
  58  1.240   0.906   0.227   0.049   0.038   0.020
  59  1.246   0.908   0.231   0.022   0.033   0.051
  60  1.243   0.909   0.227   0.034   0.039   0.034
  61  1.245   0.892   0.241   0.050   0.034   0.028
  62  1.243   0.874   0.255   0.026   0.035   0.054
  63  1.240   0.885   0.244   0.021   0.033   0.056
  64  1.241   0.907   0.226   0.043   0.037   0.028
  65  1.242   0.908   0.227   0.045   0.035   0.027
  66  1.246   0.907   0.232   0.017   0.035   0.054
  67  1.248   0.888   0.244   0.037   0.033   0.045
  68  1.241   0.908   0.226   0.050   0.037   0.020
  69  1.241   0.907   0.227   0.022   0.036   0.048
  70  1.245   0.906   0.232   0.034   0.034   0.039
  71  1.255   0.885   0.249   0.038   0.034   0.049
  72  1.249   0.864   0.266   0.058   0.035   0.026
  73  1.245   0.896   0.239   0.050   0.036   0.023
  74  1.170   0.873   0.200   0.051   0.030   0.016
  75  1.247   0.879   0.252   0.054   0.036   0.027
  76  1.235   0.898   0.232   0.027   0.036   0.041
  77  1.246   0.907   0.230   0.054   0.030   0.026
  78  1.248   0.903   0.235   0.029   0.040   0.041
  79  1.244   0.825   0.293   0.059   0.041   0.026
  80  1.239   0.898   0.236   0.052   0.033   0.020
  81  1.230   0.863   0.258   0.032   0.034   0.044
  82  1.242   0.896   0.240   0.054   0.032   0.020
  83  1.266   0.885   0.253   0.062   0.037   0.029
  84  1.246   0.903   0.234   0.052   0.034   0.023
  85  1.227   0.875   0.247   0.030   0.032   0.044

mulliken: Qtot =      247.000

Mulliken Atomic Populations:
Atom #   charge [q] valence [e]  Species
     1     0.034610    3.965390  C
     2     0.241462    3.758538  C
     3     0.223443    3.776557  C
     4     0.073306    3.926694  C
     5     0.040912    3.959088  C
     6     0.202289    3.797711  C
     7     0.136161    3.863839  C
     8     0.059585    3.940415  C
     9     0.038079    3.961921  C
    10    -0.029314    4.029314  C
    11     0.241455    3.758545  C
    12     0.237426    3.762574  C
    13     0.234708    3.765292  C
    14     0.226505    3.773495  C
    15     0.228987    3.771013  C
    16     0.241773    3.758227  C
    17    -0.095264    4.095264  C
    18    -0.019567    4.019567  C
    19     0.056589    3.943411  C
    20     0.058222    3.941778  C
    21     0.224117    3.775883  C
    22     0.197256    3.802744  C
    23     0.211419    3.788581  C
    24     0.016509    3.983491  C
    25     0.058337    3.941663  C
    26     0.023212    3.976788  C
    27     0.220048    3.779952  C
    28     0.221566    3.778434  C
    29    -0.011448    4.011448  C
    30     0.034465    3.965535  C
    31     0.048444    3.951556  C
    32     0.048444    3.951556  C
    33     0.036897    3.963103  C
    34     0.212487    3.787513  C
    35     0.232114    3.767886  C
    36     0.237892    3.762108  C
    37     0.204070    3.795930  C
    38     0.212170    3.787830  C
    39     0.230024    3.769976  C
    40     0.237453    3.762547  C
    41     0.203393    3.796607  C
    42    -0.050330    4.050330  C
    43     0.051744    3.948256  C
    44     0.044789    3.955211  C
    45     0.058829    3.941171  C
    46     0.053194    3.946806  C
    47     0.216633    3.783367  C
    48     0.227884    3.772116  C
    49     0.240543    3.759457  C
    50     0.204658    3.795342  C
    51     0.202332    3.797668  C
    52     0.217605    3.782395  C
    53     0.232579    3.767421  C
    54     0.238266    3.761734  C
    55    -0.239542    1.239542  H
    56    -0.244376    1.244376  H
    57    -0.234981    1.234981  H
    58    -0.240171    1.240171  H
    59    -0.245946    1.245946  H
    60    -0.243277    1.243277  H
    61    -0.245192    1.245192  H
    62    -0.242616    1.242616  H
    63    -0.239559    1.239559  H
    64    -0.240943    1.240943  H
    65    -0.241734    1.241734  H
    66    -0.245671    1.245671  H
    67    -0.247643    1.247643  H
    68    -0.240927    1.240927  H
    69    -0.241265    1.241265  H
    70    -0.245400    1.245400  H
    71    -0.255101    1.255101  H
    72    -0.249156    1.249156  H
    73    -0.244523    1.244523  H
    74    -0.170414    1.170414  H
    75    -0.246751    1.246751  H
    76    -0.235311    1.235311  H
    77    -0.246424    1.246424  H
    78    -0.247550    1.247550  H
    79    -0.243841    1.243841  H
    80    -0.239364    1.239364  H
    81    -0.230333    1.230333  H
    82    -0.241884    1.241884  H
    83    -0.265710    1.265710  H
    84    -0.246395    1.246395  H
    85    -0.226961    1.226961  H
--------------------
 Total    -0.000000

                     ====================================
                        Begin CG opt. move =     24
                     ====================================

outcoor: Atomic coordinates (Ang):                          
   -2.73530688   -1.52635901    0.69483140   1       1  C
   -2.72811432   -2.85417474    0.10783142   1       2  C
   -1.63724640   -3.31274397   -0.63423596   1       3  C
   -0.49709286   -2.46905026   -0.80861419   1       4  C
   -0.52408433   -1.03653557   -0.42406871   1       5  C
   -1.64130955   -0.66744144    0.40653946   1       6  C
    0.71626401   -3.23949155   -1.12328816   1       7  C
    1.68061253   -2.35420051   -1.63944197   1       8  C
    1.67905828   -0.82043640   -1.52181865   1       9  C
    0.61599708   -0.20872820   -0.76412527   1      10  C
    2.78252295   -2.98660772   -2.36090822   1      11  C
    3.81634724   -2.24566761   -2.95145233   1      12  C
    3.77254700   -0.84193747   -2.82205559   1      13  C
    2.77467154   -0.12505446   -2.16602184   1      14  C
   -1.64839311    4.24230569   -0.91858639   1      15  C
   -2.68254482    3.70032770   -1.69659412   1      16  C
   -2.58610600    2.35732868   -2.05275646   1      17  C
    0.63366507    1.18266748   -0.46182290   1      18  C
   -0.48042037    2.00180008   -0.84549579   1      19  C
   -0.55587380    3.40258866   -0.49473364   1      20  C
   -1.56126709    1.49863017   -1.70986167   1      21  C
    2.99622865    1.20752259    0.53295910   1      22  C
    0.48944663    4.00330245    0.23420911   1      23  C
    4.12546682    1.91489013    1.03110876   1      24  C
    1.64163289    3.24538520    0.54489126   1      25  C
    1.75086759    1.84372177    0.19839371   1      26  C
    2.70889934    3.93622371    1.17890077   1      27  C
    3.92952016    3.29044337    1.39508201   1      28  C
    5.44479009    1.36315858    1.04604257   1      29  C
    5.84783057   -0.02538686    1.14966791   1      30  C
    7.27395615   -0.12415575    0.96713167   1      31  C
    7.78674247    1.20717927    0.75609359   1      32  C
    6.67098231    2.12161249    0.82246861   1      33  C
    5.14033084   -1.22938222    1.37964800   1      34  C
    5.83637446   -2.47070632    1.38297302   1      35  C
    7.22817520   -2.52934835    1.17545164   1      36  C
    7.96594443   -1.34714912    0.96834154   1      37  C
    6.95510691    3.48176786    0.53274202   1      38  C
    8.28794556    3.89627823    0.25593894   1      39  C
    9.35196006    2.97754907    0.24045641   1      40  C
    9.10622455    1.61124149    0.48130572   1      41  C
   -3.99077319   -1.15254854    1.23612542   1      42  C
   -4.68937575    0.06416429    0.83974242   1      43  C
   -5.01899183   -2.11396576    1.56629871   1      44  C
   -6.24788865   -1.66489255    0.97519540   1      45  C
   -6.03975589   -0.31054278    0.51386078   1      46  C
   -5.00689074   -3.40205618    2.13742478   1      47  C
   -6.17643011   -4.20673516    2.08817008   1      48  C
   -7.35763349   -3.74938989    1.46931122   1      49  C
   -7.40465950   -2.46093945    0.89777708   1      50  C
   -6.95705697    0.55518006   -0.09759088   1      51  C
   -4.29267463    1.37587671    0.52837314   1      52  C
   -6.53587448    1.87122757   -0.37955626   1      53  C
   -5.23027396    2.27238546   -0.05926173   1      54  C
   -8.25359013   -4.38525519    1.43017680   2      55  H
   -8.32097788   -2.08072398    0.41869269   2      56  H
   -4.10211986   -3.76901347    2.62901515   2      57  H
   -6.15911802   -5.21275322    2.53716618   2      58  H
   -7.98409291    0.22641465   -0.32449899   2      59  H
   -7.24032638    2.57717874   -0.83598120   2      60  H
   -4.91952261    3.30957076   -0.25256748   2      61  H
   -3.29237909    1.72722809    0.78809726   2      62  H
    4.05616934   -1.22584698    1.56304578   2      63  H
    5.27569565   -3.40243905    1.55225549   2      64  H
    7.75459357   -3.49447057    1.17595514   2      65  H
    9.05354461   -1.37138173    0.80082013   2      66  H
    6.16652004    4.24246025    0.49196494   2      67  H
    8.48458487    4.96016710    0.04532796   2      68  H
   10.37561980    3.31436987    0.02035909   2      69  H
    9.92304945    0.87524154    0.44194600   2      70  H
   -3.52095567   -3.57206213    0.18766704   2      71  H
   -1.62421626    0.32761540    0.82392846   2      72  H
   -1.54525410   -4.31007798   -1.06505592   2      73  H
    0.84403892   -4.35628483   -0.62360003   2      74  H
    2.79486938    0.95113593   -2.10591474   2      75  H
    4.58975088   -0.28302621   -3.28330280   2      76  H
    2.65556646   -4.08665096   -2.41343652   2      77  H
    4.57703772   -2.79343217   -3.46211896   2      78  H
    3.11877298    0.15620965    0.25666310   2      79  H
    2.58302972    4.99269648    1.45168546   2      80  H
    4.71804908    3.87388275    1.87739631   2      81  H
    0.44738400    5.06522327    0.50245880   2      82  H
   -1.51128154    0.48338369   -2.02778889   2      83  H
   -1.61837192    5.28098455   -0.59025938   2      84  H
   -3.50781173    4.34127875   -2.00590135   2      85  H

outcell: Unit cell vectors (Ang):
       30.000000    0.000000    0.000000
        0.000000   20.000000    0.000000
        0.000000    0.000000   20.000000

outcell: Cell vector modules (Ang)   :   30.000000   20.000000   20.000000
outcell: Cell angles (23,13,12) (deg):     90.0000     90.0000     90.0000
outcell: Cell volume (Ang**3)        :  12000.0000
<dSpData1D:S at geom step 24
  <sparsity:sparsity for geom step 24
    nrows_g=857 nrows=857 sparsity=.3977 nnzs=292079, refcount: 7>
  <dData1D:(new from dSpData1D) n=292079, refcount: 1>
refcount: 1>
new_DM -- step:    25
Re-using DM from previous geometries...
Number of DMs in history: 1
 DM extrapolation coefficients: 
1   1.00000
New DM after history re-use:
<dSpData2D:SpM extrapolated using coords
  <sparsity:sparsity for geom step 24
    nrows_g=857 nrows=857 sparsity=.3977 nnzs=292079, refcount: 9>
  <dData2D:(temp array for extrapolation) n=292079 m=1, refcount: 1>
refcount: 1>
No. of atoms with KB's overlaping orbs in proc 0. Max # of overlaps:      85     190

InitMesh: MESH = 192 x 128 x 128 = 3145728
InitMesh: Mesh cutoff (required, used) =   100.000   113.204 Ry
New grid distribution [1]: sub = 2

        iscf     Eharris(eV)        E_KS(eV)     FreeEng(eV)     dDmax    Ef(eV) dHmax(eV)
   scf:    1    -8844.271125    -8844.886315    -8844.942363  0.066490 -4.008681  2.374042
   scf:    2    -8795.615365    -8829.700244    -8829.736083  0.537879 -3.473979 17.768483
   scf:    3    -8849.079529    -8842.129789    -8842.170469  0.268590 -3.943176  6.149959
   scf:    4    -8846.271331    -8844.768277    -8844.823089  0.136489 -4.003968  2.553411
   scf:    5    -8835.844244    -8841.377785    -8841.423598  0.248620 -3.985183  9.339408
   scf:    6    -8844.701179    -8843.217199    -8843.274642  0.077370 -3.999644  7.146328
   scf:    7    -8839.758587    -8844.302370    -8844.351595  0.392696 -4.022385  4.985990
   scf:    8    -8845.078189    -8844.818159    -8844.871533  0.043510 -4.021365  3.410933
   scf:    9    -8845.396059    -8845.275768    -8845.334679  0.095200 -4.014224  0.462836
mix: Pulay -- resetting history
mix: switching mixer --> Linear-Kick
   scf:   10    -8845.214555    -8845.277244    -8845.337078  0.036268 -4.011541  0.592701
mix: switching mixer --> Pulay
   scf:   11    -8833.306718    -8841.450727    -8841.490580  0.308841 -4.015487  9.743883
   scf:   12    -8844.997695    -8845.154603    -8845.211095  0.273049 -4.013784  1.305951
   scf:   13    -8845.227445    -8845.278471    -8845.338475  0.035793 -4.012435  0.612142
   scf:   14    -8845.259654    -8845.288432    -8845.347265  0.032767 -4.014054  0.395247
   scf:   15    -8845.295619    -8845.293441    -8845.352644  0.008749 -4.013749  0.120272
   scf:   16    -8845.288196    -8845.292479    -8845.352024  0.009557 -4.013347  0.174432
   scf:   17    -8845.294140    -8845.293855    -8845.353205  0.005491 -4.013648  0.005732
   scf:   18    -8845.293879    -8845.293871    -8845.353203  0.000494 -4.013720  0.009604
   scf:   19    -8845.293870    -8845.293871    -8845.353205  0.000087 -4.013722  0.007014
mix: Pulay -- resetting history
mix: switching mixer --> Linear-Kick
   scf:   20    -8845.293835    -8845.293856    -8845.353205  0.000412 -4.013697  0.005715
mix: switching mixer --> Pulay
   scf:   21    -8845.288482    -8845.292188    -8845.351245  0.007478 -4.014039  0.226067
   scf:   22    -8845.293605    -8845.293865    -8845.353207  0.007292 -4.013709  0.001069
   scf:   23    -8845.293866    -8845.293865    -8845.353207  0.000033 -4.013710  0.001060
   scf:   24    -8845.293865    -8845.293865    -8845.353207  0.000009 -4.013705  0.000753
   scf:   25    -8845.293863    -8845.293864    -8845.353207  0.000027 -4.013696  0.000157
   scf:   26    -8845.293865    -8845.293864    -8845.353207  0.000007 -4.013693  0.000028
   scf:   27    -8845.293864    -8845.293864    -8845.353207  0.000001 -4.013692  0.000040

SCF Convergence by DM+H criterion
max |DM_out - DM_in|         :     0.0000013562
max |H_out - H_in|      (eV) :     0.0000402370
SCF cycle converged after 27 iterations

Using DM_out to compute the final energy and forces
No. of atoms with KB's overlaping orbs in proc 0. Max # of overlaps:      85     190

siesta: E_KS(eV) =            -8845.2939

siesta: Atomic forces (eV/Ang):
     1    0.860862   -0.753780   -0.722949
     2    1.988309   -0.590078   -0.924487
     3   -0.614603    1.607115    1.294483
     4    1.068067   -1.804569    0.659262
     5   -0.243536   -1.543710    0.145566
     6    0.455579   -0.545218   -0.625107
     7   -1.755739    1.510132    1.720184
     8    2.572122    0.446929   -0.741782
     9   -0.314895   -2.169961   -0.103122
    10    0.205657   -1.736339   -0.718345
    11   -0.457170    0.760174    0.527096
    12   -2.064493   -0.702077    1.299806
    13    0.347451    0.777950   -0.160013
    14   -0.733405   -1.720543    0.249864
    15    0.114625   -1.143438   -0.382829
    16    0.648227    0.648439    0.561051
    17    0.535239   -1.101261   -0.068501
    18    0.183439    1.888256    0.667030
    19   -0.945739   -0.133904   -0.514025
    20   -0.285823    0.665997    0.039131
    21    0.043998    2.038075    0.653028
    22   -0.356763    0.135544   -0.077898
    23    0.454100   -1.119278   -0.054040
    24   -0.618664    0.168862   -0.097501
    25   -0.917788    0.960647   -0.173592
    26    0.578219   -0.284676    0.183822
    27    1.571050   -0.931517    0.215449
    28   -1.103374    1.030346   -0.065547
    29    0.347805   -0.128875    0.046845
    30    0.198701   -0.875034   -0.112594
    31    0.051043   -0.468859    0.020348
    32    0.304686    0.316647   -0.011900
    33    0.767916    0.402807   -0.268453
    34    0.171195   -0.440851   -0.020129
    35   -0.322192    0.571019    0.012199
    36    0.107595    0.080706   -0.025110
    37   -0.483143    0.224576    0.087817
    38    0.477137    0.158746   -0.075398
    39   -0.637777   -0.126737    0.137867
    40    0.030745   -0.157455    0.008585
    41   -0.491039    0.219161    0.072723
    42   -0.476219    0.676614    0.508289
    43   -0.470945    0.554488   -0.757290
    44   -0.915944   -0.844404   -0.471258
    45   -0.523838   -0.129616    0.182092
    46   -0.463914    0.362476    0.179623
    47   -0.421656   -0.217198   -0.054930
    48    0.452478    0.212073    0.137251
    49    0.004188    0.231188   -0.110747
    50    0.422443   -0.049822    0.348013
    51    0.386566    0.126280    0.212891
    52   -0.398676    0.222797   -0.156461
    53   -0.029553   -0.215294    0.052854
    54    0.401543   -0.189283    0.266746
    55   -0.052452   -0.164102    0.039542
    56   -0.038904   -0.016356   -0.032044
    57    0.289769   -0.229731    0.174909
    58    0.030615   -0.016850    0.055564
    59   -0.020646   -0.027439   -0.055904
    60   -0.076186    0.189124   -0.099560
    61    0.039954    0.070127    0.016466
    62    0.336779    0.257422   -0.004130
    63   -0.133595   -0.025398    0.044213
    64   -0.077386   -0.042454    0.016035
    65   -0.023580   -0.167115    0.015536
    66    0.089728   -0.053548    0.018989
    67   -0.171917    0.093276   -0.032246
    68   -0.025880    0.025262   -0.006809
    69    0.085797    0.089617   -0.018822
    70    0.072285   -0.060422   -0.006841
    71   -1.144055   -0.228169    0.349889
    72   -0.054086    0.726129    0.345578
    73   -0.374001   -0.460322   -0.012429
    74   -0.231374    2.517122   -2.058641
    75    0.102258    0.842322   -0.120646
    76    0.270781    0.349643   -0.176805
    77    0.539777    0.096318   -0.230234
    78    1.099663   -0.286571   -0.747214
    79    0.077253   -0.197245   -0.002358
    80   -0.043380    0.127987    0.095759
    81    0.338135   -0.075088    0.178283
    82   -0.037532    0.225151    0.082685
    83    0.066149   -1.275839   -0.682752
    84   -0.181247    0.568275    0.006456
    85   -0.522423    0.244407   -0.132996
----------------------------------------
   Tot   -0.065605   -0.030199    0.015380
----------------------------------------
   Max    2.572122
   Res    0.657969    sqrt( Sum f_i^2 / 3N )
----------------------------------------
   Max    2.572122    constrained

Stress tensor Voigt[x,y,z,yz,xz,xy] (kbar):       -0.22       -0.19        0.16       -0.08        0.23       -0.38
(Free)E + p*V (eV/cell)    -8844.7232
Target enthalpy (eV/cell)    -8845.3457

mulliken: Atomic and Orbital Populations:

Species: C                   
Atom  Qatom  Qorb
               2s      2s      2py     2pz     2px     2py     2pz     2px     
               3Pdxy   3Pdyz   3Pdz2   3Pdxz   3Pdx2-y2
   1  3.969   0.423   0.455   0.539   0.642   0.574   0.432   0.292   0.417
              0.050   0.033   0.026   0.031   0.056
   2  3.757   0.336   0.489   0.373   0.659   0.361   0.551   0.275   0.579
              0.042   0.024   0.025   0.016   0.027
   3  3.776   0.353   0.479   0.227   0.626   0.612   0.662   0.308   0.379
              0.031   0.015   0.015   0.029   0.040
   4  3.926   0.490   0.429   0.488   0.682   0.501   0.472   0.214   0.464
              0.057   0.032   0.015   0.030   0.051
   5  3.958   0.476   0.437   0.502   0.600   0.585   0.457   0.322   0.392
              0.044   0.037   0.029   0.029   0.047
   6  3.797   0.353   0.483   0.213   0.588   0.634   0.687   0.336   0.371
              0.027   0.021   0.019   0.025   0.039
   7  3.849   0.501   0.424   0.276   0.692   0.633   0.597   0.237   0.360
              0.036   0.016   0.013   0.026   0.037
   8  3.942   0.496   0.425   0.481   0.626   0.589   0.471   0.298   0.370
              0.048   0.037   0.026   0.024   0.049
   9  3.962   0.505   0.425   0.483   0.647   0.588   0.455   0.296   0.382
              0.043   0.032   0.033   0.026   0.046
  10  4.030   0.450   0.448   0.603   0.663   0.559   0.409   0.296   0.412
              0.049   0.041   0.028   0.025   0.049
  11  3.759   0.370   0.476   0.142   0.698   0.600   0.732   0.248   0.363
              0.026   0.015   0.024   0.022   0.042
  12  3.763   0.318   0.492   0.427   0.585   0.388   0.541   0.341   0.539
              0.043   0.033   0.012   0.012   0.032
  13  3.765   0.330   0.486   0.442   0.608   0.364   0.525   0.318   0.554
              0.044   0.036   0.015   0.011   0.032
  14  3.773   0.343   0.487   0.125   0.641   0.609   0.768   0.294   0.369
              0.026   0.017   0.025   0.025   0.043
  15  3.770   0.352   0.483   0.167   0.659   0.623   0.714   0.283   0.356
              0.028   0.018   0.023   0.023   0.040
  16  3.759   0.325   0.496   0.401   0.582   0.302   0.577   0.332   0.599
              0.051   0.033   0.020   0.013   0.029
  17  4.094   0.725   0.340   0.705   0.825   0.854   0.293   0.099   0.127
              0.033   0.030   0.013   0.014   0.035
  18  4.020   0.450   0.448   0.599   0.653   0.565   0.409   0.292   0.417
              0.050   0.039   0.024   0.026   0.048
  19  3.943   0.476   0.439   0.512   0.609   0.534   0.461   0.322   0.404
              0.046   0.037   0.030   0.029   0.044
  20  3.943   0.431   0.451   0.506   0.643   0.558   0.468   0.295   0.406
              0.049   0.038   0.027   0.024   0.046
  21  3.774   0.322   0.498   0.142   0.595   0.599   0.768   0.334   0.375
              0.026   0.020   0.020   0.025   0.051
  22  3.803   0.367   0.481   0.203   0.660   0.602   0.701   0.256   0.402
              0.031   0.013   0.014   0.030   0.044
  23  3.788   0.341   0.491   0.150   0.690   0.653   0.729   0.250   0.355
              0.029   0.014   0.019   0.025   0.042
  24  3.984   0.414   0.460   0.554   0.650   0.583   0.426   0.272   0.429
              0.052   0.033   0.017   0.039   0.053
  25  3.942   0.415   0.458   0.512   0.637   0.570   0.465   0.291   0.409
              0.052   0.035   0.022   0.028   0.048
  26  3.977   0.456   0.443   0.539   0.655   0.576   0.441   0.286   0.399
              0.049   0.030   0.026   0.029   0.048
  27  3.780   0.343   0.486   0.172   0.687   0.617   0.711   0.245   0.387
              0.031   0.011   0.015   0.031   0.044
  28  3.779   0.356   0.479   0.456   0.600   0.364   0.505   0.314   0.576
              0.042   0.025   0.009   0.019   0.034
  29  4.011   0.460   0.447   0.589   0.703   0.595   0.415   0.218   0.404
              0.052   0.033   0.008   0.037   0.050
  30  3.966   0.439   0.447   0.543   0.692   0.536   0.434   0.246   0.450
              0.049   0.038   0.010   0.029   0.054
  31  3.952   0.435   0.451   0.551   0.675   0.536   0.434   0.244   0.447
              0.050   0.037   0.009   0.030   0.053
  32  3.952   0.436   0.450   0.561   0.674   0.530   0.432   0.246   0.443
              0.052   0.033   0.010   0.034   0.051
  33  3.964   0.449   0.443   0.525   0.699   0.544   0.445   0.241   0.439
              0.054   0.035   0.011   0.030   0.048
  34  3.787   0.360   0.478   0.579   0.712   0.148   0.432   0.207   0.737
              0.032   0.035   0.006   0.009   0.051
  35  3.768   0.350   0.478   0.251   0.734   0.440   0.658   0.204   0.521
              0.049   0.015   0.007   0.025   0.035
  36  3.762   0.345   0.482   0.234   0.722   0.455   0.676   0.200   0.515
              0.047   0.014   0.008   0.028   0.037
  37  3.796   0.344   0.483   0.588   0.734   0.138   0.432   0.201   0.745
              0.033   0.034   0.006   0.009   0.050
  38  3.788   0.357   0.479   0.376   0.724   0.350   0.578   0.200   0.591
              0.051   0.023   0.010   0.019   0.031
  39  3.770   0.352   0.478   0.162   0.724   0.541   0.724   0.213   0.444
              0.034   0.010   0.007   0.031   0.050
  40  3.763   0.344   0.482   0.527   0.700   0.184   0.461   0.218   0.712
              0.038   0.031   0.007   0.012   0.046
  41  3.796   0.345   0.483   0.377   0.742   0.341   0.573   0.198   0.607
              0.050   0.022   0.008   0.019   0.032
  42  4.042   0.487   0.440   0.606   0.685   0.613   0.394   0.240   0.387
              0.054   0.031   0.020   0.037   0.046
  43  3.951   0.442   0.447   0.512   0.687   0.541   0.449   0.253   0.438
              0.052   0.035   0.016   0.029   0.050
  44  3.959   0.449   0.446   0.553   0.621   0.548   0.404   0.315   0.437
              0.050   0.031   0.025   0.035   0.045
  45  3.941   0.439   0.450   0.567   0.641   0.521   0.416   0.281   0.444
              0.045   0.030   0.022   0.033   0.054
  46  3.946   0.434   0.450   0.566   0.646   0.524   0.412   0.288   0.444
              0.044   0.031   0.023   0.031   0.052
  47  3.783   0.371   0.475   0.555   0.554   0.264   0.428   0.355   0.645
              0.037   0.025   0.013   0.023   0.039
  48  3.772   0.349   0.478   0.230   0.641   0.564   0.659   0.296   0.420
              0.030   0.014   0.013   0.030   0.046
  49  3.759   0.346   0.481   0.443   0.683   0.279   0.507   0.252   0.633
              0.043   0.023   0.022   0.017   0.029
  50  3.795   0.346   0.482   0.549   0.623   0.285   0.439   0.307   0.634
              0.037   0.024   0.011   0.020   0.038
  51  3.797   0.346   0.482   0.559   0.700   0.200   0.437   0.250   0.691
              0.035   0.029   0.016   0.011   0.040
  52  3.782   0.356   0.482   0.549   0.646   0.210   0.451   0.264   0.689
              0.035   0.031   0.015   0.014   0.040
  53  3.767   0.339   0.483   0.401   0.631   0.392   0.544   0.291   0.554
              0.048   0.022   0.009   0.022   0.032
  54  3.761   0.352   0.480   0.191   0.680   0.512   0.698   0.251   0.462
              0.035   0.010   0.015   0.032   0.042

Species: H                   
Atom  Qatom  Qorb
               1s      1s      2Ppy    2Ppz    2Ppx    
  55  1.240   0.904   0.229   0.032   0.032   0.043
  56  1.244   0.905   0.232   0.024   0.038   0.045
  57  1.235   0.883   0.244   0.027   0.037   0.045
  58  1.240   0.906   0.227   0.049   0.038   0.020
  59  1.246   0.907   0.231   0.022   0.034   0.051
  60  1.243   0.909   0.227   0.034   0.039   0.034
  61  1.245   0.892   0.241   0.050   0.034   0.028
  62  1.243   0.873   0.255   0.026   0.035   0.054
  63  1.240   0.885   0.244   0.021   0.033   0.056
  64  1.241   0.907   0.226   0.043   0.037   0.028
  65  1.242   0.908   0.227   0.045   0.035   0.027
  66  1.246   0.907   0.232   0.018   0.035   0.054
  67  1.248   0.888   0.244   0.038   0.033   0.045
  68  1.241   0.908   0.226   0.050   0.037   0.020
  69  1.241   0.907   0.227   0.022   0.036   0.048
  70  1.245   0.906   0.232   0.034   0.034   0.039
  71  1.256   0.884   0.250   0.039   0.034   0.049
  72  1.250   0.864   0.266   0.059   0.035   0.026
  73  1.245   0.896   0.239   0.050   0.036   0.023
  74  1.184   0.869   0.213   0.053   0.032   0.018
  75  1.247   0.878   0.252   0.054   0.036   0.027
  76  1.236   0.898   0.233   0.027   0.036   0.041
  77  1.246   0.907   0.229   0.054   0.030   0.026
  78  1.248   0.903   0.236   0.029   0.040   0.041
  79  1.244   0.825   0.293   0.059   0.041   0.026
  80  1.239   0.898   0.236   0.052   0.033   0.020
  81  1.230   0.862   0.258   0.032   0.034   0.045
  82  1.242   0.895   0.241   0.054   0.032   0.020
  83  1.267   0.885   0.254   0.062   0.037   0.029
  84  1.247   0.902   0.235   0.053   0.034   0.023
  85  1.227   0.875   0.247   0.030   0.032   0.044

mulliken: Qtot =      247.000

Mulliken Atomic Populations:
Atom #   charge [q] valence [e]  Species
     1     0.030528    3.969472  C
     2     0.242691    3.757309  C
     3     0.223829    3.776171  C
     4     0.074179    3.925821  C
     5     0.041578    3.958422  C
     6     0.202979    3.797021  C
     7     0.151385    3.848615  C
     8     0.058159    3.941841  C
     9     0.037833    3.962167  C
    10    -0.030067    4.030067  C
    11     0.241285    3.758715  C
    12     0.237258    3.762742  C
    13     0.235061    3.764939  C
    14     0.226882    3.773118  C
    15     0.230374    3.769626  C
    16     0.241158    3.758842  C
    17    -0.094180    4.094180  C
    18    -0.019916    4.019916  C
    19     0.056502    3.943498  C
    20     0.057353    3.942647  C
    21     0.226281    3.773719  C
    22     0.197429    3.802571  C
    23     0.212387    3.787613  C
    24     0.015786    3.984214  C
    25     0.057779    3.942221  C
    26     0.023454    3.976546  C
    27     0.220187    3.779813  C
    28     0.221378    3.778622  C
    29    -0.010894    4.010894  C
    30     0.033832    3.966168  C
    31     0.048281    3.951719  C
    32     0.048344    3.951656  C
    33     0.036280    3.963720  C
    34     0.212582    3.787418  C
    35     0.232118    3.767882  C
    36     0.237776    3.762224  C
    37     0.204175    3.795825  C
    38     0.212225    3.787775  C
    39     0.229944    3.770056  C
    40     0.237284    3.762716  C
    41     0.203517    3.796483  C
    42    -0.041696    4.041696  C
    43     0.049018    3.950982  C
    44     0.041453    3.958547  C
    45     0.059007    3.940993  C
    46     0.053567    3.946433  C
    47     0.216784    3.783216  C
    48     0.228100    3.771900  C
    49     0.240688    3.759312  C
    50     0.204943    3.795057  C
    51     0.202541    3.797459  C
    52     0.217974    3.782026  C
    53     0.232832    3.767168  C
    54     0.238508    3.761492  C
    55    -0.239541    1.239541  H
    56    -0.244277    1.244277  H
    57    -0.235104    1.235104  H
    58    -0.240076    1.240076  H
    59    -0.245862    1.245862  H
    60    -0.243244    1.243244  H
    61    -0.245204    1.245204  H
    62    -0.242750    1.242750  H
    63    -0.239665    1.239665  H
    64    -0.241152    1.241152  H
    65    -0.241888    1.241888  H
    66    -0.245765    1.245765  H
    67    -0.247850    1.247850  H
    68    -0.241098    1.241098  H
    69    -0.241380    1.241380  H
    70    -0.245471    1.245471  H
    71    -0.255631    1.255631  H
    72    -0.249993    1.249993  H
    73    -0.245067    1.245067  H
    74    -0.184386    1.184386  H
    75    -0.247013    1.247013  H
    76    -0.235590    1.235590  H
    77    -0.245930    1.245930  H
    78    -0.248033    1.248033  H
    79    -0.244013    1.244013  H
    80    -0.239390    1.239390  H
    81    -0.230135    1.230135  H
    82    -0.241697    1.241697  H
    83    -0.267270    1.267270  H
    84    -0.246807    1.246807  H
    85    -0.227455    1.227455  H
--------------------
 Total     0.000000

                     ====================================
                        Begin CG opt. move =     25
                     ====================================

outcoor: Atomic coordinates (Ang):                          
   -2.73572758   -1.52553840    0.69171348   1       1  C
   -2.72225489   -2.85497320    0.10331095   1       2  C
   -1.63501023   -3.31025882   -0.63435801   1       3  C
   -0.50009309   -2.46537666   -0.81202969   1       4  C
   -0.52200411   -1.03868058   -0.42198176   1       5  C
   -1.63978062   -0.67034401    0.40491613   1       6  C
    0.71235666   -3.22420438   -1.13190811   1       7  C
    1.68634655   -2.34572631   -1.64356207   1       8  C
    1.68012205   -0.82096193   -1.52226311   1       9  C
    0.61575603   -0.21170706   -0.76460904   1      10  C
    2.78064198   -2.98594564   -2.36180097   1      11  C
    3.81063125   -2.24707083   -2.94841958   1      12  C
    3.77075189   -0.84251972   -2.82110840   1      13  C
    2.77328265   -0.12872261   -2.16490968   1      14  C
   -1.64826930    4.23947741   -0.91835845   1      15  C
   -2.67906790    3.70131090   -1.69421838   1      16  C
   -2.58530552    2.35429674   -2.05354817   1      17  C
    0.63397653    1.18344699   -0.46190532   1      18  C
   -0.47983246    2.00321394   -0.84584672   1      19  C
   -0.55403070    3.40264632   -0.49435461   1      20  C
   -1.56303787    1.50385326   -1.70817010   1      21  C
    2.99447070    1.20982612    0.53219184   1      22  C
    0.49068928    4.00150188    0.23400876   1      23  C
    4.12450773    1.91460337    1.03067686   1      24  C
    1.63977987    3.24647486    0.54426832   1      25  C
    1.74983980    1.84388541    0.19819607   1      26  C
    2.70890926    3.93464520    1.17867697   1      27  C
    3.92548323    3.29147054    1.39480663   1      28  C
    5.44522120    1.36333013    1.04817419   1      29  C
    5.84844230   -0.02622667    1.15015804   1      30  C
    7.27493771   -0.12442256    0.96688697   1      31  C
    7.78771197    1.20644302    0.75576653   1      32  C
    6.67222637    2.12166978    0.82163870   1      33  C
    5.14205704   -1.23046537    1.37953168   1      34  C
    5.83683625   -2.46959867    1.38283792   1      35  C
    7.22787267   -2.52788842    1.17538169   1      36  C
    7.96463181   -1.34639452    0.96831239   1      37  C
    6.95727511    3.48110541    0.53236050   1      38  C
    8.28755749    3.89539782    0.25624101   1      39  C
    9.35075643    2.97684937    0.24076809   1      40  C
    9.10484526    1.61172519    0.48147241   1      41  C
   -3.98907232   -1.14915400    1.24729683   1      42  C
   -4.68958580    0.06373918    0.83802766   1      43  C
   -5.01951157   -2.11408536    1.56602064   1      44  C
   -6.24855629   -1.66496273    0.97330656   1      45  C
   -6.04060686   -0.31158521    0.51259850   1      46  C
   -5.00919854   -3.40159623    2.13695715   1      47  C
   -6.17646696   -4.20575217    2.08766533   1      48  C
   -7.35679672   -3.74815269    1.46893446   1      49  C
   -7.40341419   -2.46111394    0.89805332   1      50  C
   -6.95578294    0.55506806   -0.09726947   1      51  C
   -4.29496326    1.37532770    0.52810391   1      52  C
   -6.53512821    1.86985319   -0.37895206   1      53  C
   -5.23043904    2.27119298   -0.05878702   1      54  C
   -8.25275221   -4.38435063    1.43006897   2      55  H
   -8.31987033   -2.08094117    0.41932218   2      56  H
   -4.10323250   -3.76801270    2.62789588   2      57  H
   -6.15925633   -5.21183342    2.53659977   2      58  H
   -7.98297590    0.22682473   -0.32397560   2      59  H
   -7.23960530    2.57618796   -0.83541628   2      60  H
   -4.92008113    3.30851652   -0.25262353   2      61  H
   -3.29387113    1.72602196    0.78781002   2      62  H
    4.05790778   -1.22566415    1.56258144   2      63  H
    5.27641609   -3.40166326    1.55209841   2      64  H
    7.75423504   -3.49313714    1.17588454   2      65  H
    9.05220386   -1.37113578    0.80091062   2      66  H
    6.16820038    4.24147549    0.49202939   2      67  H
    8.48458103    4.95927541    0.04548955   2      68  H
   10.37428743    3.31388374    0.02057636   2      69  H
    9.92200875    0.87612896    0.44199252   2      70  H
   -3.51829416   -3.57178971    0.18681553   2      71  H
   -1.62475261    0.32667397    0.82317030   2      72  H
   -1.54489237   -4.30898967   -1.06497960   2      73  H
    0.84612647   -4.37291588   -0.61139484   2      74  H
    2.79477807    0.94822170   -2.10560670   2      75  H
    4.58919817   -0.28404601   -3.28286511   2      76  H
    2.65546587   -4.08419453   -2.41312477   2      77  H
    4.57398698   -2.79250313   -3.45997152   2      78  H
    3.11903252    0.15795407    0.25717926   2      79  H
    2.58365135    4.99117042    1.45099424   2      80  H
    4.71572487    3.87296497    1.87570467   2      81  H
    0.44746262    5.06323832    0.50172639   2      82  H
   -1.51206849    0.48545781   -2.02651610   2      83  H
   -1.61767207    5.27961315   -0.59026700   2      84  H
   -3.50710957    4.33970344   -2.00623970   2      85  H

outcell: Unit cell vectors (Ang):
       30.000000    0.000000    0.000000
        0.000000   20.000000    0.000000
        0.000000    0.000000   20.000000

outcell: Cell vector modules (Ang)   :   30.000000   20.000000   20.000000
outcell: Cell angles (23,13,12) (deg):     90.0000     90.0000     90.0000
outcell: Cell volume (Ang**3)        :  12000.0000
<dSpData1D:S at geom step 25
  <sparsity:sparsity for geom step 25
    nrows_g=857 nrows=857 sparsity=.3978 nnzs=292133, refcount: 7>
  <dData1D:(new from dSpData1D) n=292133, refcount: 1>
refcount: 1>
new_DM -- step:    26
Re-using DM from previous geometries...
Number of DMs in history: 1
 DM extrapolation coefficients: 
1   1.00000
New DM after history re-use:
<dSpData2D:SpM extrapolated using coords
  <sparsity:sparsity for geom step 25
    nrows_g=857 nrows=857 sparsity=.3978 nnzs=292133, refcount: 9>
  <dData2D:(temp array for extrapolation) n=292133 m=1, refcount: 1>
refcount: 1>
No. of atoms with KB's overlaping orbs in proc 0. Max # of overlaps:      85     192

InitMesh: MESH = 192 x 128 x 128 = 3145728
InitMesh: Mesh cutoff (required, used) =   100.000   113.204 Ry
New grid distribution [1]: sub = 2

        iscf     Eharris(eV)        E_KS(eV)     FreeEng(eV)     dDmax    Ef(eV) dHmax(eV)
   scf:    1    -8844.043214    -8844.958121    -8845.015461  0.062725 -4.025612  2.235211
   scf:    2    -8783.158288    -8825.582276    -8825.621894  0.279836 -4.345481 16.385280
   scf:    3    -8850.122471    -8841.921098    -8841.959185  0.114527 -4.041799  8.410383
   scf:    4    -8843.506531    -8842.747820    -8842.789299  0.036546 -4.039587  7.037757
   scf:    5    -8845.236422    -8844.121977    -8844.171135  0.074183 -4.030246  4.650766
   scf:    6    -8843.183043    -8844.892010    -8844.946232  0.177017 -4.020292  2.468052
   scf:    7    -8839.096291    -8843.130570    -8843.189850  0.227221 -4.006544  7.539342
   scf:    8    -8845.656367    -8844.591106    -8844.652922  0.106372 -4.012704  4.340154
   scf:    9    -8845.146392    -8845.297762    -8845.356968  0.155318 -4.022042  0.489962
mix: Pulay -- resetting history
mix: switching mixer --> Linear-Kick
   scf:   10    -8845.214149    -8845.293814    -8845.353736  0.036576 -4.021223  0.651109
mix: switching mixer --> Pulay
   scf:   11    -8832.066305    -8841.082643    -8841.119920  0.313777 -4.036215  9.833652
   scf:   12    -8845.295390    -8845.126789    -8845.182436  0.251488 -4.023317  1.458142
   scf:   13    -8845.127549    -8845.278287    -8845.338667  0.071925 -4.020080  0.967231
   scf:   14    -8845.290169    -8845.313650    -8845.372815  0.040270 -4.022277  0.259789
   scf:   15    -8845.314668    -8845.314202    -8845.373431  0.001112 -4.022584  0.227949
   scf:   16    -8845.310919    -8845.315215    -8845.374852  0.012022 -4.021940  0.136334
   scf:   17    -8845.316161    -8845.316106    -8845.375582  0.004812 -4.022125  0.010342
   scf:   18    -8845.316039    -8845.316080    -8845.375582  0.000650 -4.022061  0.010276
   scf:   19    -8845.316117    -8845.316106    -8845.375583  0.000662 -4.022085  0.010024
mix: Pulay -- resetting history
mix: switching mixer --> Linear-Kick
   scf:   20    -8845.316068    -8845.316091    -8845.375586  0.000466 -4.022068  0.004555
mix: switching mixer --> Pulay
   scf:   21    -8845.312862    -8845.315107    -8845.374372  0.005885 -4.022360  0.177791
   scf:   22    -8845.315870    -8845.316096    -8845.375586  0.005777 -4.022070  0.001204
   scf:   23    -8845.316096    -8845.316096    -8845.375586  0.000018 -4.022070  0.001669
   scf:   24    -8845.316098    -8845.316097    -8845.375586  0.000043 -4.022078  0.000459
   scf:   25    -8845.316097    -8845.316097    -8845.375587  0.000013 -4.022088  0.000256
   scf:   26    -8845.316097    -8845.316097    -8845.375587  0.000007 -4.022096  0.000156
   scf:   27    -8845.316098    -8845.316097    -8845.375587  0.000005 -4.022100  0.000008
   scf:   28    -8845.316097    -8845.316097    -8845.375587  0.000000 -4.022100  0.000009

SCF Convergence by DM+H criterion
max |DM_out - DM_in|         :     0.0000003495
max |H_out - H_in|      (eV) :     0.0000087642
SCF cycle converged after 28 iterations

Using DM_out to compute the final energy and forces
No. of atoms with KB's overlaping orbs in proc 0. Max # of overlaps:      85     192

siesta: E_KS(eV) =            -8845.3161

siesta: Atomic forces (eV/Ang):
     1    0.814842   -0.777929   -0.661167
     2    1.641807   -0.490144   -0.716967
     3   -0.559351    1.416124    1.159593
     4    1.192340   -1.756483    0.618602
     5   -0.286026   -1.455234    0.079810
     6    0.390599   -0.384080   -0.519134
     7   -1.572986    0.871479    1.923516
     8    2.288689    0.287725   -0.621154
     9   -0.341521   -2.123347   -0.087458
    10    0.232127   -1.547224   -0.674271
    11   -0.489695    0.737751    0.568678
    12   -1.787833   -0.612218    1.135142
    13    0.381998    0.722476   -0.182359
    14   -0.667859   -1.502340    0.220870
    15    0.217306   -0.976296   -0.278870
    16    0.458908    0.475386    0.402035
    17    0.375794   -0.784974   -0.056573
    18    0.136182    1.741931    0.610728
    19   -0.906925   -0.129711   -0.482214
    20   -0.322233    0.610466    0.012092
    21    0.211750    1.655165    0.620819
    22   -0.282753    0.043549   -0.065122
    23    0.372752   -0.991973   -0.055920
    24   -0.607112    0.227150   -0.075867
    25   -0.783324    0.833435   -0.146430
    26    0.552546   -0.220494    0.186023
    27    1.407524   -0.820787    0.191254
    28   -0.910295    0.881108   -0.059227
    29    0.327457   -0.130296    0.012527
    30    0.221784   -0.820127   -0.116609
    31   -0.020437   -0.420263    0.029265
    32    0.222562    0.334413   -0.002020
    33    0.739733    0.352003   -0.239991
    34    0.106295   -0.362164   -0.015450
    35   -0.315470    0.485210    0.017327
    36    0.116811    0.031529   -0.022489
    37   -0.400774    0.194637    0.078022
    38    0.368751    0.161466   -0.059222
    39   -0.572474   -0.079710    0.117047
    40    0.066486   -0.127669   -0.001107
    41   -0.412214    0.178015    0.063554
    42   -0.430448    0.574981    0.313567
    43   -0.493887    0.515622   -0.689428
    44   -0.902649   -0.781327   -0.454629
    45   -0.427144   -0.127754    0.219422
    46   -0.368888    0.358423    0.199928
    47   -0.318212   -0.202559   -0.034707
    48    0.414958    0.158636    0.143668
    49   -0.028679    0.175378   -0.095171
    50    0.352344   -0.027369    0.303533
    51    0.313463    0.106809    0.186740
    52   -0.297393    0.214506   -0.128357
    53   -0.056801   -0.160866    0.027674
    54    0.381637   -0.132630    0.234065
    55   -0.049870   -0.157473    0.038809
    56   -0.044136   -0.017181   -0.034235
    57    0.273013   -0.226542    0.173677
    58    0.030410   -0.016449    0.054186
    59   -0.025626   -0.026982   -0.058117
    60   -0.072761    0.181347   -0.094963
    61    0.041584    0.066634    0.018895
    62    0.320266    0.254807   -0.003762
    63   -0.138221   -0.029625    0.046210
    64   -0.075195   -0.038918    0.015055
    65   -0.022838   -0.163338    0.015473
    66    0.093558   -0.054570    0.017857
    67   -0.171553    0.092906   -0.030910
    68   -0.026781    0.022828   -0.005942
    69    0.088145    0.086601   -0.018259
    70    0.076036   -0.061673   -0.007044
    71   -1.077295   -0.198215    0.333824
    72   -0.042222    0.657508    0.319159
    73   -0.355512   -0.421599   -0.003586
    74   -0.291390    2.970960   -2.271908
    75    0.100350    0.821419   -0.119055
    76    0.242152    0.326937   -0.160805
    77    0.505895    0.041647   -0.222199
    78    1.066924   -0.274916   -0.726065
    79    0.062983   -0.187263   -0.004793
    80   -0.046763    0.136060    0.098929
    81    0.342577   -0.054942    0.189306
    82   -0.034331    0.238247    0.087845
    83    0.068378   -1.168821   -0.639565
    84   -0.184493    0.526126   -0.003493
    85   -0.470977    0.233048   -0.111720
----------------------------------------
   Tot   -0.073632   -0.042032    0.026392
----------------------------------------
   Max    2.970960
   Res    0.610414    sqrt( Sum f_i^2 / 3N )
----------------------------------------
   Max    2.970960    constrained

Stress tensor Voigt[x,y,z,yz,xz,xy] (kbar):       -0.48       -0.33        0.12       -0.09        0.25       -0.38
(Free)E + p*V (eV/cell)    -8843.6452
Target enthalpy (eV/cell)    -8845.3681

mulliken: Atomic and Orbital Populations:

Species: C                   
Atom  Qatom  Qorb
               2s      2s      2py     2pz     2px     2py     2pz     2px     
               3Pdxy   3Pdyz   3Pdz2   3Pdxz   3Pdx2-y2
   1  3.966   0.426   0.453   0.536   0.640   0.570   0.433   0.292   0.419
              0.050   0.033   0.027   0.031   0.055
   2  3.758   0.335   0.490   0.374   0.660   0.362   0.549   0.276   0.579
              0.042   0.024   0.025   0.016   0.027
   3  3.776   0.349   0.480   0.226   0.624   0.614   0.664   0.310   0.378
              0.031   0.016   0.016   0.029   0.040
   4  3.927   0.482   0.432   0.491   0.678   0.503   0.472   0.218   0.464
              0.057   0.032   0.016   0.030   0.051
   5  3.959   0.472   0.439   0.504   0.600   0.585   0.457   0.324   0.392
              0.044   0.037   0.030   0.029   0.047
   6  3.798   0.353   0.483   0.213   0.588   0.635   0.686   0.336   0.371
              0.027   0.021   0.019   0.025   0.039
   7  3.861   0.525   0.416   0.297   0.696   0.637   0.572   0.232   0.358
              0.037   0.016   0.013   0.026   0.037
   8  3.941   0.490   0.428   0.481   0.625   0.587   0.473   0.300   0.373
              0.049   0.037   0.026   0.024   0.048
   9  3.962   0.498   0.428   0.485   0.645   0.588   0.457   0.298   0.383
              0.044   0.032   0.033   0.026   0.046
  10  4.029   0.451   0.447   0.599   0.664   0.561   0.410   0.296   0.411
              0.049   0.041   0.028   0.025   0.049
  11  3.759   0.364   0.478   0.140   0.697   0.601   0.736   0.250   0.364
              0.026   0.015   0.024   0.022   0.042
  12  3.763   0.316   0.492   0.429   0.583   0.387   0.540   0.342   0.540
              0.043   0.033   0.012   0.012   0.033
  13  3.765   0.330   0.486   0.442   0.609   0.364   0.525   0.318   0.554
              0.043   0.035   0.015   0.011   0.032
  14  3.773   0.342   0.487   0.125   0.640   0.610   0.768   0.295   0.370
              0.026   0.017   0.026   0.025   0.043
  15  3.771   0.350   0.483   0.168   0.659   0.624   0.714   0.285   0.356
              0.028   0.018   0.023   0.023   0.040
  16  3.758   0.326   0.495   0.402   0.581   0.302   0.576   0.332   0.599
              0.051   0.033   0.020   0.013   0.029
  17  4.095   0.724   0.340   0.704   0.826   0.857   0.293   0.099   0.127
              0.033   0.030   0.013   0.014   0.036
  18  4.020   0.451   0.448   0.596   0.653   0.566   0.410   0.292   0.416
              0.049   0.039   0.024   0.026   0.048
  19  3.943   0.475   0.440   0.512   0.609   0.534   0.461   0.322   0.404
              0.046   0.037   0.030   0.029   0.044
  20  3.942   0.429   0.452   0.507   0.643   0.557   0.468   0.295   0.407
              0.049   0.038   0.027   0.024   0.046
  21  3.776   0.321   0.499   0.142   0.593   0.600   0.767   0.335   0.376
              0.026   0.020   0.020   0.025   0.051
  22  3.803   0.366   0.482   0.203   0.659   0.602   0.701   0.256   0.402
              0.031   0.013   0.014   0.030   0.044
  23  3.788   0.338   0.492   0.150   0.689   0.655   0.729   0.251   0.354
              0.029   0.014   0.019   0.025   0.042
  24  3.984   0.415   0.460   0.553   0.651   0.583   0.427   0.272   0.429
              0.052   0.033   0.017   0.039   0.053
  25  3.942   0.413   0.459   0.512   0.636   0.571   0.465   0.291   0.409
              0.052   0.035   0.022   0.028   0.048
  26  3.977   0.455   0.443   0.539   0.654   0.577   0.441   0.286   0.399
              0.049   0.030   0.026   0.029   0.048
  27  3.780   0.340   0.487   0.172   0.686   0.619   0.711   0.246   0.386
              0.031   0.011   0.015   0.031   0.044
  28  3.778   0.354   0.480   0.456   0.599   0.363   0.504   0.314   0.578
              0.042   0.025   0.009   0.020   0.034
  29  4.011   0.462   0.446   0.589   0.704   0.594   0.415   0.217   0.404
              0.052   0.033   0.008   0.037   0.050
  30  3.966   0.440   0.447   0.543   0.692   0.535   0.434   0.245   0.450
              0.049   0.038   0.010   0.029   0.054
  31  3.952   0.433   0.452   0.552   0.674   0.536   0.433   0.245   0.448
              0.050   0.038   0.009   0.030   0.053
  32  3.952   0.434   0.451   0.561   0.673   0.531   0.432   0.246   0.442
              0.052   0.033   0.010   0.034   0.051
  33  3.963   0.450   0.443   0.525   0.699   0.543   0.445   0.241   0.439
              0.054   0.035   0.011   0.030   0.048
  34  3.787   0.358   0.479   0.580   0.711   0.148   0.432   0.208   0.738
              0.032   0.035   0.006   0.009   0.051
  35  3.768   0.348   0.479   0.251   0.733   0.440   0.659   0.205   0.521
              0.049   0.015   0.007   0.026   0.035
  36  3.762   0.344   0.482   0.234   0.721   0.455   0.676   0.201   0.515
              0.047   0.014   0.008   0.028   0.037
  37  3.796   0.342   0.484   0.589   0.733   0.137   0.432   0.202   0.746
              0.033   0.034   0.006   0.009   0.050
  38  3.788   0.355   0.479   0.376   0.723   0.350   0.578   0.201   0.591
              0.051   0.023   0.010   0.019   0.031
  39  3.770   0.350   0.478   0.162   0.723   0.542   0.724   0.214   0.444
              0.034   0.010   0.007   0.031   0.050
  40  3.763   0.344   0.482   0.527   0.700   0.184   0.462   0.218   0.712
              0.038   0.031   0.007   0.012   0.046
  41  3.797   0.343   0.483   0.377   0.741   0.340   0.573   0.199   0.608
              0.050   0.022   0.008   0.019   0.032
  42  4.049   0.493   0.437   0.612   0.693   0.617   0.390   0.236   0.384
              0.054   0.030   0.020   0.037   0.046
  43  3.949   0.442   0.447   0.511   0.685   0.539   0.450   0.254   0.439
              0.052   0.035   0.016   0.029   0.050
  44  3.956   0.449   0.446   0.551   0.620   0.546   0.405   0.315   0.438
              0.050   0.031   0.025   0.035   0.045
  45  3.941   0.437   0.451   0.568   0.641   0.521   0.415   0.281   0.443
              0.045   0.030   0.022   0.033   0.054
  46  3.947   0.433   0.451   0.568   0.647   0.525   0.411   0.288   0.443
              0.044   0.031   0.023   0.031   0.052
  47  3.783   0.370   0.476   0.556   0.554   0.263   0.428   0.355   0.646
              0.037   0.025   0.013   0.023   0.039
  48  3.772   0.348   0.478   0.230   0.641   0.565   0.660   0.297   0.421
              0.030   0.014   0.013   0.030   0.046
  49  3.759   0.345   0.482   0.443   0.683   0.279   0.507   0.253   0.633
              0.043   0.023   0.022   0.017   0.029
  50  3.795   0.344   0.482   0.550   0.622   0.285   0.439   0.308   0.635
              0.037   0.024   0.011   0.020   0.038
  51  3.798   0.344   0.483   0.560   0.700   0.200   0.437   0.250   0.692
              0.035   0.029   0.016   0.011   0.040
  52  3.782   0.355   0.482   0.550   0.646   0.210   0.450   0.265   0.689
              0.035   0.031   0.015   0.014   0.040
  53  3.767   0.338   0.483   0.401   0.630   0.392   0.544   0.291   0.554
              0.048   0.022   0.009   0.022   0.032
  54  3.762   0.351   0.481   0.191   0.680   0.512   0.698   0.252   0.462
              0.035   0.010   0.015   0.032   0.042

Species: H                   
Atom  Qatom  Qorb
               1s      1s      2Ppy    2Ppz    2Ppx    
  55  1.240   0.905   0.228   0.032   0.031   0.043
  56  1.244   0.905   0.232   0.024   0.038   0.045
  57  1.235   0.884   0.244   0.027   0.036   0.045
  58  1.240   0.906   0.227   0.049   0.038   0.020
  59  1.246   0.908   0.231   0.022   0.033   0.051
  60  1.243   0.909   0.227   0.034   0.039   0.034
  61  1.245   0.892   0.241   0.050   0.034   0.028
  62  1.243   0.874   0.255   0.026   0.035   0.054
  63  1.240   0.885   0.244   0.021   0.033   0.056
  64  1.241   0.907   0.226   0.043   0.037   0.028
  65  1.242   0.908   0.227   0.045   0.035   0.027
  66  1.246   0.907   0.232   0.018   0.035   0.054
  67  1.248   0.888   0.244   0.038   0.033   0.045
  68  1.241   0.908   0.226   0.050   0.037   0.020
  69  1.241   0.907   0.227   0.022   0.036   0.048
  70  1.245   0.906   0.232   0.034   0.034   0.039
  71  1.255   0.885   0.249   0.038   0.034   0.049
  72  1.249   0.864   0.266   0.058   0.035   0.026
  73  1.245   0.896   0.239   0.050   0.036   0.023
  74  1.173   0.872   0.202   0.052   0.030   0.017
  75  1.247   0.879   0.252   0.054   0.036   0.027
  76  1.235   0.898   0.232   0.027   0.036   0.041
  77  1.246   0.907   0.230   0.054   0.030   0.026
  78  1.248   0.903   0.235   0.029   0.040   0.041
  79  1.244   0.825   0.293   0.059   0.041   0.026
  80  1.239   0.898   0.236   0.052   0.033   0.020
  81  1.230   0.863   0.258   0.032   0.034   0.045
  82  1.242   0.896   0.240   0.054   0.032   0.020
  83  1.266   0.885   0.253   0.062   0.037   0.029
  84  1.246   0.903   0.234   0.052   0.034   0.023
  85  1.227   0.875   0.247   0.030   0.032   0.044

mulliken: Qtot =      247.000

Mulliken Atomic Populations:
Atom #   charge [q] valence [e]  Species
     1     0.033926    3.966074  C
     2     0.241662    3.758338  C
     3     0.223510    3.776490  C
     4     0.073444    3.926556  C
     5     0.041025    3.958975  C
     6     0.202404    3.797596  C
     7     0.138670    3.861330  C
     8     0.059318    3.940682  C
     9     0.038048    3.961952  C
    10    -0.029443    4.029443  C
    11     0.241433    3.758567  C
    12     0.237392    3.762608  C
    13     0.234770    3.765230  C
    14     0.226565    3.773435  C
    15     0.229222    3.770778  C
    16     0.241666    3.758334  C
    17    -0.095083    4.095083  C
    18    -0.019623    4.019623  C
    19     0.056575    3.943425  C
    20     0.058074    3.941926  C
    21     0.224482    3.775518  C
    22     0.197284    3.802716  C
    23     0.211582    3.788418  C
    24     0.016386    3.983614  C
    25     0.058243    3.941757  C
    26     0.023252    3.976748  C
    27     0.220072    3.779928  C
    28     0.221534    3.778466  C
    29    -0.011353    4.011353  C
    30     0.034357    3.965643  C
    31     0.048416    3.951584  C
    32     0.048427    3.951573  C
    33     0.036793    3.963207  C
    34     0.212503    3.787497  C
    35     0.232114    3.767886  C
    36     0.237872    3.762128  C
    37     0.204088    3.795912  C
    38     0.212180    3.787820  C
    39     0.230010    3.769990  C
    40     0.237424    3.762576  C
    41     0.203413    3.796587  C
    42    -0.048875    4.048875  C
    43     0.051288    3.948712  C
    44     0.044227    3.955773  C
    45     0.058861    3.941139  C
    46     0.053258    3.946742  C
    47     0.216658    3.783342  C
    48     0.227920    3.772080  C
    49     0.240567    3.759433  C
    50     0.204706    3.795294  C
    51     0.202367    3.797633  C
    52     0.217666    3.782334  C
    53     0.232621    3.767379  C
    54     0.238307    3.761693  C
    55    -0.239542    1.239542  H
    56    -0.244359    1.244359  H
    57    -0.235002    1.235002  H
    58    -0.240155    1.240155  H
    59    -0.245932    1.245932  H
    60    -0.243271    1.243271  H
    61    -0.245194    1.245194  H
    62    -0.242638    1.242638  H
    63    -0.239577    1.239577  H
    64    -0.240979    1.240979  H
    65    -0.241760    1.241760  H
    66    -0.245687    1.245687  H
    67    -0.247678    1.247678  H
    68    -0.240956    1.240956  H
    69    -0.241285    1.241285  H
    70    -0.245412    1.245412  H
    71    -0.255191    1.255191  H
    72    -0.249298    1.249298  H
    73    -0.244618    1.244618  H
    74    -0.172666    1.172666  H
    75    -0.246796    1.246796  H
    76    -0.235359    1.235359  H
    77    -0.246343    1.246343  H
    78    -0.247632    1.247632  H
    79    -0.243870    1.243870  H
    80    -0.239369    1.239369  H
    81    -0.230300    1.230300  H
    82    -0.241853    1.241853  H
    83    -0.265972    1.265972  H
    84    -0.246465    1.246465  H
    85    -0.227044    1.227044  H
--------------------
 Total     0.000000

cgvc: Finished line minimization    3.  Mean atomic displacement =    0.0079

                     ====================================
                        Begin CG opt. move =     26
                     ====================================

outcoor: Atomic coordinates (Ang):                          
   -2.73323381   -1.52822190    0.69218933   1       1  C
   -2.72207608   -2.85571354    0.10465017   1       2  C
   -1.63812905   -3.30824861   -0.63115352   1       3  C
   -0.49472114   -2.47275120   -0.80789958   1       4  C
   -0.52427572   -1.04104164   -0.42327508   1       5  C
   -1.63983556   -0.66927911    0.40469384   1       6  C
    0.71095243   -3.23290723   -1.12051098   1       7  C
    1.68835441   -2.35107562   -1.64225463   1       8  C
    1.67843568   -0.82628855   -1.52217703   1       9  C
    0.61655401   -0.21371288   -0.76607156   1      10  C
    2.78068496   -2.98444134   -2.35962769   1      11  C
    3.80995637   -2.24770229   -2.94756013   1      12  C
    3.77307543   -0.84015746   -2.82228281   1      13  C
    2.77249130   -0.13010980   -2.16511964   1      14  C
   -1.64777476    4.23889712   -0.91927258   1      15  C
   -2.68034667    3.70187810   -1.69485441   1      16  C
   -2.58487394    2.35437775   -2.05312820   1      17  C
    0.63411748    1.18756508   -0.46020450   1      18  C
   -0.48269450    2.00184385   -0.84688908   1      19  C
   -0.55622830    3.40424523   -0.49459596   1      20  C
   -1.56118944    1.50452773   -1.70772385   1      21  C
    2.99498093    1.20827887    0.53257117   1      22  C
    0.49079321    4.00013694    0.23400323   1      23  C
    4.12356910    1.91542099    1.03078502   1      24  C
    1.63901355    3.24792737    0.54432487   1      25  C
    1.75206729    1.84317462    0.19883878   1      26  C
    2.71268469    3.93357987    1.17935264   1      27  C
    3.92595355    3.29309631    1.39484642   1      28  C
    5.44578973    1.36285603    1.04666778   1      29  C
    5.84859636   -0.02782393    1.14949055   1      30  C
    7.27417362   -0.12535922    0.96714241   1      31  C
    7.78760963    1.20787366    0.75599740   1      32  C
    6.67331551    2.12257436    0.82159335   1      33  C
    5.14109554   -1.23065609    1.37957420   1      34  C
    5.83565481   -2.46909498    1.38298209   1      35  C
    7.22840517   -2.52885848    1.17537179   1      36  C
    7.96450312   -1.34641664    0.96854313   1      37  C
    6.95669958    3.48201795    0.53247699   1      38  C
    8.28629940    3.89581970    0.25633733   1      39  C
    9.35180472    2.97701180    0.24053993   1      40  C
    9.10473400    1.61185412    0.48152277   1      41  C
   -3.99145797   -1.15006132    1.24006825   1      42  C
   -4.69076132    0.06543200    0.83741379   1      43  C
   -5.02156185   -2.11609870    1.56499977   1      44  C
   -6.24922184   -1.66525536    0.97526091   1      45  C
   -6.04098339   -0.30986883    0.51404778   1      46  C
   -5.00838634   -3.40247290    2.13720173   1      47  C
   -6.17532517   -4.20603605    2.08841610   1      48  C
   -7.35747836   -3.74857524    1.46895091   1      49  C
   -7.40336702   -2.46106142    0.89866946   1      50  C
   -6.95586101    0.55543602   -0.09699984   1      51  C
   -4.29410896    1.37630082    0.52795348   1      52  C
   -6.53582003    1.87041386   -0.37931422   1      53  C
   -5.22929416    2.27169811   -0.05850097   1      54  C
   -8.25349162   -4.38542737    1.43025118   2      55  H
   -8.32078914   -2.08083043    0.41877538   2      56  H
   -4.10169493   -3.76934456    2.62917129   2      57  H
   -6.15907468   -5.21254218    2.53715461   2      58  H
   -7.98385180    0.22645594   -0.32450993   2      59  H
   -7.24032181    2.57739115   -0.83607964   2      60  H
   -4.91956585    3.30945727   -0.25253225   2      61  H
   -3.29193246    1.72757815    0.78800744   2      62  H
    4.05628031   -1.22587586    1.56304111   2      63  H
    5.27569350   -3.40232835    1.55225236   2      64  H
    7.75443270   -3.49453949    1.17597713   2      65  H
    9.05342397   -1.37146013    0.80089323   2      66  H
    6.16652532    4.24243665    0.49189975   2      67  H
    8.48451183    4.95998100    0.04535684   2      68  H
   10.37548694    3.31446770    0.02037032   2      69  H
    9.92296499    0.87532207    0.44193998   2      70  H
   -3.52311221   -3.57251922    0.18832786   2      71  H
   -1.62447857    0.32912114    0.82457578   2      72  H
   -1.54610913   -4.31090898   -1.06504438   2      73  H
    0.84383515   -4.35291588   -0.62631855   2      74  H
    2.79511372    0.95253470   -2.10614920   2      75  H
    4.59024826   -0.28243060   -3.28361349   2      76  H
    2.65689809   -4.08585736   -2.41394715   2      77  H
    4.57905838   -2.79391317   -3.46347427   2      78  H
    3.11901427    0.15619049    0.25679346   2      79  H
    2.58307656    4.99263864    1.45175951   2      80  H
    4.71832474    3.87348041    1.87743561   2      81  H
    0.44731355    5.06531270    0.50249162   2      82  H
   -1.51131616    0.48081817   -2.02915445   2      83  H
   -1.61867351    5.28201790   -0.59027088   2      84  H
   -3.50888258    4.34146789   -2.00629548   2      85  H

outcell: Unit cell vectors (Ang):
       30.000000    0.000000    0.000000
        0.000000   20.000000    0.000000
        0.000000    0.000000   20.000000

outcell: Cell vector modules (Ang)   :   30.000000   20.000000   20.000000
outcell: Cell angles (23,13,12) (deg):     90.0000     90.0000     90.0000
outcell: Cell volume (Ang**3)        :  12000.0000
<dSpData1D:S at geom step 26
  <sparsity:sparsity for geom step 26
    nrows_g=857 nrows=857 sparsity=.3978 nnzs=292175, refcount: 7>
  <dData1D:(new from dSpData1D) n=292175, refcount: 1>
refcount: 1>
new_DM -- step:    27
Re-using DM from previous geometries...
Number of DMs in history: 1
 DM extrapolation coefficients: 
1   1.00000
New DM after history re-use:
<dSpData2D:SpM extrapolated using coords
  <sparsity:sparsity for geom step 26
    nrows_g=857 nrows=857 sparsity=.3978 nnzs=292175, refcount: 9>
  <dData2D:(temp array for extrapolation) n=292175 m=1, refcount: 1>
refcount: 1>
No. of atoms with KB's overlaping orbs in proc 0. Max # of overlaps:      85     192

InitMesh: MESH = 192 x 128 x 128 = 3145728
InitMesh: Mesh cutoff (required, used) =   100.000   113.204 Ry
New grid distribution [1]: sub = 2

        iscf     Eharris(eV)        E_KS(eV)     FreeEng(eV)     dDmax    Ef(eV) dHmax(eV)
   scf:    1    -8845.019351    -8845.314497    -8845.371607  0.048677 -4.027944  1.421154
   scf:    2    -8804.934023    -8832.632107    -8832.667945  0.514620 -3.555097 16.611105
   scf:    3    -8847.799516    -8843.684517    -8843.727948  0.359871 -3.994154  5.144669
   scf:    4    -8845.580583    -8844.835421    -8844.890709  0.052422 -4.006805  2.960702
   scf:    5    -8836.900163    -8841.570657    -8841.610857  0.194379 -3.966101  8.758325
   scf:    6    -8846.558845    -8844.604047    -8844.662924  0.143939 -4.007467  4.628100
   scf:    7    -8844.171386    -8845.362093    -8845.418706  0.220212 -4.024044  1.915618
   scf:    8    -8845.580785    -8845.491128    -8845.549470  0.031827 -4.021053  0.949401
   scf:    9    -8845.471095    -8845.537310    -8845.596450  0.038419 -4.016536  0.416648
mix: Pulay -- resetting history
mix: switching mixer --> Linear-Kick
   scf:   10    -8845.542842    -8845.544494    -8845.604280  0.006683 -4.017102  0.333631
mix: switching mixer --> Pulay
   scf:   11    -8837.627572    -8842.979241    -8843.021246  0.262526 -4.023607  8.068361
   scf:   12    -8843.192181    -8845.109486    -8845.169850  0.319741 -4.013743  2.328445
   scf:   13    -8845.501399    -8845.547204    -8845.606317  0.077120 -4.017851  0.274738
   scf:   14    -8845.539490    -8845.547779    -8845.607498  0.015659 -4.017310  0.208399
   scf:   15    -8845.548763    -8845.549659    -8845.609072  0.008768 -4.017830  0.060521
   scf:   16    -8845.549736    -8845.549731    -8845.609199  0.001356 -4.017853  0.018076
   scf:   17    -8845.549698    -8845.549720    -8845.609211  0.000480 -4.017904  0.002798
   scf:   18    -8845.549675    -8845.549702    -8845.609206  0.000464 -4.017874  0.011496
   scf:   19    -8845.549736    -8845.549724    -8845.609211  0.000493 -4.017901  0.003558
mix: Pulay -- resetting history
mix: switching mixer --> Linear-Kick
   scf:   20    -8845.549714    -8845.549719    -8845.609212  0.000133 -4.017893  0.000515
mix: switching mixer --> Pulay
   scf:   21    -8845.549722    -8845.549729    -8845.609196  0.000674 -4.017926  0.020333
   scf:   22    -8845.549691    -8845.549719    -8845.609212  0.000705 -4.017893  0.001632
   scf:   23    -8845.549720    -8845.549720    -8845.609212  0.000048 -4.017895  0.000095
   scf:   24    -8845.549720    -8845.549720    -8845.609212  0.000009 -4.017894  0.000052
   scf:   25    -8845.549720    -8845.549720    -8845.609212  0.000008 -4.017893  0.000096
   scf:   26    -8845.549720    -8845.549720    -8845.609212  0.000003 -4.017893  0.000015

SCF Convergence by DM+H criterion
max |DM_out - DM_in|         :     0.0000031867
max |H_out - H_in|      (eV) :     0.0000151660
SCF cycle converged after 26 iterations

Using DM_out to compute the final energy and forces
No. of atoms with KB's overlaping orbs in proc 0. Max # of overlaps:      85     192

siesta: E_KS(eV) =            -8845.5497

siesta: Atomic forces (eV/Ang):
     1    0.670096   -0.623118   -0.599266
     2    1.443255   -0.563331   -0.653857
     3   -0.345784    1.090595    0.984308
     4    0.939501   -1.551022    0.700955
     5   -0.108985   -1.419355    0.074036
     6    0.389095   -0.413032   -0.514388
     7   -1.272717    1.388795    1.530400
     8    2.007267    0.278037   -0.440834
     9   -0.222351   -2.045425   -0.131341
    10    0.107510   -1.390122   -0.581018
    11   -0.470483    0.495565    0.511302
    12   -1.534799   -0.564257    0.982810
    13    0.269264    0.570575   -0.125074
    14   -0.654320   -1.339572    0.224612
    15    0.148322   -0.804204   -0.260926
    16    0.465713    0.450477    0.393872
    17    0.360394   -0.762368   -0.063547
    18    0.142286    1.402276    0.515457
    19   -0.785860    0.025756   -0.374231
    20   -0.247059    0.462445    0.010430
    21    0.129145    1.406180    0.490153
    22   -0.262335    0.061858   -0.056597
    23    0.318657   -0.809777   -0.033969
    24   -0.505436    0.161018   -0.084027
    25   -0.622019    0.722049   -0.110524
    26    0.441907   -0.114014    0.180638
    27    1.144530   -0.627082    0.156733
    28   -0.746239    0.807697   -0.017665
    29    0.277827   -0.097869    0.029652
    30    0.194766   -0.739465   -0.120115
    31    0.026497   -0.339980    0.012318
    32    0.214721    0.236402    0.007385
    33    0.669475    0.316216   -0.231696
    34    0.079403   -0.373474   -0.011792
    35   -0.252766    0.422815    0.013666
    36    0.055864    0.062697   -0.015584
    37   -0.351013    0.149090    0.073331
    38    0.351185    0.182800   -0.062984
    39   -0.483880   -0.084890    0.105620
    40    0.000103   -0.101959    0.005801
    41   -0.350147    0.172556    0.055267
    42   -0.347316    0.519551    0.371316
    43   -0.446653    0.455420   -0.679576
    44   -0.799840   -0.690465   -0.474839
    45   -0.448193   -0.065312    0.172371
    46   -0.404896    0.291662    0.207913
    47   -0.295972   -0.225748   -0.015790
    48    0.333310    0.146324    0.121792
    49    0.027959    0.160151   -0.068777
    50    0.277785   -0.037028    0.287956
    51    0.258847    0.120897    0.170815
    52   -0.267365    0.238323   -0.122330
    53    0.001071   -0.144773    0.041505
    54    0.307916   -0.120694    0.211414
    55   -0.036427   -0.147720    0.037765
    56   -0.007759   -0.029368   -0.013522
    57    0.240828   -0.205290    0.148301
    58    0.032740   -0.007077    0.052517
    59    0.008919   -0.016476   -0.048051
    60   -0.058805    0.167090   -0.087382
    61    0.040149    0.057829    0.020704
    62    0.280061    0.234135   -0.016139
    63   -0.111958   -0.027025    0.040794
    64   -0.066246   -0.016066    0.012369
    65   -0.027852   -0.154099    0.015265
    66    0.048738   -0.048470    0.025343
    67   -0.148526    0.072049   -0.030439
    68   -0.034105    0.007933   -0.002531
    69    0.076552    0.084060   -0.016733
    70    0.037750   -0.033372   -0.004363
    71   -0.959731   -0.106364    0.311395
    72   -0.043299    0.587012    0.278578
    73   -0.396107   -0.273682    0.066798
    74   -0.259828    2.532117   -2.050385
    75    0.071053    0.605145   -0.118844
    76    0.276986    0.349604   -0.180378
    77    0.521945    0.136307   -0.212991
    78    0.864173   -0.163068   -0.592002
    79    0.068012   -0.172515    0.001397
    80   -0.017172    0.046236    0.081961
    81    0.294212   -0.083610    0.160776
    82   -0.028192    0.125475    0.059691
    83    0.061372   -0.946475   -0.572263
    84   -0.181398    0.426464   -0.034667
    85   -0.445646    0.208146   -0.102261
----------------------------------------
   Tot   -0.072318   -0.041181    0.023788
----------------------------------------
   Max    2.532117
   Res    0.534356    sqrt( Sum f_i^2 / 3N )
----------------------------------------
   Max    2.532117    constrained

Stress tensor Voigt[x,y,z,yz,xz,xy] (kbar):       -0.40       -0.11        0.12       -0.03        0.23       -0.32
(Free)E + p*V (eV/cell)    -8844.6267
Target enthalpy (eV/cell)    -8845.6017

mulliken: Atomic and Orbital Populations:

Species: C                   
Atom  Qatom  Qorb
               2s      2s      2py     2pz     2px     2py     2pz     2px     
               3Pdxy   3Pdyz   3Pdz2   3Pdxz   3Pdx2-y2
   1  3.967   0.427   0.453   0.539   0.642   0.569   0.432   0.291   0.419
              0.050   0.033   0.026   0.031   0.056
   2  3.760   0.334   0.490   0.377   0.659   0.362   0.548   0.277   0.580
              0.042   0.024   0.025   0.016   0.027
   3  3.778   0.351   0.480   0.229   0.624   0.615   0.660   0.310   0.379
              0.031   0.016   0.016   0.029   0.040
   4  3.927   0.480   0.433   0.489   0.679   0.505   0.473   0.218   0.464
              0.057   0.032   0.016   0.030   0.052
   5  3.958   0.476   0.437   0.502   0.601   0.585   0.458   0.322   0.392
              0.044   0.037   0.030   0.029   0.047
   6  3.798   0.355   0.482   0.214   0.588   0.635   0.685   0.336   0.371
              0.027   0.021   0.019   0.025   0.039
   7  3.849   0.501   0.425   0.274   0.693   0.634   0.598   0.236   0.360
              0.036   0.016   0.012   0.026   0.037
   8  3.939   0.492   0.427   0.478   0.626   0.586   0.475   0.298   0.372
              0.049   0.037   0.026   0.024   0.048
   9  3.964   0.498   0.427   0.487   0.646   0.587   0.456   0.298   0.383
              0.044   0.033   0.033   0.025   0.046
  10  4.028   0.457   0.445   0.595   0.665   0.561   0.412   0.294   0.410
              0.048   0.040   0.028   0.025   0.049
  11  3.762   0.363   0.478   0.141   0.697   0.604   0.734   0.252   0.363
              0.026   0.015   0.024   0.022   0.043
  12  3.764   0.323   0.490   0.431   0.584   0.388   0.537   0.341   0.538
              0.043   0.033   0.013   0.012   0.033
  13  3.765   0.331   0.486   0.441   0.610   0.364   0.525   0.318   0.554
              0.043   0.035   0.015   0.011   0.032
  14  3.774   0.348   0.485   0.127   0.641   0.610   0.764   0.293   0.369
              0.026   0.017   0.026   0.025   0.043
  15  3.772   0.351   0.483   0.168   0.659   0.625   0.713   0.285   0.356
              0.028   0.018   0.023   0.023   0.040
  16  3.759   0.327   0.495   0.402   0.582   0.302   0.575   0.332   0.599
              0.051   0.033   0.020   0.013   0.029
  17  4.096   0.725   0.340   0.704   0.825   0.857   0.292   0.098   0.127
              0.033   0.030   0.013   0.014   0.035
  18  4.020   0.455   0.446   0.590   0.655   0.568   0.413   0.290   0.415
              0.049   0.038   0.024   0.026   0.048
  19  3.944   0.474   0.440   0.511   0.609   0.536   0.462   0.322   0.404
              0.046   0.037   0.030   0.029   0.044
  20  3.942   0.430   0.452   0.506   0.643   0.558   0.468   0.295   0.406
              0.048   0.038   0.027   0.024   0.046
  21  3.778   0.324   0.497   0.145   0.593   0.601   0.763   0.336   0.376
              0.026   0.020   0.020   0.025   0.051
  22  3.803   0.365   0.482   0.203   0.659   0.603   0.701   0.257   0.402
              0.031   0.013   0.014   0.030   0.044
  23  3.790   0.339   0.491   0.151   0.689   0.656   0.727   0.252   0.354
              0.029   0.014   0.019   0.025   0.042
  24  3.983   0.417   0.459   0.553   0.651   0.582   0.427   0.271   0.429
              0.052   0.033   0.017   0.039   0.053
  25  3.942   0.414   0.459   0.511   0.637   0.572   0.465   0.291   0.409
              0.052   0.035   0.022   0.028   0.048
  26  3.977   0.455   0.443   0.538   0.654   0.579   0.441   0.286   0.398
              0.049   0.030   0.026   0.029   0.048
  27  3.781   0.341   0.486   0.173   0.685   0.619   0.709   0.247   0.387
              0.031   0.011   0.015   0.031   0.044
  28  3.780   0.353   0.480   0.457   0.598   0.364   0.503   0.316   0.578
              0.042   0.025   0.009   0.020   0.034
  29  4.011   0.464   0.445   0.588   0.706   0.592   0.415   0.216   0.405
              0.051   0.033   0.008   0.036   0.050
  30  3.966   0.440   0.447   0.542   0.692   0.536   0.434   0.246   0.450
              0.049   0.038   0.010   0.029   0.054
  31  3.952   0.434   0.451   0.551   0.674   0.536   0.434   0.245   0.447
              0.050   0.037   0.009   0.030   0.053
  32  3.952   0.435   0.451   0.560   0.673   0.532   0.433   0.246   0.442
              0.052   0.033   0.010   0.034   0.051
  33  3.964   0.449   0.443   0.526   0.699   0.543   0.445   0.241   0.439
              0.054   0.035   0.011   0.030   0.048
  34  3.788   0.358   0.479   0.580   0.711   0.148   0.432   0.209   0.737
              0.032   0.035   0.006   0.009   0.051
  35  3.768   0.350   0.479   0.251   0.733   0.440   0.659   0.204   0.520
              0.049   0.015   0.007   0.026   0.035
  36  3.762   0.345   0.482   0.234   0.722   0.455   0.676   0.200   0.514
              0.047   0.014   0.008   0.028   0.037
  37  3.796   0.343   0.483   0.589   0.733   0.138   0.432   0.202   0.745
              0.033   0.034   0.006   0.009   0.050
  38  3.788   0.355   0.479   0.377   0.723   0.351   0.577   0.201   0.591
              0.051   0.023   0.010   0.019   0.031
  39  3.770   0.351   0.478   0.162   0.723   0.542   0.724   0.214   0.444
              0.034   0.010   0.007   0.031   0.050
  40  3.763   0.345   0.482   0.527   0.701   0.184   0.461   0.217   0.712
              0.038   0.031   0.007   0.012   0.046
  41  3.797   0.344   0.483   0.378   0.741   0.341   0.573   0.199   0.607
              0.050   0.022   0.008   0.019   0.032
  42  4.044   0.494   0.437   0.609   0.690   0.612   0.392   0.237   0.386
              0.054   0.030   0.020   0.037   0.046
  43  3.950   0.441   0.447   0.513   0.686   0.540   0.449   0.254   0.439
              0.052   0.035   0.016   0.029   0.050
  44  3.957   0.449   0.446   0.552   0.620   0.546   0.404   0.315   0.438
              0.050   0.031   0.025   0.035   0.045
  45  3.941   0.437   0.451   0.567   0.641   0.522   0.416   0.281   0.443
              0.045   0.030   0.022   0.033   0.054
  46  3.946   0.433   0.451   0.566   0.646   0.525   0.412   0.289   0.444
              0.044   0.031   0.023   0.031   0.052
  47  3.784   0.370   0.475   0.556   0.553   0.264   0.428   0.355   0.645
              0.037   0.025   0.013   0.023   0.039
  48  3.772   0.349   0.478   0.230   0.641   0.564   0.660   0.297   0.421
              0.029   0.014   0.013   0.031   0.046
  49  3.760   0.347   0.481   0.443   0.683   0.279   0.507   0.252   0.633
              0.043   0.023   0.022   0.017   0.029
  50  3.796   0.345   0.482   0.550   0.622   0.285   0.439   0.308   0.634
              0.037   0.024   0.011   0.020   0.038
  51  3.798   0.345   0.483   0.560   0.699   0.200   0.437   0.251   0.691
              0.035   0.029   0.016   0.011   0.040
  52  3.783   0.355   0.482   0.550   0.646   0.210   0.450   0.265   0.688
              0.035   0.032   0.015   0.014   0.040
  53  3.767   0.340   0.483   0.401   0.631   0.392   0.544   0.290   0.553
              0.048   0.022   0.009   0.022   0.032
  54  3.762   0.352   0.480   0.191   0.680   0.512   0.698   0.251   0.462
              0.035   0.010   0.015   0.032   0.042

Species: H                   
Atom  Qatom  Qorb
               1s      1s      2Ppy    2Ppz    2Ppx    
  55  1.239   0.904   0.228   0.032   0.031   0.043
  56  1.244   0.905   0.232   0.024   0.038   0.045
  57  1.234   0.883   0.243   0.027   0.036   0.044
  58  1.240   0.906   0.227   0.049   0.038   0.020
  59  1.246   0.908   0.231   0.022   0.033   0.051
  60  1.243   0.909   0.227   0.034   0.039   0.034
  61  1.245   0.892   0.241   0.050   0.034   0.028
  62  1.242   0.873   0.255   0.026   0.035   0.054
  63  1.239   0.885   0.244   0.021   0.033   0.056
  64  1.241   0.907   0.226   0.043   0.037   0.028
  65  1.242   0.908   0.227   0.045   0.035   0.027
  66  1.245   0.907   0.232   0.017   0.035   0.054
  67  1.247   0.888   0.244   0.037   0.033   0.045
  68  1.241   0.908   0.226   0.050   0.037   0.020
  69  1.241   0.907   0.227   0.022   0.036   0.048
  70  1.245   0.906   0.232   0.034   0.034   0.038
  71  1.254   0.884   0.249   0.038   0.034   0.049
  72  1.249   0.863   0.266   0.059   0.035   0.026
  73  1.243   0.897   0.238   0.050   0.036   0.023
  74  1.185   0.870   0.213   0.053   0.032   0.018
  75  1.245   0.878   0.251   0.054   0.036   0.027
  76  1.236   0.898   0.233   0.027   0.037   0.041
  77  1.245   0.907   0.229   0.054   0.030   0.025
  78  1.245   0.902   0.234   0.029   0.040   0.041
  79  1.244   0.825   0.293   0.059   0.041   0.026
  80  1.239   0.898   0.235   0.052   0.033   0.020
  81  1.230   0.862   0.257   0.032   0.034   0.045
  82  1.241   0.896   0.240   0.054   0.032   0.019
  83  1.264   0.885   0.252   0.062   0.037   0.029
  84  1.246   0.903   0.233   0.052   0.034   0.023
  85  1.227   0.875   0.247   0.030   0.032   0.044

mulliken: Qtot =      247.000

Mulliken Atomic Populations:
Atom #   charge [q] valence [e]  Species
     1     0.032784    3.967216  C
     2     0.239674    3.760326  C
     3     0.221773    3.778227  C
     4     0.073027    3.926973  C
     5     0.041509    3.958491  C
     6     0.201769    3.798231  C
     7     0.151076    3.848924  C
     8     0.060627    3.939373  C
     9     0.036438    3.963562  C
    10    -0.027883    4.027883  C
    11     0.238070    3.761930  C
    12     0.235933    3.764067  C
    13     0.234826    3.765174  C
    14     0.225937    3.774063  C
    15     0.228119    3.771881  C
    16     0.241343    3.758657  C
    17    -0.095548    4.095548  C
    18    -0.019541    4.019541  C
    19     0.056212    3.943788  C
    20     0.058290    3.941710  C
    21     0.221972    3.778028  C
    22     0.196651    3.803349  C
    23     0.209934    3.790066  C
    24     0.016971    3.983029  C
    25     0.058204    3.941796  C
    26     0.023382    3.976618  C
    27     0.219370    3.780630  C
    28     0.220385    3.779615  C
    29    -0.010721    4.010721  C
    30     0.034150    3.965850  C
    31     0.048392    3.951608  C
    32     0.048412    3.951588  C
    33     0.036386    3.963614  C
    34     0.212028    3.787972  C
    35     0.231998    3.768002  C
    36     0.237741    3.762259  C
    37     0.203709    3.796291  C
    38     0.211667    3.788333  C
    39     0.229869    3.770131  C
    40     0.237285    3.762715  C
    41     0.203051    3.796949  C
    42    -0.044280    4.044280  C
    43     0.049765    3.950235  C
    44     0.043087    3.956913  C
    45     0.058840    3.941160  C
    46     0.053728    3.946272  C
    47     0.215951    3.784049  C
    48     0.228122    3.771878  C
    49     0.240456    3.759544  C
    50     0.204463    3.795537  C
    51     0.202026    3.797974  C
    52     0.217190    3.782810  C
    53     0.232589    3.767411  C
    54     0.238463    3.761537  C
    55    -0.239382    1.239382  H
    56    -0.243878    1.243878  H
    57    -0.234467    1.234467  H
    58    -0.239978    1.239978  H
    59    -0.245534    1.245534  H
    60    -0.243014    1.243014  H
    61    -0.245022    1.245022  H
    62    -0.242139    1.242139  H
    63    -0.239343    1.239343  H
    64    -0.240782    1.240782  H
    65    -0.241738    1.241738  H
    66    -0.245283    1.245283  H
    67    -0.247409    1.247409  H
    68    -0.240826    1.240826  H
    69    -0.241255    1.241255  H
    70    -0.244970    1.244970  H
    71    -0.253773    1.253773  H
    72    -0.248679    1.248679  H
    73    -0.243089    1.243089  H
    74    -0.184717    1.184717  H
    75    -0.244907    1.244907  H
    76    -0.235942    1.235942  H
    77    -0.245178    1.245178  H
    78    -0.245448    1.245448  H
    79    -0.243736    1.243736  H
    80    -0.238529    1.238529  H
    81    -0.229551    1.229551  H
    82    -0.240667    1.240667  H
    83    -0.264031    1.264031  H
    84    -0.245530    1.245530  H
    85    -0.226875    1.226875  H
--------------------
 Total    -0.000000

                     ====================================
                        Begin CG opt. move =     27
                     ====================================

outcoor: Atomic coordinates (Ang):                          
   -2.73074004   -1.53090540    0.69266518   1       1  C
   -2.72189726   -2.85645387    0.10598939   1       2  C
   -1.64124787   -3.30623841   -0.62794904   1       3  C
   -0.48934919   -2.48012575   -0.80376947   1       4  C
   -0.52654733   -1.04340269   -0.42456840   1       5  C
   -1.63989051   -0.66821420    0.40447156   1       6  C
    0.70954820   -3.24161008   -1.10911385   1       7  C
    1.69036227   -2.35642493   -1.64094718   1       8  C
    1.67674931   -0.83161516   -1.52209095   1       9  C
    0.61735199   -0.21571871   -0.76753409   1      10  C
    2.78072794   -2.98293705   -2.35745442   1      11  C
    3.80928149   -2.24833376   -2.94670067   1      12  C
    3.77539897   -0.83779520   -2.82345722   1      13  C
    2.77169996   -0.13149700   -2.16532960   1      14  C
   -1.64728022    4.23831682   -0.92018670   1      15  C
   -2.68162545    3.70244531   -1.69549043   1      16  C
   -2.58444237    2.35445875   -2.05270823   1      17  C
    0.63425843    1.19168318   -0.45850368   1      18  C
   -0.48555654    2.00047376   -0.84793144   1      19  C
   -0.55842590    3.40584415   -0.49483731   1      20  C
   -1.55934100    1.50520219   -1.70727760   1      21  C
    2.99549117    1.20673162    0.53295050   1      22  C
    0.49089715    3.99877199    0.23399771   1      23  C
    4.12263048    1.91623861    1.03089317   1      24  C
    1.63824723    3.24937988    0.54438142   1      25  C
    1.75429478    1.84246383    0.19948150   1      26  C
    2.71646011    3.93251454    1.18002832   1      27  C
    3.92642386    3.29472209    1.39488621   1      28  C
    5.44635827    1.36238193    1.04516136   1      29  C
    5.84875042   -0.02942119    1.14882305   1      30  C
    7.27340953   -0.12629587    0.96739785   1      31  C
    7.78750729    1.20930431    0.75622827   1      32  C
    6.67440465    2.12347895    0.82154800   1      33  C
    5.14013403   -1.23084680    1.37961672   1      34  C
    5.83447337   -2.46859130    1.38312626   1      35  C
    7.22893767   -2.52982854    1.17536189   1      36  C
    7.96437443   -1.34643876    0.96877386   1      37  C
    6.95612406    3.48293048    0.53259348   1      38  C
    8.28504130    3.89624158    0.25643364   1      39  C
    9.35285301    2.97717422    0.24031177   1      40  C
    9.10462273    1.61198306    0.48157313   1      41  C
   -3.99384363   -1.15096863    1.23283967   1      42  C
   -4.69193684    0.06712483    0.83679991   1      43  C
   -5.02361213   -2.11811204    1.56397890   1      44  C
   -6.24988739   -1.66554798    0.97721526   1      45  C
   -6.04135993   -0.30815245    0.51549706   1      46  C
   -5.00757413   -3.40334957    2.13744632   1      47  C
   -6.17418338   -4.20631993    2.08916688   1      48  C
   -7.35815999   -3.74899779    1.46896735   1      49  C
   -7.40331986   -2.46100890    0.89928560   1      50  C
   -6.95593909    0.55580398   -0.09673021   1      51  C
   -4.29325466    1.37727395    0.52780305   1      52  C
   -6.53651185    1.87097452   -0.37967638   1      53  C
   -5.22814928    2.27220323   -0.05821491   1      54  C
   -8.25423103   -4.38650410    1.43043338   2      55  H
   -8.32170794   -2.08071968    0.41822857   2      56  H
   -4.10015736   -3.77067642    2.63044669   2      57  H
   -6.15889302   -5.21325094    2.53770946   2      58  H
   -7.98472771    0.22608715   -0.32504426   2      59  H
   -7.24103833    2.57859433   -0.83674299   2      60  H
   -4.91905057    3.31039803   -0.25244098   2      61  H
   -3.28999379    1.72913434    0.78820487   2      62  H
    4.05465285   -1.22608757    1.56350078   2      63  H
    5.27497091   -3.40299345    1.55240631   2      64  H
    7.75463036   -3.49594184    1.17606972   2      65  H
    9.05464409   -1.37178448    0.80087584   2      66  H
    6.16485025    4.24339780    0.49177012   2      67  H
    8.48444264    4.96068658    0.04522412   2      68  H
   10.37668645    3.31505166    0.02016427   2      69  H
    9.92392124    0.87451518    0.44188745   2      70  H
   -3.52793027   -3.57324872    0.18984020   2      71  H
   -1.62420453    0.33156831    0.82598126   2      72  H
   -1.54732588   -4.31282828   -1.06510916   2      73  H
    0.84154383   -4.33291588   -0.64124227   2      74  H
    2.79544937    0.95684770   -2.10669171   2      75  H
    4.59129834   -0.28081519   -3.28436186   2      76  H
    2.65833032   -4.08752019   -2.41476953   2      77  H
    4.58412979   -2.79532320   -3.46697701   2      78  H
    3.11899601    0.15442691    0.25640766   2      79  H
    2.58250176    4.99410685    1.45252477   2      80  H
    4.72092461    3.87399585    1.87916655   2      81  H
    0.44716449    5.06738708    0.50325686   2      82  H
   -1.51056383    0.47617853   -2.03179280   2      83  H
   -1.61967496    5.28442264   -0.59027476   2      84  H
   -3.51065559    4.34323233   -2.00635126   2      85  H

outcell: Unit cell vectors (Ang):
       30.000000    0.000000    0.000000
        0.000000   20.000000    0.000000
        0.000000    0.000000   20.000000

outcell: Cell vector modules (Ang)   :   30.000000   20.000000   20.000000
outcell: Cell angles (23,13,12) (deg):     90.0000     90.0000     90.0000
outcell: Cell volume (Ang**3)        :  12000.0000
<dSpData1D:S at geom step 27
  <sparsity:sparsity for geom step 27
    nrows_g=857 nrows=857 sparsity=.3974 nnzs=291887, refcount: 7>
  <dData1D:(new from dSpData1D) n=291887, refcount: 1>
refcount: 1>
new_DM -- step:    28
Re-using DM from previous geometries...
Number of DMs in history: 1
 DM extrapolation coefficients: 
1   1.00000
New DM after history re-use:
<dSpData2D:SpM extrapolated using coords
  <sparsity:sparsity for geom step 27
    nrows_g=857 nrows=857 sparsity=.3974 nnzs=291887, refcount: 9>
  <dData2D:(temp array for extrapolation) n=291887 m=1, refcount: 1>
refcount: 1>
No. of atoms with KB's overlaping orbs in proc 0. Max # of overlaps:      85     192

InitMesh: MESH = 192 x 128 x 128 = 3145728
InitMesh: Mesh cutoff (required, used) =   100.000   113.204 Ry
New grid distribution [1]: sub = 2

        iscf     Eharris(eV)        E_KS(eV)     FreeEng(eV)     dDmax    Ef(eV) dHmax(eV)
   scf:    1    -8845.248937    -8845.519970    -8845.577100  0.046661 -4.023889  1.375235
   scf:    2    -8806.105918    -8833.109006    -8833.144845  0.511349 -3.576327 16.514262
   scf:    3    -8847.958838    -8844.065897    -8844.110609  0.366406 -3.993873  4.855174
   scf:    4    -8845.797602    -8845.129472    -8845.185745  0.051321 -4.003741  2.754702
   scf:    5    -8837.677764    -8842.078006    -8842.119490  0.188742 -3.969080  8.371906
   scf:    6    -8846.784921    -8844.999918    -8845.059436  0.149532 -4.004443  4.072396
   scf:    7    -8844.921934    -8845.639188    -8845.696611  0.185336 -4.018345  1.461301
   scf:    8    -8845.760537    -8845.718181    -8845.777138  0.031481 -4.015732  0.493914
   scf:    9    -8845.717994    -8845.732685    -8845.791813  0.015539 -4.013361  0.218448
mix: Pulay -- resetting history
mix: switching mixer --> Linear-Kick
   scf:   10    -8845.728948    -8845.733762    -8845.793453  0.010247 -4.013308  0.232352
mix: switching mixer --> Pulay
